show_id,country,country_code
s1471,United States,USA
s1473,India,IND
s1474,United States,USA
s1475,Indonesia,IDN
s1476,Indonesia,IDN
s1477,United States,USA
s1478,United States,USA
s1479,Denmark,DNK
s1479,United States,USA
s1480,Italy,ITA
s1481,United Kingdom,GBR
s1482,Taiwan,TWN
s1484,South Korea,KOR
s1485,United States,USA
s1486,United States,USA
s1486,Canada,CAN
s1487,United States,USA
s1488,Senegal,SEN
s1489,France,FRA
s1489,Algeria,DZA
s1490,India,IND
s1491,Canada,CAN
s1492,India,IND
s1493,United States,USA
s1494,Philippines,PHL
s1495,United States,USA
s1496,Indonesia,IDN
s1497,Indonesia,IDN
s1498,Philippines,PHL
s1499,United States,USA
s1500,United States,USA
s1501,Taiwan,TWN
s1502,United States,USA
s1503,United States,USA
s1504,South Korea,KOR
s1505,Netherlands,NLD
s1506,United States,USA
s1507,United Kingdom,GBR
s1507,Finland,FIN
s1507,Germany,DEU
s1507,United States,USA
s1507,Australia,AUS
s1507,Japan,JPN
s1507,France,FRA
s1507,Ireland,IRL
s1508,United Kingdom,GBR
s1509,United Kingdom,GBR
s1510,United States,USA
s1511,United States,USA
s1511,United Kingdom,GBR
s1512,Egypt,EGY
s1513,United Kingdom,GBR
s1514,United States,USA
s1515,South Africa,ZAF
s1516,United States,USA
s1517,Norway,NOR
s1518,United States,USA
s1520,Malaysia,MYS
s1521,India,IND
s1522,Malaysia,MYS
s1523,Malaysia,MYS
s1524,Colombia,COL
s1525,Canada,CAN
s1526,Indonesia,IDN
s1527,Philippines,PHL
s1528,Netherlands,NLD
s1529,South Korea,KOR
s1530,Philippines,PHL
s1531,United States,USA
s1533,Brazil,BRA
s1535,Philippines,PHL
s1535,Canada,CAN
s1535,United Kingdom,GBR
s1535,United States,USA
s1536,South Africa,ZAF
s1537,United States,USA
s1538,United States,USA
s1539,United States,USA
s1539,Japan,JPN
s1540,Japan,JPN
s1541,United States,USA
s1542,United Kingdom,GBR
s1543,India,IND
s1544,United States,USA
s1545,Canada,CAN
s1546,United States,USA
s1547,United States,USA
s1548,United States,USA
s1549,United States,USA
s1550,Ireland,IRL
s1550,France,FRA
s1550,Iceland,ISL
s1550,United States,USA
s1550,Mexico,MEX
s1550,Belgium,BEL
s1550,United Kingdom,GBR
s1550,Hong Kong,HKG
s1551,United States,USA
s1552,United Kingdom,GBR
s1552,Canada,CAN
s1552,United States,USA
s1553,United States,USA
s1554,United States,USA
s1555,Lebanon,LBN
s1556,France,FRA
s1558,United States,USA
s1559,United States,USA
s1560,Spain,ESP
s1561,United States,USA
s1562,India,IND
s1563,Japan,JPN
s1564,Canada,CAN
s1564,United States,USA
s1566,Philippines,PHL
s1567,Philippines,PHL
s1568,Philippines,PHL
s1569,Philippines,PHL
s1570,Saudi Arabia,SAU
s1571,Egypt,EGY
s1572,Italy,ITA
s1573,United States,USA
s1574,United States,USA
s1575,United States,USA
s1576,Singapore,SGP
s1577,United States,USA
s1578,Brazil,BRA
s1579,Kuwait,KWT
s1580,United States,USA
s1581,United States,USA
s1583,United States,USA
s1584,South Korea,KOR
s1585,United States,USA
s1587,France,FRA
s1588,Taiwan,TWN
s1589,Canada,CAN
s1590,India,IND
s1591,United States,USA
s1592,United States,USA
s1593,Germany,DEU
s1594,South Africa,ZAF
s1595,Turkey,TUR
s1596,United States,USA
s1598,United States,USA
s1599,Philippines,PHL
s1600,France,FRA
s1600,Belgium,BEL
s1602,Brazil,BRA
s1603,Philippines,PHL
s1604,United Kingdom,GBR
s1605,Iceland,ISL
s1606,Indonesia,IDN
s1607,Poland,POL
s1608,Germany,DEU
s1609,United States,USA
s1609,France,FRA
s1609,Serbia,SRB
s1610,United States,USA
s1611,United States,USA
s1611,Italy,ITA
s1612,United States,USA
s1613,United States,USA
s1614,United Kingdom,GBR
s1615,Spain,ESP
s1615,Italy,ITA
s1616,United States,USA
s1617,United States,USA
s1618,United States,USA
s1619,United States,USA
s1619,Ireland,IRL
s1619,United Kingdom,GBR
s1619,India,IND
s1620,United Kingdom,GBR
s1620,Singapore,SGP
s1621,Hong Kong,HKG
s1621,United States,USA
s1622,Australia,AUS
s1622,United States,USA
s1623,United States,USA
s1623,Canada,CAN
s1624,United States,USA
s1625,United States,USA
s1625,Malta,MLT
s1625,France,FRA
s1625,United Kingdom,GBR
s1626,South Korea,KOR
s1627,United States,USA
s1627,China,CHN
s1627,Canada,CAN
s1628,United States,USA
s1629,United Kingdom,GBR
s1630,Philippines,PHL
s1631,Philippines,PHL
s1632,United States,USA
s1633,United States,USA
s1634,United States,USA
s1635,South Korea,KOR
s1636,United States,USA
s1637,United States,USA
s1638,Spain,ESP
s1639,India,IND
s1640,Australia,AUS
s1641,Germany,DEU
s1642,United States,USA
s1643,Italy,ITA
s1644,South Korea,KOR
s1645,Philippines,PHL
s1646,United States,USA
s1647,United States,USA
s1648,Philippines,PHL
s1649,United Kingdom,GBR
s1650,Japan,JPN
s1651,United Kingdom,GBR
s1651,United States,USA
s1652,Canada,CAN
s1654,India,IND
s1655,Nigeria,NGA
s1656,United States,USA
s1657,United States,USA
s1658,Argentina,ARG
s1659,Egypt,EGY
s1660,United States,USA
s1661,United States,USA
s1662,South Korea,KOR
s1663,Egypt,EGY
s1664,United States,USA
s1665,United States,USA
s1665,Russia,RUS
s1666,Kenya,KEN
s1667,United States,USA
s1668,China,CHN
s1670,United States,USA
s1671,India,IND
s1672,United States,USA
s1673,United States,USA
s1674,India,IND
s1675,India,IND
s1676,India,IND
s1677,India,IND
s1678,Philippines,PHL
s1679,India,IND
s1680,India,IND
s1681,India,IND
s1682,United States,USA
s1683,Philippines,PHL
s1684,India,IND
s1685,United States,USA
s1686,United States,USA
s1686,Japan,JPN
s1687,United States,USA
s1688,United States,USA
s1689,United States,USA
s1690,United Kingdom,GBR
s1690,United States,USA
s1691,United States,USA
s1692,United States,USA
s1692,Canada,CAN
s1693,United States,USA
s1694,Japan,JPN
s1695,United States,USA
s1696,Canada,CAN
s1697,Canada,CAN
s1697,United States,USA
s1697,Ireland,IRL
s1698,United States,USA
s1699,United Kingdom,GBR
s1699,United States,USA
s1700,United States,USA
s1701,United States,USA
s1702,United States,USA
s1703,India,IND
s1704,United States,USA
s1705,Brazil,BRA
s1706,Italy,ITA
s1707,Spain,ESP
s1708,Philippines,PHL
s1709,Turkey,TUR
s1710,Philippines,PHL
s1711,United States,USA
s1712,South Korea,KOR
s1713,India,IND
s1714,Argentina,ARG
s1715,United States,USA
s1715,Canada,CAN
s1716,Brazil,BRA
s1717,Australia,AUS
s1718,United States,USA
s1719,United States,USA
s1720,Lebanon,LBN
s1720,Canada,CAN
s1720,France,FRA
s1721,Austria,AUT
s1722,United States,USA
s1723,United States,USA
s1725,Japan,JPN
s1725,Canada,CAN
s1725,United States,USA
s1726,Nigeria,NGA
s1727,United States,USA
s1728,Taiwan,TWN
s1729,Spain,ESP
s1729,France,FRA
s1729,Canada,CAN
s1730,United States,USA
s1731,Australia,AUS
s1732,United States,USA
s1733,Philippines,PHL
s1734,Argentina,ARG
s1735,Canada,CAN
s1736,Philippines,PHL
s1737,United States,USA
s1738,Egypt,EGY
s1739,Canada,CAN
s1740,Canada,CAN
s1741,Sweden,SWE
s1742,India,IND
s1743,Germany,DEU
s1744,Japan,JPN
s1747,Canada,CAN
s1748,Canada,CAN
s1748,United States,USA
s1749,United States,USA
s1750,United States,USA
s1751,United States,USA
s1752,United States,USA
s1753,United States,USA
s1754,Canada,CAN
s1755,United States,USA
s1756,United States,USA
s1757,United States,USA
s1758,United States,USA
s1759,Canada,CAN
s1760,Denmark,DNK
s1760,Singapore,SGP
s1760,Canada,CAN
s1760,United States,USA
s1761,United States,USA
s1761,France,FRA
s1761,Denmark,DNK
s1762,United States,USA
s1763,United States,USA
s1763,China,CHN
s1763,Colombia,COL
s1764,United States,USA
s1765,United Kingdom,GBR
s1765,France,FRA
s1765,Germany,DEU
s1765,United States,USA
s1766,France,FRA
s1766,United States,USA
s1767,South Korea,KOR
s1768,Spain,ESP
s1768,Thailand,THA
s1768,United States,USA
s1769,United States,USA
s1770,South Korea,KOR
s1771,United States,USA
s1772,Brazil,BRA
s1773,Norway,NOR
s1774,Australia,AUS
s1775,United States,USA
s1776,United Kingdom,GBR
s1777,Nigeria,NGA
s1778,India,IND
s1780,United States,USA
s1781,France,FRA
s1782,United States,USA
s1783,Italy,ITA
s1784,Mexico,MEX
s1784,Spain,ESP
s1785,Philippines,PHL
s1786,United States,USA
s1788,United States,USA
s1789,Poland,POL
s1790,United States,USA
s1791,United States,USA
s1792,United States,USA
s1793,Argentina,ARG
s1794,United States,USA
s1795,Taiwan,TWN
s1796,India,IND
s1797,Ireland,IRL
s1797,Luxembourg,LUX
s1797,Belgium,BEL
s1798,Australia,AUS
s1799,Brazil,BRA
s1800,Germany,DEU
s1801,United States,USA
s1802,China,CHN
s1802,United States,USA
s1803,United States,USA
s1804,Spain,ESP
s1805,United States,USA
s1806,United States,USA
s1807,Norway,NOR
s1808,Philippines,PHL
s1809,United Kingdom,GBR
s1810,Philippines,PHL
s1811,Canada,CAN
s1811,Belgium,BEL
s1812,United States,USA
s1813,Canada,CAN
s1813,United Kingdom,GBR
s1814,United States,USA
s1815,United Kingdom,GBR
s1816,Canada,CAN
s1817,United States,USA
s1818,Lebanon,LBN
s1819,Lebanon,LBN
s1820,Lebanon,LBN
s1821,Lebanon,LBN
s1821,United Arab Emirates,ARE
s1821,France,FRA
s1821,Switzerland,CHE
s1821,Germany,DEU
s1822,Lebanon,LBN
s1823,France,FRA
s1823,Belgium,BEL
s1823,Italy,ITA
s1824,Lebanon,LBN
s1825,Lebanon,LBN
s1825,United States,USA
s1825,United Arab Emirates,ARE
s1826,Lebanon,LBN
s1826,France,FRA
s1827,France,FRA
s1827,Lebanon,LBN
s1828,France,FRA
s1828,Lebanon,LBN
s1828,United Kingdom,GBR
s1830,France,FRA
s1830,Norway,NOR
s1830,Lebanon,LBN
s1830,Belgium,BEL
s1831,Lebanon,LBN
s1832,Lebanon,LBN
s1832,Canada,CAN
s1832,France,FRA
s1833,Sweden,SWE
s1833,Czech Republic,CZE
s1833,United Kingdom,GBR
s1833,Denmark,DNK
s1833,Netherlands,NLD
s1834,United States,USA
s1835,South Korea,KOR
s1836,United Kingdom,GBR
s1837,Kenya,KEN
s1838,United States,USA
s1839,United States,USA
s1840,France,FRA
s1841,Mexico,MEX
s1841,Spain,ESP
s1842,United States,USA
s1843,United States,USA
s1843,United Kingdom,GBR
s1843,India,IND
s1844,United States,USA
s1844,Russia,RUS
s1845,United States,USA
s1846,United States,USA
s1847,Egypt,EGY
s1848,United Kingdom,GBR
s1849,United States,USA
s1850,Indonesia,IDN
s1850,Netherlands,NLD
s1851,Indonesia,IDN
s1852,United States,USA
s1853,United States,USA
s1854,India,IND
s1855,United States,USA
s1856,Taiwan,TWN
s1857,United States,USA
s1858,Mexico,MEX
s1859,India,IND
s1860,United Kingdom,GBR
s1861,United States,USA
s1862,India,IND
s1863,India,IND
s1864,India,IND
s1865,United States,USA
s1866,India,IND
s1867,India,IND
s1868,United States,USA
s1869,United States,USA
s1870,India,IND
s1871,Turkey,TUR
s1871,South Korea,KOR
s1872,Canada,CAN
s1873,United States,USA
s1874,United States,USA
s1875,France,FRA
s1876,South Korea,KOR
s1877,Argentina,ARG
s1878,South Korea,KOR
s1879,United States,USA
s1879,Canada,CAN
s1880,United States,USA
s1881,Russia,RUS
s1882,United States,USA
s1883,United Kingdom,GBR
s1884,Canada,CAN
s1885,United States,USA
s1886,India,IND
s1887,United States,USA
s1887,United Kingdom,GBR
s1888,Canada,CAN
s1889,Turkey,TUR
s1892,Turkey,TUR
s1894,United States,USA
s1895,United States,USA
s1896,Australia,AUS
s1897,Nigeria,NGA
s1898,India,IND
s1899,Italy,ITA
s1900,Turkey,TUR
s1901,United States,USA
s1902,Mexico,MEX
s1903,Malaysia,MYS
s1904,Serbia,SRB
s1904,United States,USA
s1905,United States,USA
s1906,South Africa,ZAF
s1907,United States,USA
s1908,South Korea,KOR
s1909,Japan,JPN
s1910,United States,USA
s1911,Brazil,BRA
s1912,United States,USA
s1913,New Zealand,NZL
s1914,United States,USA
s1914,Mexico,MEX
s1916,Germany,DEU
s1916,Czech Republic,CZE
s1917,United States,USA
s1917,United Kingdom,GBR
s1918,Argentina,ARG
s1919,Japan,JPN
s1921,Saudi Arabia,SAU
s1922,United States,USA
s1922,Bulgaria,BGR
s1923,United States,USA
s1924,United States,USA
s1925,United States,USA
s1926,Mexico,MEX
s1927,United States,USA
s1928,Namibia,NAM
s1929,Japan,JPN
s1930,United States,USA
s1931,United Kingdom,GBR
s1931,Kenya,KEN
s1932,United States,USA
s1933,United States,USA
s1934,Australia,AUS
s1935,United States,USA
s1936,United States,USA
s1937,United States,USA
s1938,South Africa,ZAF
s1938,United States,USA
s1939,India,IND
s1940,India,IND
s1941,India,IND
s1942,India,IND
s1943,India,IND
s1944,India,IND
s1945,India,IND
s1946,India,IND
s1947,India,IND
s1948,United States,USA
s1949,United States,USA
s1950,United States,USA
s1951,India,IND
s1952,Germany,DEU
s1955,United States,USA
s1956,South Korea,KOR
s1958,United States,USA
s1958,India,IND
s1959,United States,USA
s1960,United Kingdom,GBR
s1961,United States,USA
s1962,United States,USA
s1963,United States,USA
s1964,Japan,JPN
s1965,Japan,JPN
s1966,Japan,JPN
s1967,Japan,JPN
s1968,Japan,JPN
s1970,Japan,JPN
s1971,Egypt,EGY
s1972,India,IND
s1973,India,IND
s1975,India,IND
s1976,India,IND
s1977,India,IND
s1978,India,IND
s1979,United States,USA
s1980,United States,USA
s1981,United States,USA
s1982,Indonesia,IDN
s1983,India,IND
s1985,France,FRA
s1986,United Kingdom,GBR
s1988,United States,USA
s1989,Germany,DEU
s1990,Italy,ITA
s1991,United States,USA
s1992,United Kingdom,GBR
s1992,France,FRA
s1992,Germany,DEU
s1992,Spain,ESP
s1994,Poland,POL
s1995,United States,USA
s1996,United States,USA
s1997,Spain,ESP
s1998,United Kingdom,GBR
s1998,France,FRA
s1998,United States,USA
s1998,Belgium,BEL
s1998,Luxembourg,LUX
s1998,China,CHN
s1998,Germany,DEU
s1999,United Kingdom,GBR
s2000,Thailand,THA
s2000,United States,USA
s2001,United Kingdom,GBR
s2002,France,FRA
s2002,United States,USA
s2003,United States,USA
s2004,United States,USA
s2004,France,FRA
s2004,Canada,CAN
s2004,Belgium,BEL
s2006,Nigeria,NGA
s2007,United Kingdom,GBR
s2007,China,CHN
s2008,Mexico,MEX
s2009,France,FRA
s2010,United States,USA
s2011,United States,USA
s2012,Germany,DEU
s2012,China,CHN
s2012,United Kingdom,GBR
s2013,Spain,ESP
s2014,United Kingdom,GBR
s2016,India,IND
s2017,India,IND
s2018,India,IND
s2019,India,IND
s2020,India,IND
s2021,India,IND
s2022,United States,USA
s2023,United States,USA
s2024,India,IND
s2025,Turkey,TUR
s2026,India,IND
s2027,India,IND
s2028,Indonesia,IDN
s2029,Egypt,EGY
s2030,United States,USA
s2031,India,IND
s2032,France,FRA
s2033,United States,USA
s2034,Spain,ESP
s2035,Argentina,ARG
s2036,United States,USA
s2037,South Korea,KOR
s2038,South Korea,KOR
s2039,South Africa,ZAF
s2040,Turkey,TUR
s2042,United States,USA
s2043,Australia,AUS
s2043,New Zealand,NZL
s2043,United States,USA
s2044,United Kingdom,GBR
s2045,United States,USA
s2046,United States,USA
s2047,South Africa,ZAF
s2048,United States,USA
s2049,Nigeria,NGA
s2050,Philippines,PHL
s2051,Brazil,BRA
s2052,Indonesia,IDN
s2053,United States,USA
s2054,United Kingdom,GBR
s2055,United States,USA
s2056,Germany,DEU
s2057,Germany,DEU
s2057,United States,USA
s2058,Vietnam,VNM
s2060,Hong Kong,HKG
s2060,Iceland,ISL
s2060,United States,USA
s2061,Philippines,PHL
s2062,Netherlands,NLD
s2063,Japan,JPN
s2064,United States,USA
s2065,Denmark,DNK
s2066,Japan,JPN
s2066,United States,USA
s2067,Japan,JPN
s2068,Japan,JPN
s2069,United States,USA
s2070,France,FRA
s2071,France,FRA
s2071,Australia,AUS
s2071,Germany,DEU
s2072,United States,USA
s2073,United States,USA
s2074,United States,USA
s2075,India,IND
s2076,Spain,ESP
s2077,United States,USA
s2078,Italy,ITA
s2079,Japan,JPN
s2080,United States,USA
s2080,Belgium,BEL
s2080,Canada,CAN
s2080,France,FRA
s2081,United Kingdom,GBR
s2082,Canada,CAN
s2083,India,IND
s2084,United States,USA
s2085,United States,USA
s2086,United Kingdom,GBR
s2086,United States,USA
s2087,India,IND
s2088,South Africa,ZAF
s2088,Angola,AGO
s2089,Spain,ESP
s2090,Japan,JPN
s2091,United States,USA
s2092,Taiwan,TWN
s2093,United States,USA
s2094,Colombia,COL
s2095,United States,USA
s2095,Philippines,PHL
s2096,United States,USA
s2097,United States,USA
s2098,United Kingdom,GBR
s2099,United States,USA
s2100,United States,USA
s2101,United States,USA
s2103,Nigeria,NGA
s2104,India,IND
s2105,Mexico,MEX
s2106,United States,USA
s2107,Canada,CAN
s2108,United States,USA
s2109,South Korea,KOR
s2110,United States,USA
s2111,Egypt,EGY
s2112,Argentina,ARG
s2113,United States,USA
s2114,United States,USA
s2116,United States,USA
s2117,Nigeria,NGA
s2118,Indonesia,IDN
s2119,United States,USA
s2120,Indonesia,IDN
s2121,United Kingdom,GBR
s2121,United States,USA
s2122,United States,USA
s2122,United Kingdom,GBR
s2122,Canada,CAN
s2122,China,CHN
s2123,South Korea,KOR
s2125,Denmark,DNK
s2126,Saudi Arabia,SAU
s2127,India,IND
s2128,Brazil,BRA
s2130,Canada,CAN
s2131,United States,USA
s2131,Nigeria,NGA
s2132,United Kingdom,GBR
s2133,United States,USA
s2134,United States,USA
s2135,Colombia,COL
s2136,United States,USA
s2137,Japan,JPN
s2138,France,FRA
s2139,United Kingdom,GBR
s2139,United States,USA
s2140,United States,USA
s2140,France,FRA
s2141,United States,USA
s2142,India,IND
s2143,United States,USA
s2144,United States,USA
s2145,United States,USA
s2146,Japan,JPN
s2147,United States,USA
s2149,Nigeria,NGA
s2150,United States,USA
s2150,Canada,CAN
s2150,United Kingdom,GBR
s2151,Germany,DEU
s2152,Spain,ESP
s2154,Germany,DEU
s2155,United States,USA
s2156,United States,USA
s2157,United States,USA
s2158,United States,USA
s2159,United States,USA
s2160,United States,USA
s2161,Canada,CAN
s2162,Uruguay,URY
s2163,Denmark,DNK
s2163,United States,USA
s2164,France,FRA
s2166,United States,USA
s2168,United States,USA
s2169,Brazil,BRA
s2170,United States,USA
s2171,United States,USA
s2172,United States,USA
s2173,United States,USA
s2174,United States,USA
s2175,Canada,CAN
s2176,Japan,JPN
s2177,United States,USA
s2178,Canada,CAN
s2179,Canada,CAN
s2180,Turkey,TUR
s2180,United States,USA
s2181,Japan,JPN
s2182,United States,USA
s2184,Canada,CAN
s2185,United Kingdom,GBR
s2186,Germany,DEU
s2187,India,IND
s2188,South Africa,ZAF
s2189,United States,USA
s2190,United States,USA
s2191,United States,USA
s2191,Canada,CAN
s2192,Peru,PER
s2192,Germany,DEU
s2192,Norway,NOR
s2193,United States,USA
s2194,India,IND
s2196,Nigeria,NGA
s2197,Mozambique,MOZ
s2198,Brazil,BRA
s2198,France,FRA
s2199,Poland,POL
s2200,United States,USA
s2201,United States,USA
s2202,United States,USA
s2203,United States,USA
s2204,United States,USA
s2205,India,IND
s2206,China,CHN
s2207,India,IND
s2208,China,CHN
s2208,Spain,ESP
s2208,South Korea,KOR
s2208,United States,USA
s2209,United States,USA
s2210,Nigeria,NGA
s2211,Spain,ESP
s2211,Germany,DEU
s2212,Japan,JPN
s2213,Spain,ESP
s2214,United Kingdom,GBR
s2214,United States,USA
s2215,United States,USA
s2216,South Korea,KOR
s2217,South Africa,ZAF
s2218,United States,USA
s2219,Norway,NOR
s2220,United States,USA
s2221,Hong Kong,HKG
s2221,China,CHN
s2222,United Kingdom,GBR
s2224,United Kingdom,GBR
s2225,France,FRA
s2225,Belgium,BEL
s2225,Luxembourg,LUX
s2225,Cambodia,KHM
s2226,France,FRA
s2227,Australia,AUS
s2228,United Kingdom,GBR
s2228,Australia,AUS
s2229,United States,USA
s2230,United States,USA
s2231,Brazil,BRA
s2232,Nigeria,NGA
s2233,United States,USA
s2234,France,FRA
s2234,Belgium,BEL
s2235,Nigeria,NGA
s2236,Mexico,MEX
s2238,United States,USA
s2239,Belarus,BLR
s2240,Nigeria,NGA
s2241,Italy,ITA
s2242,United States,USA
s2243,Australia,AUS
s2244,France,FRA
s2245,South Africa,ZAF
s2246,Brazil,BRA
s2247,United States,USA
s2248,Egypt,EGY
s2249,United States,USA
s2250,United States,USA
s2251,United States,USA
s2252,Belgium,BEL
s2254,Japan,JPN
s2255,Turkey,TUR
s2256,South Korea,KOR
s2257,New Zealand,NZL
s2258,United States,USA
s2259,Australia,AUS
s2260,United States,USA
s2261,United States,USA
s2261,France,FRA
s2263,United States,USA
s2263,China,CHN
s2265,India,IND
s2266,India,IND
s2267,India,IND
s2268,India,IND
s2269,India,IND
s2270,India,IND
s2271,India,IND
s2272,India,IND
s2273,India,IND
s2274,India,IND
s2275,India,IND
s2276,Thailand,THA
s2277,India,IND
s2278,India,IND
s2279,India,IND
s2280,India,IND
s2281,India,IND
s2282,India,IND
s2283,India,IND
s2284,United States,USA
s2285,India,IND
s2286,India,IND
s2287,India,IND
s2288,India,IND
s2289,India,IND
s2290,India,IND
s2291,India,IND
s2292,India,IND
s2293,India,IND
s2294,Spain,ESP
s2295,United States,USA
s2296,Indonesia,IDN
s2296,United Kingdom,GBR
s2297,Switzerland,CHE
s2297,France,FRA
s2297,Belgium,BEL
s2297,United States,USA
s2298,Japan,JPN
s2299,United States,USA
s2300,United States,USA
s2301,Ghana,GHA
s2302,United States,USA
s2303,Brazil,BRA
s2304,United States,USA
s2305,Italy,ITA
s2306,United Kingdom,GBR
s2307,Taiwan,TWN
s2308,United States,USA
s2308,Canada,CAN
s2309,Spain,ESP
s2310,Turkey,TUR
s2311,Canada,CAN
s2312,United States,USA
s2312,Germany,DEU
s2312,Canada,CAN
s2313,Turkey,TUR
s2314,United States,USA
s2315,United Kingdom,GBR
s2315,United States,USA
s2316,United States,USA
s2317,Spain,ESP
s2317,France,FRA
s2317,Canada,CAN
s2317,United States,USA
s2318,United States,USA
s2318,Mexico,MEX
s2319,France,FRA
s2320,Italy,ITA
s2321,Japan,JPN
s2322,United States,USA
s2323,Chile,CHL
s2323,Italy,ITA
s2324,United Kingdom,GBR
s2324,Nigeria,NGA
s2325,Indonesia,IDN
s2326,Nigeria,NGA
s2328,Germany,DEU
s2328,United States,USA
s2329,Australia,AUS
s2330,Colombia,COL
s2331,United States,USA
s2332,United States,USA
s2333,Nigeria,NGA
s2334,Philippines,PHL
s2335,India,IND
s2337,India,IND
s2338,South Korea,KOR
s2339,India,IND
s2340,India,IND
s2341,India,IND
s2342,United States,USA
s2343,India,IND
s2344,United Kingdom,GBR
s2345,Chile,CHL
s2346,United States,USA
s2347,United States,USA
s2348,India,IND
s2349,Nigeria,NGA
s2350,South Korea,KOR
s2351,United States,USA
s2352,Nigeria,NGA
s2353,United States,USA
s2354,India,IND
s2355,France,FRA
s2355,Egypt,EGY
s2356,United States,USA
s2357,United States,USA
s2358,United States,USA
s2359,France,FRA
s2360,Brazil,BRA
s2361,Turkey,TUR
s2362,Egypt,EGY
s2362,France,FRA
s2363,United States,USA
s2364,France,FRA
s2364,Brazil,BRA
s2364,Spain,ESP
s2364,Belgium,BEL
s2365,Japan,JPN
s2366,Egypt,EGY
s2366,Algeria,DZA
s2367,France,FRA
s2367,Egypt,EGY
s2368,Egypt,EGY
s2369,Egypt,EGY
s2370,Egypt,EGY
s2372,Philippines,PHL
s2373,Thailand,THA
s2374,Egypt,EGY
s2375,Lebanon,LBN
s2376,Egypt,EGY
s2377,Egypt,EGY
s2378,Canada,CAN
s2378,South Korea,KOR
s2378,United States,USA
s2379,United States,USA
s2380,United Kingdom,GBR
s2380,United States,USA
s2381,United States,USA
s2382,Nigeria,NGA
s2382,United Kingdom,GBR
s2383,United States,USA
s2384,United States,USA
s2385,United Kingdom,GBR
s2385,United States,USA
s2386,Argentina,ARG
s2386,Spain,ESP
s2387,Malaysia,MYS
s2388,Nigeria,NGA
s2389,United States,USA
s2390,India,IND
s2391,United States,USA
s2392,Indonesia,IDN
s2393,India,IND
s2394,United States,USA
s2396,United States,USA
s2396,France,FRA
s2396,Canada,CAN
s2397,Germany,DEU
s2398,United States,USA
s2399,Japan,JPN
s2400,Japan,JPN
s2401,Mexico,MEX
s2402,Poland,POL
s2402,United States,USA
s2403,United Arab Emirates,ARE
s2403,Jordan,JOR
s2403,Lebanon,LBN
s2403,Saudi Arabia,SAU
s2404,Saudi Arabia,SAU
s2405,Italy,ITA
s2406,United States,USA
s2407,United States,USA
s2408,United States,USA
s2409,South Korea,KOR
s2410,Brazil,BRA
s2411,South Korea,KOR
s2412,United States,USA
s2413,Poland,POL
s2414,India,IND
s2415,India,IND
s2416,United States,USA
s2416,Mexico,MEX
s2416,Spain,ESP
s2416,Malta,MLT
s2417,United States,USA
s2418,United States,USA
s2419,Egypt,EGY
s2420,United States,USA
s2421,India,IND
s2422,Nigeria,NGA
s2423,United States,USA
s2424,United States,USA
s2424,Canada,CAN
s2425,United States,USA
s2427,Japan,JPN
s2428,Turkey,TUR
s2429,Turkey,TUR
s2430,Egypt,EGY
s2431,United States,USA
s2432,United States,USA
s2434,Egypt,EGY
s2435,Egypt,EGY
s2436,Egypt,EGY
s2438,Egypt,EGY
s2439,Egypt,EGY
s2440,Egypt,EGY
s2441,Canada,CAN
s2442,Saudi Arabia,SAU
s2442,United Arab Emirates,ARE
s2443,Egypt,EGY
s2444,Egypt,EGY
s2445,Japan,JPN
s2446,India,IND
s2447,Zimbabwe,ZWE
s2448,South Korea,KOR
s2449,United Arab Emirates,ARE
s2450,Japan,JPN
s2451,Japan,JPN
s2452,Japan,JPN
s2452,United States,USA
s2453,South Korea,KOR
s2454,South Korea,KOR
s2455,United States,USA
s2456,United Kingdom,GBR
s2456,Germany,DEU
s2456,United Arab Emirates,ARE
s2456,New Zealand,NZL
s2457,Romania,ROU
s2457,United States,USA
s2458,United Arab Emirates,ARE
s2459,India,IND
s2460,United States,USA
s2461,France,FRA
s2461,Egypt,EGY
s2462,Ireland,IRL
s2463,Japan,JPN
s2464,United Arab Emirates,ARE
s2465,United Arab Emirates,ARE
s2466,Argentina,ARG
s2467,Australia,AUS
s2468,Mexico,MEX
s2468,United States,USA
s2469,Australia,AUS
s2470,China,CHN
s2471,United States,USA
s2472,United States,USA
s2473,India,IND
s2474,United States,USA
s2475,Indonesia,IDN
s2476,Indonesia,IDN
s2477,United Kingdom,GBR
s2478,Nigeria,NGA
s2479,Japan,JPN
s2480,United States,USA
s2481,Canada,CAN
s2482,Indonesia,IDN
s2483,Kuwait,KWT
s2486,Chile,CHL
s2487,South Korea,KOR
s2488,Egypt,EGY
s2491,Egypt,EGY
s2492,Egypt,EGY
s2493,Egypt,EGY
s2494,Canada,CAN
s2494,Nigeria,NGA
s2495,United States,USA
s2497,United Kingdom,GBR
s2498,United States,USA
s2499,Mexico,MEX
s2500,Colombia,COL
s2501,India,IND
s2502,Egypt,EGY
s2503,Egypt,EGY
s2504,Egypt,EGY
s2505,Egypt,EGY
s2506,Egypt,EGY
s2507,Egypt,EGY
s2508,United States,USA
s2509,United States,USA
s2510,Egypt,EGY
s2511,Egypt,EGY
s2512,Saudi Arabia,SAU
s2512,Netherlands,NLD
s2512,Germany,DEU
s2512,Jordan,JOR
s2512,United Arab Emirates,ARE
s2512,United States,USA
s2513,Egypt,EGY
s2514,Nigeria,NGA
s2515,United Kingdom,GBR
s2516,United States,USA
s2517,Kuwait,KWT
s2518,South Korea,KOR
s2519,South Korea,KOR
s2520,United States,USA
s2521,Lebanon,LBN
s2522,Spain,ESP
s2523,France,FRA
s2524,United States,USA
s2525,United States,USA
s2526,Japan,JPN
s2527,United States,USA
s2528,Thailand,THA
s2529,South Korea,KOR
s2530,Australia,AUS
s2531,United Kingdom,GBR
s2531,Spain,ESP
s2532,Indonesia,IDN
s2533,Indonesia,IDN
s2534,United Arab Emirates,ARE
s2535,India,IND
s2537,Mexico,MEX
s2538,Nigeria,NGA
s2539,Kuwait,KWT
s2540,India,IND
s2541,United States,USA
s2542,United Arab Emirates,ARE
s2543,Canada,CAN
s2544,United States,USA
s2545,India,IND
s2546,India,IND
s2547,Finland,FIN
s2547,France,FRA
s2548,United States,USA
s2549,United States,USA
s2550,United States,USA
s2551,Italy,ITA
s2552,United States,USA
s2553,Canada,CAN
s2554,United Kingdom,GBR
s2554,Germany,DEU
s2554,United States,USA
s2554,France,FRA
s2555,Canada,CAN
s2556,United Arab Emirates,ARE
s2557,Kuwait,KWT
s2558,China,CHN
s2559,Indonesia,IDN
s2560,United States,USA
s2562,United States,USA
s2563,India,IND
s2563,United Kingdom,GBR
s2563,China,CHN
s2563,Canada,CAN
s2563,Japan,JPN
s2563,South Korea,KOR
s2563,United States,USA
s2564,Brazil,BRA
s2565,India,IND
s2566,Argentina,ARG
s2567,United States,USA
s2568,Colombia,COL
s2571,United States,USA
s2572,United States,USA
s2573,United States,USA
s2574,United States,USA
s2576,United States,USA
s2577,United States,USA
s2578,United States,USA
s2579,France,FRA
s2579,Belgium,BEL
s2580,United States,USA
s2581,United States,USA
s2582,United States,USA
s2583,United States,USA
s2584,Russia,RUS
s2585,South Africa,ZAF
s2586,Italy,ITA
s2586,United Kingdom,GBR
s2586,France,FRA
s2587,Japan,JPN
s2588,India,IND
s2589,Canada,CAN
s2590,India,IND
s2591,Australia,AUS
s2591,United States,USA
s2592,United States,USA
s2593,United States,USA
s2597,United States,USA
s2597,United Kingdom,GBR
s2598,United States,USA
s2599,Japan,JPN
s2600,United States,USA
s2600,Mexico,MEX
s2600,Colombia,COL
s2601,United States,USA
s2601,Canada,CAN
s2602,Brazil,BRA
s2603,Japan,JPN
s2604,Taiwan,TWN
s2605,United States,USA
s2606,Turkey,TUR
s2607,South Korea,KOR
s2608,Nigeria,NGA
s2609,United States,USA
s2610,United Kingdom,GBR
s2611,India,IND
s2612,South Africa,ZAF
s2613,Turkey,TUR
s2614,Turkey,TUR
s2614,India,IND
s2615,Egypt,EGY
s2616,Turkey,TUR
s2617,Turkey,TUR
s2618,Italy,ITA
s2618,Turkey,TUR
s2619,Turkey,TUR
s2621,Turkey,TUR
s2622,Turkey,TUR
s2623,United States,USA
s2624,Egypt,EGY
s2625,Romania,ROU
s2626,India,IND
s2627,India,IND
s2628,United States,USA
s2629,United Kingdom,GBR
s2630,India,IND
s2631,Egypt,EGY
s2632,South Korea,KOR
s2633,United Kingdom,GBR
s2633,United States,USA
s2633,Japan,JPN
s2634,Egypt,EGY
s2635,France,FRA
s2635,Belgium,BEL
s2635,United States,USA
s2636,Egypt,EGY
s2637,Egypt,EGY
s2638,Egypt,EGY
s2639,Egypt,EGY
s2641,United Kingdom,GBR
s2643,India,IND
s2644,Turkey,TUR
s2645,India,IND
s2646,Japan,JPN
s2646,United States,USA
s2647,Indonesia,IDN
s2648,Indonesia,IDN
s2649,Mexico,MEX
s2650,Indonesia,IDN
s2651,South Korea,KOR
s2652,United States,USA
s2653,United States,USA
s2654,Poland,POL
s2655,Nigeria,NGA
s2656,Spain,ESP
s2657,Canada,CAN
s2657,United States,USA
s2657,United Kingdom,GBR
s2658,United Kingdom,GBR
s2659,Japan,JPN
s2660,United States,USA
s2661,Puerto Rico,PRI
s2661,United States,USA
s2661,Colombia,COL
s2662,United States,USA
s2663,United States,USA
s2664,India,IND
s2665,India,IND
s2666,South Korea,KOR
s2667,United States,USA
s2668,Turkey,TUR
s2669,France,FRA
s2669,Belgium,BEL
s2670,Mexico,MEX
s2671,India,IND
s2672,Germany,DEU
s2673,United States,USA
s2674,Spain,ESP
s2674,Germany,DEU
s2675,Uruguay,URY
s2675,Argentina,ARG
s2676,France,FRA
s2677,Israel,ISR
s2678,United States,USA
s2678,United Kingdom,GBR
s2678,Japan,JPN
s2679,United States,USA
s2680,Brazil,BRA
s2681,United States,USA
s2682,Turkey,TUR
s2683,Philippines,PHL
s2684,India,IND
s2685,United States,USA
s2686,India,IND
s2687,United States,USA
s2688,Nigeria,NGA
s2689,Nigeria,NGA
s2690,United States,USA
s2691,Canada,CAN
s2692,United States,USA
s2693,United States,USA
s2693,Argentina,ARG
s2694,United Kingdom,GBR
s2694,Italy,ITA
s2695,France,FRA
s2696,United States,USA
s2697,Italy,ITA
s2698,United States,USA
s2699,Japan,JPN
s2701,Philippines,PHL
s2702,United States,USA
s2703,United States,USA
s2704,United States,USA
s2705,United States,USA
s2706,United States,USA
s2707,Ireland,IRL
s2707,United Kingdom,GBR
s2708,United States,USA
s2709,Chile,CHL
s2710,United States,USA
s2711,United States,USA
s2712,Spain,ESP
s2713,United Kingdom,GBR
s2713,France,FRA
s2713,Belgium,BEL
s2713,Canada,CAN
s2713,United States,USA
s2714,Japan,JPN
s2715,Japan,JPN
s2716,India,IND
s2717,India,IND
s2717,United States,USA
s2718,India,IND
s2719,United States,USA
s2720,Sweden,SWE
s2721,India,IND
s2721,United States,USA
s2722,India,IND
s2723,India,IND
s2724,India,IND
s2725,India,IND
s2726,India,IND
s2727,India,IND
s2728,United States,USA
s2729,India,IND
s2730,India,IND
s2731,India,IND
s2732,India,IND
s2733,India,IND
s2734,India,IND
s2735,India,IND
s2736,India,IND
s2737,United Kingdom,GBR
s2738,India,IND
s2739,India,IND
s2741,Japan,JPN
s2742,India,IND
s2743,United Kingdom,GBR
s2744,United States,USA
s2745,Netherlands,NLD
s2745,Germany,DEU
s2745,Denmark,DNK
s2745,United Kingdom,GBR
s2746,United States,USA
s2747,United Kingdom,GBR
s2748,India,IND
s2749,China,CHN
s2750,United States,USA
s2751,India,IND
s2752,India,IND
s2754,United States,USA
s2755,United States,USA
s2756,Canada,CAN
s2757,India,IND
s2758,United States,USA
s2759,Canada,CAN
s2759,United States,USA
s2761,India,IND
s2762,South Korea,KOR
s2763,United States,USA
s2764,United States,USA
s2765,United States,USA
s2766,India,IND
s2767,India,IND
s2768,United States,USA
s2769,Canada,CAN
s2770,Canada,CAN
s2771,Canada,CAN
s2772,United States,USA
s2774,Hungary,HUN
s2776,Thailand,THA
s2777,Germany,DEU
s2778,Germany,DEU
s2779,United States,USA
s2780,United States,USA
s2781,Hungary,HUN
s2782,Spain,ESP
s2783,United States,USA
s2784,Austria,AUT
s2784,Germany,DEU
s2785,Taiwan,TWN
s2785,China,CHN
s2787,Argentina,ARG
s2789,United States,USA
s2789,Japan,JPN
s2790,Mexico,MEX
s2791,United States,USA
s2792,United States,USA
s2793,India,IND
s2794,United Kingdom,GBR
s2795,United Kingdom,GBR
s2796,United States,USA
s2797,Italy,ITA
s2798,France,FRA
s2799,United States,USA
s2800,Japan,JPN
s2800,United States,USA
s2801,Saudi Arabia,SAU
s2802,United States,USA
s2803,Sweden,SWE
s2804,Japan,JPN
s2805,Netherlands,NLD
s2806,United Kingdom,GBR
s2807,United States,USA
s2808,United Kingdom,GBR
s2808,United States,USA
s2808,Ireland,IRL
s2809,United States,USA
s2810,United States,USA
s2811,India,IND
s2814,United States,USA
s2816,India,IND
s2817,United States,USA
s2818,South Africa,ZAF
s2819,Norway,NOR
s2820,Australia,AUS
s2821,United States,USA
s2822,South Korea,KOR
s2822,United States,USA
s2823,United States,USA
s2824,Turkey,TUR
s2825,Iceland,ISL
s2826,United States,USA
s2827,United States,USA
s2828,Brazil,BRA
s2828,United Kingdom,GBR
s2829,Canada,CAN
s2829,United States,USA
s2830,United States,USA
s2831,Pakistan,PAK
s2831,United States,USA
s2833,South Africa,ZAF
s2834,India,IND
s2835,France,FRA
s2836,United States,USA
s2837,United States,USA
s2838,Spain,ESP
s2839,United States,USA
s2840,Nigeria,NGA
s2842,India,IND
s2843,Thailand,THA
s2844,Romania,ROU
s2844,France,FRA
s2844,Switzerland,CHE
s2844,Germany,DEU
s2845,United States,USA
s2846,Romania,ROU
s2847,Spain,ESP
s2848,United States,USA
s2848,Canada,CAN
s2849,Brazil,BRA
s2850,United States,USA
s2851,India,IND
s2852,South Africa,ZAF
s2853,United Kingdom,GBR
s2854,United States,USA
s2855,Japan,JPN
s2856,Germany,DEU
s2857,India,IND
s2860,United States,USA
s2861,United Kingdom,GBR
s2861,United States,USA
s2861,France,FRA
s2862,United States,USA
s2863,South Africa,ZAF
s2864,United States,USA
s2866,France,FRA
s2867,United Kingdom,GBR
s2867,Canada,CAN
s2867,United States,USA
s2868,United States,USA
s2869,Colombia,COL
s2870,India,IND
s2871,South Africa,ZAF
s2872,Spain,ESP
s2873,Mexico,MEX
s2874,India,IND
s2875,United States,USA
s2876,Japan,JPN
s2877,Japan,JPN
s2878,Saudi Arabia,SAU
s2879,Nigeria,NGA
s2880,Nigeria,NGA
s2881,United States,USA
s2882,Nigeria,NGA
s2883,Nigeria,NGA
s2884,United States,USA
s2886,Nigeria,NGA
s2887,United States,USA
s2888,United States,USA
s2889,South Korea,KOR
s2890,United States,USA
s2891,Canada,CAN
s2892,United States,USA
s2893,South Korea,KOR
s2895,Argentina,ARG
s2896,Germany,DEU
s2897,India,IND
s2898,United States,USA
s2899,India,IND
s2900,South Africa,ZAF
s2901,Brazil,BRA
s2902,Romania,ROU
s2902,United Kingdom,GBR
s2903,United States,USA
s2904,France,FRA
s2904,Malta,MLT
s2904,United States,USA
s2905,United States,USA
s2906,United States,USA
s2907,Nigeria,NGA
s2908,United States,USA
s2909,United States,USA
s2911,Cyprus,CYP
s2912,United Kingdom,GBR
s2912,France,FRA
s2912,Belgium,BEL
s2912,Ireland,IRL
s2912,United States,USA
s2913,Philippines,PHL
s2914,Poland,POL
s2915,Germany,DEU
s2916,South Africa,ZAF
s2917,India,IND
s2918,India,IND
s2919,Nigeria,NGA
s2920,Japan,JPN
s2921,United States,USA
s2922,Mexico,MEX
s2922,United States,USA
s2924,Thailand,THA
s2925,South Africa,ZAF
s2926,United States,USA
s2927,United States,USA
s2928,United States,USA
s2929,United States,USA
s2930,Mexico,MEX
s2931,Indonesia,IDN
s2932,United States,USA
s2933,United States,USA
s2934,United States,USA
s2934,Norway,NOR
s2934,Canada,CAN
s2935,Poland,POL
s2935,United States,USA
s2936,India,IND
s2937,Ghana,GHA
s2938,United States,USA
s2939,Nigeria,NGA
s2940,United States,USA
s2941,India,IND
s2942,Canada,CAN
s2942,United States,USA
s2944,United States,USA
s2945,United States,USA
s2946,Japan,JPN
s2947,Kenya,KEN
s2947,United States,USA
s2948,United States,USA
s2949,United States,USA
s2950,United States,USA
s2951,United States,USA
s2952,United States,USA
s2953,United States,USA
s2954,United States,USA
s2955,India,IND
s2956,Spain,ESP
s2957,United States,USA
s2958,India,IND
s2959,Japan,JPN
s2960,South Korea,KOR
s2961,United States,USA
s2962,Canada,CAN
s2962,South Africa,ZAF
s2963,France,FRA
s2963,South Korea,KOR
s2963,Japan,JPN
s2963,United States,USA
s2964,Netherlands,NLD
s2965,United Kingdom,GBR
s2966,Japan,JPN
s2967,Japan,JPN
s2968,United States,USA
s2969,United States,USA
s2970,India,IND
s2971,Japan,JPN
s2972,Mexico,MEX
s2973,France,FRA
s2974,Nigeria,NGA
s2975,Italy,ITA
s2976,United States,USA
s2977,Spain,ESP
s2978,Japan,JPN
s2979,United States,USA
s2980,United Kingdom,GBR
s2981,United States,USA
s2982,France,FRA
s2982,Belgium,BEL
s2984,United Kingdom,GBR
s2985,Brazil,BRA
s2986,India,IND
s2987,India,IND
s2988,India,IND
s2989,United States,USA
s2990,Taiwan,TWN
s2991,South Africa,ZAF
s2993,Nigeria,NGA
s2994,United States,USA
s2995,United States,USA
s2996,United States,USA
s2997,Mexico,MEX
s2998,United States,USA
s2999,Japan,JPN
s3000,Taiwan,TWN
s3000,Malaysia,MYS
s3001,United States,USA
s3002,United States,USA
s3003,Uruguay,URY
s3003,Argentina,ARG
s3003,Germany,DEU
s3003,Spain,ESP
s3004,United States,USA
s3005,India,IND
s3006,United States,USA
s3007,India,IND
s3008,United States,USA
s3009,United States,USA
s3009,United Kingdom,GBR
s3009,France,FRA
s3009,Germany,DEU
s3009,Japan,JPN
s3010,United States,USA
s3011,Netherlands,NLD
s3012,Canada,CAN
s3013,Germany,DEU
s3014,United States,USA
s3015,United States,USA
s3016,China,CHN
s3017,United States,USA
s3017,France,FRA
s3017,Japan,JPN
s3018,United States,USA
s3019,United Kingdom,GBR
s3019,France,FRA
s3019,United States,USA
s3020,Japan,JPN
s3021,Japan,JPN
s3022,United Kingdom,GBR
s3022,United States,USA
s3023,India,IND
s3024,Spain,ESP
s3024,France,FRA
s3024,United States,USA
s3025,United States,USA
s3026,Austria,AUT
s3027,United States,USA
s3028,United States,USA
s3029,France,FRA
s3030,Poland,POL
s3032,United States,USA
s3033,India,IND
s3034,United States,USA
s3035,United Kingdom,GBR
s3036,United States,USA
s3037,India,IND
s3038,United States,USA
s3039,United Kingdom,GBR
s3040,Australia,AUS
s3041,France,FRA
s3042,United States,USA
s3043,United States,USA
s3044,United States,USA
s3045,Spain,ESP
s3046,United Kingdom,GBR
s3047,Mexico,MEX
s3048,Canada,CAN
s3049,India,IND
s3050,United States,USA
s3051,Belgium,BEL
s3052,Indonesia,IDN
s3052,South Korea,KOR
s3052,Singapore,SGP
s3053,South Korea,KOR
s3054,Canada,CAN
s3055,United Kingdom,GBR
s3056,Japan,JPN
s3058,United States,USA
s3059,United States,USA
s3059,South Korea,KOR
s3060,South Korea,KOR
s3060,United States,USA
s3061,India,IND
s3062,United States,USA
s3063,United States,USA
s3063,Spain,ESP
s3064,South Korea,KOR
s3066,United States,USA
s3067,Netherlands,NLD
s3067,Germany,DEU
s3067,Italy,ITA
s3067,Canada,CAN
s3068,Spain,ESP
s3068,Germany,DEU
s3068,Denmark,DNK
s3068,United States,USA
s3069,Mexico,MEX
s3069,Spain,ESP
s3070,Japan,JPN
s3071,Indonesia,IDN
s3072,South Korea,KOR
s3074,United States,USA
s3075,South Korea,KOR
s3076,United States,USA
s3077,South Korea,KOR
s3078,India,IND
s3079,India,IND
s3080,Japan,JPN
s3081,United States,USA
s3082,United States,USA
s3083,Norway,NOR
s3083,Sweden,SWE
s3085,South Korea,KOR
s3085,Canada,CAN
s3085,United States,USA
s3085,China,CHN
s3086,South Korea,KOR
s3088,China,CHN
s3089,Japan,JPN
s3090,Japan,JPN
s3091,South Africa,ZAF
s3092,Argentina,ARG
s3092,Uruguay,URY
s3092,Serbia,SRB
s3093,United States,USA
s3095,Italy,ITA
s3096,France,FRA
s3097,United States,USA
s3098,United States,USA
s3099,Japan,JPN
s3100,United States,USA
s3101,Israel,ISR
s3101,United States,USA
s3102,France,FRA
s3102,Japan,JPN
s3103,United States,USA
s3104,Japan,JPN
s3105,Mexico,MEX
s3106,United States,USA
s3107,United States,USA
s3108,United States,USA
s3109,United States,USA
s3110,Australia,AUS
s3111,Nigeria,NGA
s3112,Mauritius,MUS
s3112,South Africa,ZAF
s3113,Nigeria,NGA
s3115,Nigeria,NGA
s3117,United Kingdom,GBR
s3117,Italy,ITA
s3118,United States,USA
s3118,Poland,POL
s3119,United States,USA
s3119,Mexico,MEX
s3120,France,FRA
s3121,Poland,POL
s3122,United Kingdom,GBR
s3122,United States,USA
s3123,United States,USA
s3124,United States,USA
s3125,Bangladesh,BGD
s3126,United Kingdom,GBR
s3126,United States,USA
s3126,Germany,DEU
s3126,Denmark,DNK
s3126,Belgium,BEL
s3126,Japan,JPN
s3127,India,IND
s3128,South Korea,KOR
s3129,United States,USA
s3130,South Korea,KOR
s3131,Nigeria,NGA
s3132,India,IND
s3133,India,IND
s3134,India,IND
s3135,India,IND
s3135,Germany,DEU
s3136,India,IND
s3137,India,IND
s3138,Japan,JPN
s3140,India,IND
s3141,Nigeria,NGA
s3142,India,IND
s3143,India,IND
s3144,India,IND
s3145,Ghana,GHA
s3146,India,IND
s3147,United States,USA
s3148,India,IND
s3149,United States,USA
s3150,India,IND
s3151,United States,USA
s3152,Nigeria,NGA
s3153,South Africa,ZAF
s3154,Nigeria,NGA
s3156,Taiwan,TWN
s3158,United Kingdom,GBR
s3159,India,IND
s3159,United Kingdom,GBR
s3159,Canada,CAN
s3159,United States,USA
s3160,Egypt,EGY
s3161,United States,USA
s3162,United States,USA
s3163,United States,USA
s3164,India,IND
s3165,Brazil,BRA
s3166,United States,USA
s3167,Nigeria,NGA
s3169,United States,USA
s3170,United Kingdom,GBR
s3170,United States,USA
s3171,Japan,JPN
s3172,Nigeria,NGA
s3173,United States,USA
s3174,Japan,JPN
s3175,Brazil,BRA
s3176,United States,USA
s3177,Spain,ESP
s3179,Nigeria,NGA
s3180,United Kingdom,GBR
s3180,Nigeria,NGA
s3181,United States,USA
s3182,United States,USA
s3183,United States,USA
s3184,United States,USA
s3185,China,CHN
s3186,Colombia,COL
s3187,United States,USA
s3188,United States,USA
s3189,United States,USA
s3190,India,IND
s3191,United States,USA
s3192,Philippines,PHL
s3192,United States,USA
s3193,United States,USA
s3194,India,IND
s3195,Australia,AUS
s3196,India,IND
s3197,India,IND
s3198,United Kingdom,GBR
s3199,India,IND
s3201,Thailand,THA
s3202,India,IND
s3203,France,FRA
s3204,Romania,ROU
s3204,Bulgaria,BGR
s3204,Hungary,HUN
s3205,South Korea,KOR
s3206,Uruguay,URY
s3206,Guatemala,GTM
s3207,India,IND
s3208,France,FRA
s3208,Senegal,SEN
s3208,Belgium,BEL
s3209,United Kingdom,GBR
s3209,Canada,CAN
s3210,Nigeria,NGA
s3211,France,FRA
s3212,South Africa,ZAF
s3213,Mexico,MEX
s3213,United States,USA
s3213,Spain,ESP
s3213,Colombia,COL
s3215,Nigeria,NGA
s3216,Nigeria,NGA
s3218,Nigeria,NGA
s3219,United States,USA
s3220,Japan,JPN
s3221,Brazil,BRA
s3222,United States,USA
s3223,France,FRA
s3224,United States,USA
s3225,India,IND
s3227,Canada,CAN
s3227,Norway,NOR
s3228,United States,USA
s3229,United States,USA
s3230,United States,USA
s3231,Poland,POL
s3233,Mexico,MEX
s3234,India,IND
s3235,Spain,ESP
s3236,United States,USA
s3237,China,CHN
s3238,France,FRA
s3239,United States,USA
s3240,Japan,JPN
s3241,United States,USA
s3242,United States,USA
s3243,United States,USA
s3244,Brazil,BRA
s3245,United States,USA
s3246,Singapore,SGP
s3246,United States,USA
s3247,United States,USA
s3247,Canada,CAN
s3248,United States,USA
s3249,United States,USA
s3250,Thailand,THA
s3251,United States,USA
s3252,India,IND
s3253,Germany,DEU
s3254,Mexico,MEX
s3255,India,IND
s3256,France,FRA
s3257,United States,USA
s3259,Taiwan,TWN
s3260,Finland,FIN
s3260,Germany,DEU
s3260,Belgium,BEL
s3261,United States,USA
s3262,United Kingdom,GBR
s3262,France,FRA
s3263,United States,USA
s3263,Chile,CHL
s3264,Taiwan,TWN
s3265,United Kingdom,GBR
s3265,Japan,JPN
s3265,United States,USA
s3266,Colombia,COL
s3267,Argentina,ARG
s3268,India,IND
s3269,India,IND
s3270,United States,USA
s3271,South Korea,KOR
s3272,Japan,JPN
s3273,Japan,JPN
s3274,Spain,ESP
s3274,United Kingdom,GBR
s3275,Taiwan,TWN
s3276,United States,USA
s3277,Taiwan,TWN
s3278,South Korea,KOR
s3279,India,IND
s3279,United States,USA
s3280,Mexico,MEX
s3281,Japan,JPN
s3282,Thailand,THA
s3283,United States,USA
s3284,Turkey,TUR
s3286,France,FRA
s3287,Thailand,THA
s3288,Argentina,ARG
s3288,United States,USA
s3288,Mexico,MEX
s3289,South Korea,KOR
s3290,United States,USA
s3291,United States,USA
s3292,China,CHN
s3293,United States,USA
s3294,India,IND
s3295,United Kingdom,GBR
s3296,United Kingdom,GBR
s3296,Canada,CAN
s3296,United States,USA
s3297,United States,USA
s3298,France,FRA
s3299,Colombia,COL
s3300,India,IND
s3301,United States,USA
s3302,Japan,JPN
s3303,China,CHN
s3303,Hong Kong,HKG
s3304,Brazil,BRA
s3305,United States,USA
s3306,United States,USA
s3307,United Kingdom,GBR
s3308,United States,USA
s3309,South Korea,KOR
s3310,United States,USA
s3311,United Kingdom,GBR
s3312,United States,USA
s3313,India,IND
s3314,United States,USA
s3315,United States,USA
s3316,United States,USA
s3317,United States,USA
s3318,United States,USA
s3318,Canada,CAN
s3319,United States,USA
s3320,United States,USA
s3320,South Korea,KOR
s3320,Japan,JPN
s3321,United States,USA
s3321,Canada,CAN
s3322,United States,USA
s3323,United States,USA
s3324,United States,USA
s3324,Canada,CAN
s3325,United States,USA
s3326,United States,USA
s3327,Spain,ESP
s3328,United States,USA
s3329,France,FRA
s3330,United States,USA
s3331,United States,USA
s3332,United States,USA
s3333,United Kingdom,GBR
s3334,Japan,JPN
s3335,India,IND
s3336,United States,USA
s3337,Japan,JPN
s3338,United States,USA
s3339,United States,USA
s3340,Japan,JPN
s3341,Japan,JPN
s3342,Japan,JPN
s3343,United States,USA
s3343,Japan,JPN
s3344,United States,USA
s3345,United States,USA
s3346,Canada,CAN
s3346,Australia,AUS
s3348,United Kingdom,GBR
s3348,Hungary,HUN
s3348,Australia,AUS
s3349,Italy,ITA
s3349,Belgium,BEL
s3350,Mexico,MEX
s3351,Canada,CAN
s3352,Argentina,ARG
s3352,Spain,ESP
s3353,Germany,DEU
s3354,Mexico,MEX
s3355,Argentina,ARG
s3356,United States,USA
s3356,Japan,JPN
s3357,Taiwan,TWN
s3359,South Korea,KOR
s3360,India,IND
s3361,South Korea,KOR
s3363,United States,USA
s3364,United States,USA
s3365,United States,USA
s3366,Mexico,MEX
s3366,United States,USA
s3367,United Kingdom,GBR
s3368,China,CHN
s3369,China,CHN
s3370,United States,USA
s3371,Brazil,BRA
s3372,Turkey,TUR
s3373,United States,USA
s3374,Spain,ESP
s3375,United States,USA
s3375,United Kingdom,GBR
s3375,Germany,DEU
s3376,Argentina,ARG
s3378,France,FRA
s3379,Spain,ESP
s3380,United States,USA
s3381,Switzerland,CHE
s3382,China,CHN
s3383,United States,USA
s3384,United States,USA
s3385,Singapore,SGP
s3385,Malaysia,MYS
s3386,United States,USA
s3387,United States,USA
s3388,Hong Kong,HKG
s3388,China,CHN
s3389,United States,USA
s3390,United Kingdom,GBR
s3392,France,FRA
s3392,Belgium,BEL
s3392,Luxembourg,LUX
s3392,Romania,ROU
s3392,Canada,CAN
s3392,United States,USA
s3393,South Africa,ZAF
s3393,Nigeria,NGA
s3399,United States,USA
s3401,United Kingdom,GBR
s3402,United Kingdom,GBR
s3403,Turkey,TUR
s3404,India,IND
s3406,Spain,ESP
s3407,United States,USA
s3408,Nigeria,NGA
s3409,United Kingdom,GBR
s3410,United States,USA
s3411,Netherlands,NLD
s3412,Nigeria,NGA
s3413,India,IND
s3414,Indonesia,IDN
s3415,China,CHN
s3416,Australia,AUS
s3417,South Korea,KOR
s3418,United States,USA
s3419,United States,USA
s3420,South Korea,KOR
s3421,South Korea,KOR
s3422,United States,USA
s3422,United Kingdom,GBR
s3423,United States,USA
s3424,Turkey,TUR
s3425,Canada,CAN
s3426,France,FRA
s3427,South Korea,KOR
s3428,Turkey,TUR
s3429,United States,USA
s3430,United States,USA
s3431,United States,USA
s3432,Nigeria,NGA
s3433,Japan,JPN
s3434,France,FRA
s3435,Spain,ESP
s3435,France,FRA
s3438,Japan,JPN
s3439,United States,USA
s3440,United States,USA
s3441,United States,USA
s3442,United States,USA
s3443,United States,USA
s3444,Indonesia,IDN
s3445,Mexico,MEX
s3446,South Korea,KOR
s3447,India,IND
s3448,United Kingdom,GBR
s3448,Hong Kong,HKG
s3449,Turkey,TUR
s3450,United Kingdom,GBR
s3450,Canada,CAN
s3451,Canada,CAN
s3451,United States,USA
s3452,Turkey,TUR
s3453,United Kingdom,GBR
s3454,United States,USA
s3455,United States,USA
s3457,United States,USA
s3458,United States,USA
s3459,United States,USA
s3460,Mexico,MEX
s3461,United States,USA
s3462,South Korea,KOR
s3463,South Korea,KOR
s3464,India,IND
s3465,India,IND
s3466,Netherlands,NLD
s3467,India,IND
s3468,India,IND
s3469,India,IND
s3471,South Korea,KOR
s3472,United States,USA
s3473,Germany,DEU
s3473,United States,USA
s3474,South Korea,KOR
s3475,South Korea,KOR
s3476,United States,USA
s3477,United States,USA
s3478,United States,USA
s3479,United Kingdom,GBR
s3481,Japan,JPN
s3482,India,IND
s3483,Turkey,TUR
s3484,Argentina,ARG
s3485,United States,USA
s3485,Canada,CAN
s3486,United States,USA
s3487,India,IND
s3488,Hong Kong,HKG
s3488,China,CHN
s3489,Mexico,MEX
s3490,United States,USA
s3491,United States,USA
s3491,Mexico,MEX
s3492,Australia,AUS
s3495,United States,USA
s3496,United States,USA
s3497,India,IND
s3498,United States,USA
s3499,India,IND
s3500,South Korea,KOR
s3501,United States,USA
s3503,Germany,DEU
s3504,Spain,ESP
s3505,United States,USA
s3506,United States,USA
s3507,Spain,ESP
s3508,Turkey,TUR
s3509,Canada,CAN
s3510,India,IND
s3511,South Korea,KOR
s3512,United Kingdom,GBR
s3513,United States,USA
s3514,United States,USA
s3515,United States,USA
s3516,United States,USA
s3517,India,IND
s3518,United States,USA
s3519,United States,USA
s3520,Japan,JPN
s3521,Turkey,TUR
s3522,France,FRA
s3523,China,CHN
s3524,United States,USA
s3526,United States,USA
s3527,United States,USA
s3528,United States,USA
s3529,United States,USA
s3529,United Kingdom,GBR
s3530,United Kingdom,GBR
s3531,India,IND
s3532,India,IND
s3533,India,IND
s3534,Turkey,TUR
s3535,France,FRA
s3536,United States,USA
s3537,Pakistan,PAK
s3538,India,IND
s3539,Brazil,BRA
s3539,United States,USA
s3541,United States,USA
s3542,Japan,JPN
s3543,Denmark,DNK
s3543,Brazil,BRA
s3543,France,FRA
s3543,Portugal,PRT
s3543,Sweden,SWE
s3544,United Kingdom,GBR
s3545,United States,USA
s3546,United Arab Emirates,ARE
s3547,China,CHN
s3547,United Kingdom,GBR
s3549,Colombia,COL
s3550,Chile,CHL
s3552,United Kingdom,GBR
s3552,United States,USA
s3553,Colombia,COL
s3554,United States,USA
s3554,Canada,CAN
s3555,Spain,ESP
s3556,United States,USA
s3557,Brazil,BRA
s3558,United States,USA
s3559,United Kingdom,GBR
s3560,United States,USA
s3561,Hong Kong,HKG
s3562,United States,USA
s3564,India,IND
s3565,India,IND
s3566,China,CHN
s3566,Taiwan,TWN
s3567,India,IND
s3568,United States,USA
s3570,India,IND
s3570,Turkey,TUR
s3572,United States,USA
s3573,Philippines,PHL
s3574,United Kingdom,GBR
s3575,United Kingdom,GBR
s3576,Spain,ESP
s3577,Argentina,ARG
s3578,Russia,RUS
s3579,United States,USA
s3580,Colombia,COL
s3581,South Korea,KOR
s3581,United States,USA
s3582,United States,USA
s3583,United States,USA
s3584,United States,USA
s3585,Canada,CAN
s3586,China,CHN
s3587,Spain,ESP
s3588,Spain,ESP
s3589,United States,USA
s3589,Japan,JPN
s3590,India,IND
s3590,United States,USA
s3591,Taiwan,TWN
s3592,Brazil,BRA
s3594,India,IND
s3595,India,IND
s3596,United States,USA
s3597,Mexico,MEX
s3598,United States,USA
s3599,United States,USA
s3601,United States,USA
s3602,United States,USA
s3603,India,IND
s3604,United States,USA
s3605,Brazil,BRA
s3606,United States,USA
s3607,South Korea,KOR
s3608,Lebanon,LBN
s3609,United States,USA
s3610,Malaysia,MYS
s3610,Singapore,SGP
s3610,Hong Kong,HKG
s3611,South Korea,KOR
s3612,South Korea,KOR
s3613,South Korea,KOR
s3614,South Korea,KOR
s3615,South Korea,KOR
s3616,United States,USA
s3617,India,IND
s3618,United States,USA
s3619,Philippines,PHL
s3620,United States,USA
s3621,United States,USA
s3622,United States,USA
s3623,United States,USA
s3624,United States,USA
s3624,Japan,JPN
s3625,United States,USA
s3626,Mexico,MEX
s3627,Netherlands,NLD
s3628,United States,USA
s3630,United Kingdom,GBR
s3630,United States,USA
s3631,India,IND
s3632,India,IND
s3633,Thailand,THA
s3634,Australia,AUS
s3635,Canada,CAN
s3637,United States,USA
s3638,Spain,ESP
s3639,Philippines,PHL
s3639,Singapore,SGP
s3640,France,FRA
s3640,Belgium,BEL
s3641,South Korea,KOR
s3642,Argentina,ARG
s3643,United States,USA
s3644,United States,USA
s3645,Australia,AUS
s3645,Canada,CAN
s3646,United States,USA
s3647,United States,USA
s3648,Hong Kong,HKG
s3649,Hong Kong,HKG
s3650,Hong Kong,HKG
s3650,China,CHN
s3651,Hong Kong,HKG
s3651,China,CHN
s3652,Hong Kong,HKG
s3653,Spain,ESP
s3654,United States,USA
s3655,United States,USA
s3656,India,IND
s3657,South Korea,KOR
s3658,United States,USA
s3659,India,IND
s3660,United States,USA
s3661,China,CHN
s3662,India,IND
s3663,United States,USA
s3664,Japan,JPN
s3665,Japan,JPN
s3666,Japan,JPN
s3667,Japan,JPN
s3668,United States,USA
s3669,Spain,ESP
s3670,Sweden,SWE
s3671,Taiwan,TWN
s3671,China,CHN
s3671,France,FRA
s3671,United States,USA
s3673,Germany,DEU
s3674,South Korea,KOR
s3676,France,FRA
s3676,United States,USA
s3677,Germany,DEU
s3677,Italy,ITA
s3679,Spain,ESP
s3680,United States,USA
s3681,United States,USA
s3682,Argentina,ARG
s3683,China,CHN
s3684,United States,USA
s3686,United States,USA
s3687,United States,USA
s3688,Australia,AUS
s3689,Thailand,THA
s3690,Thailand,THA
s3691,South Korea,KOR
s3692,United States,USA
s3693,United States,USA
s3694,United States,USA
s3695,France,FRA
s3696,France,FRA
s3697,Japan,JPN
s3698,United States,USA
s3698,Spain,ESP
s3699,Thailand,THA
s3700,India,IND
s3701,United States,USA
s3702,India,IND
s3703,United States,USA
s3704,Colombia,COL
s3704,Peru,PER
s3704,United Kingdom,GBR
s3705,United States,USA
s3706,Australia,AUS
s3707,Mexico,MEX
s3708,Australia,AUS
s3708,United States,USA
s3709,Spain,ESP
s3710,United Kingdom,GBR
s3712,Mexico,MEX
s3713,Japan,JPN
s3714,India,IND
s3715,India,IND
s3716,United States,USA
s3717,Japan,JPN
s3718,Thailand,THA
s3718,China,CHN
s3718,United States,USA
s3719,Argentina,ARG
s3719,United States,USA
s3720,Colombia,COL
s3721,Japan,JPN
s3722,United States,USA
s3723,Argentina,ARG
s3724,Japan,JPN
s3725,Japan,JPN
s3726,United States,USA
s3727,New Zealand,NZL
s3728,United States,USA
s3729,Japan,JPN
s3730,India,IND
s3731,France,FRA
s3732,United States,USA
s3733,Brazil,BRA
s3734,United States,USA
s3735,United States,USA
s3736,Germany,DEU
s3737,Japan,JPN
s3738,Japan,JPN
s3739,Sweden,SWE
s3739,United States,USA
s3740,India,IND
s3741,India,IND
s3742,Japan,JPN
s3743,China,CHN
s3744,Spain,ESP
s3745,Belgium,BEL
s3746,United States,USA
s3747,France,FRA
s3747,Belgium,BEL
s3748,Brazil,BRA
s3750,United States,USA
s3751,India,IND
s3752,United States,USA
s3753,United States,USA
s3754,United States,USA
s3755,Mexico,MEX
s3756,Jordan,JOR
s3757,United States,USA
s3758,Indonesia,IDN
s3759,United States,USA
s3760,United States,USA
s3761,Malaysia,MYS
s3762,Uruguay,URY
s3762,Spain,ESP
s3762,Mexico,MEX
s3763,United States,USA
s3764,Spain,ESP
s3765,Australia,AUS
s3766,India,IND
s3767,France,FRA
s3767,Luxembourg,LUX
s3767,Canada,CAN
s3768,Germany,DEU
s3769,India,IND
s3770,United States,USA
s3771,United States,USA
s3772,United States,USA
s3773,Germany,DEU
s3774,Japan,JPN
s3775,United Kingdom,GBR
s3776,Netherlands,NLD
s3777,United States,USA
s3778,United States,USA
s3779,United States,USA
s3780,United States,USA
s3781,South Korea,KOR
s3782,India,IND
s3783,Taiwan,TWN
s3784,India,IND
s3785,Japan,JPN
s3786,Romania,ROU
s3787,Hong Kong,HKG
s3788,Canada,CAN
s3789,India,IND
s3791,India,IND
s3792,China,CHN
s3793,United States,USA
s3794,South Korea,KOR
s3795,United States,USA
s3796,United States,USA
s3798,Austria,AUT
s3799,United States,USA
s3800,United States,USA
s3801,United States,USA
s3802,United States,USA
s3804,United States,USA
s3804,Mexico,MEX
s3805,India,IND
s3806,United States,USA
s3807,United States,USA
s3808,Mexico,MEX
s3809,Mexico,MEX
s3810,Spain,ESP
s3811,Denmark,DNK
s3811,Spain,ESP
s3812,Spain,ESP
s3813,United States,USA
s3814,Philippines,PHL
s3816,Italy,ITA
s3817,United States,USA
s3818,United Kingdom,GBR
s3819,United States,USA
s3820,India,IND
s3821,United Kingdom,GBR
s3822,United Kingdom,GBR
s3823,India,IND
s3824,Argentina,ARG
s3826,United States,USA
s3827,Japan,JPN
s3828,United States,USA
s3829,United States,USA
s3830,United States,USA
s3831,New Zealand,NZL
s3832,China,CHN
s3832,Hong Kong,HKG
s3833,Chile,CHL
s3833,Argentina,ARG
s3834,France,FRA
s3835,Hong Kong,HKG
s3835,China,CHN
s3836,United States,USA
s3837,Spain,ESP
s3839,Brazil,BRA
s3840,China,CHN
s3841,United States,USA
s3842,United States,USA
s3843,Taiwan,TWN
s3853,South Korea,KOR
s3855,Kuwait,KWT
s3856,Lebanon,LBN
s3858,United Kingdom,GBR
s3858,Belgium,BEL
s3858,Sweden,SWE
s3859,China,CHN
s3860,United States,USA
s3861,Mexico,MEX
s3862,Canada,CAN
s3862,Brazil,BRA
s3863,Spain,ESP
s3864,United States,USA
s3865,United Kingdom,GBR
s3866,South Korea,KOR
s3867,United States,USA
s3868,United States,USA
s3869,India,IND
s3870,United States,USA
s3871,Japan,JPN
s3872,United Kingdom,GBR
s3873,United States,USA
s3874,Malaysia,MYS
s3875,India,IND
s3876,Hong Kong,HKG
s3877,Taiwan,TWN
s3878,United States,USA
s3879,Hong Kong,HKG
s3880,Japan,JPN
s3882,Taiwan,TWN
s3884,Taiwan,TWN
s3885,United States,USA
s3886,India,IND
s3887,Mexico,MEX
s3887,United States,USA
s3888,United States,USA
s3889,Colombia,COL
s3890,Turkey,TUR
s3891,India,IND
s3892,United States,USA
s3893,United States,USA
s3895,Denmark,DNK
s3898,Taiwan,TWN
s3899,Australia,AUS
s3900,India,IND
s3901,Taiwan,TWN
s3902,Japan,JPN
s3902,United States,USA
s3903,Brazil,BRA
s3904,United States,USA
s3905,Italy,ITA
s3905,France,FRA
s3906,United Kingdom,GBR
s3907,Mexico,MEX
s3909,United Kingdom,GBR
s3911,India,IND
s3912,India,IND
s3913,United States,USA
s3914,India,IND
s3914,France,FRA
s3915,India,IND
s3916,India,IND
s3917,India,IND
s3918,India,IND
s3919,India,IND
s3920,United States,USA
s3921,United States,USA
s3922,Spain,ESP
s3923,Turkey,TUR
s3924,Turkey,TUR
s3925,Italy,ITA
s3926,United States,USA
s3927,United States,USA
s3928,United States,USA
s3929,South Korea,KOR
s3930,Brazil,BRA
s3931,Canada,CAN
s3931,Germany,DEU
s3932,United States,USA
s3933,India,IND
s3935,United States,USA
s3936,United States,USA
s3937,United Kingdom,GBR
s3938,United States,USA
s3939,United States,USA
s3939,United Kingdom,GBR
s3940,India,IND
s3941,Sweden,SWE
s3942,Malaysia,MYS
s3943,Canada,CAN
s3943,United States,USA
s3944,United States,USA
s3945,Mexico,MEX
s3946,United States,USA
s3947,South Korea,KOR
s3949,Indonesia,IDN
s3950,Lebanon,LBN
s3951,India,IND
s3952,Malaysia,MYS
s3953,United States,USA
s3955,China,CHN
s3956,Pakistan,PAK
s3956,United Arab Emirates,ARE
s3957,South Korea,KOR
s3958,United States,USA
s3959,United States,USA
s3959,Japan,JPN
s3960,United States,USA
s3961,Ghana,GHA
s3961,United States,USA
s3962,United Kingdom,GBR
s3963,India,IND
s3964,Mexico,MEX
s3964,Finland,FIN
s3965,France,FRA
s3966,United States,USA
s3967,United States,USA
s3968,United States,USA
s3970,United Kingdom,GBR
s3971,France,FRA
s3971,Canada,CAN
s3972,Japan,JPN
s3973,Indonesia,IDN
s3974,Indonesia,IDN
s3975,United States,USA
s3976,India,IND
s3978,Spain,ESP
s3979,Thailand,THA
s3980,United States,USA
s3981,Mexico,MEX
s3982,India,IND
s3983,Spain,ESP
s3984,United States,USA
s3986,United States,USA
s3987,United States,USA
s3989,Canada,CAN
s3990,Japan,JPN
s3991,Philippines,PHL
s3992,Philippines,PHL
s3993,Philippines,PHL
s3994,Philippines,PHL
s3995,Philippines,PHL
s3996,Uruguay,URY
s3998,India,IND
s3999,Japan,JPN
s4000,United States,USA
s4001,United States,USA
s4002,Taiwan,TWN
s4003,United Arab Emirates,ARE
s4003,United Kingdom,GBR
s4003,India,IND
s4004,France,FRA
s4004,Belgium,BEL
s4005,Italy,ITA
s4006,Netherlands,NLD
s4006,Belgium,BEL
s4007,Spain,ESP
s4008,United States,USA
s4009,United States,USA
s4010,United States,USA
s4011,United States,USA
s4012,United States,USA
s4012,Taiwan,TWN
s4014,Malaysia,MYS
s4015,United Kingdom,GBR
s4017,United Kingdom,GBR
s4018,Philippines,PHL
s4019,Philippines,PHL
s4020,Philippines,PHL
s4021,Philippines,PHL
s4022,Philippines,PHL
s4023,Egypt,EGY
s4024,Egypt,EGY
s4025,United States,USA
s4027,Egypt,EGY
s4028,Egypt,EGY
s4029,United States,USA
s4031,Egypt,EGY
s4032,United Arab Emirates,ARE
s4033,Turkey,TUR
s4034,United States,USA
s4035,France,FRA
s4037,United States,USA
s4038,United States,USA
s4039,Philippines,PHL
s4040,Philippines,PHL
s4041,Philippines,PHL
s4042,Philippines,PHL
s4043,United States,USA
s4044,Australia,AUS
s4045,South Korea,KOR
s4046,United States,USA
s4047,Philippines,PHL
s4048,Philippines,PHL
s4049,Japan,JPN
s4051,Austria,AUT
s4051,Iraq,IRQ
s4051,United States,USA
s4052,Thailand,THA
s4053,Thailand,THA
s4054,France,FRA
s4054,Belgium,BEL
s4055,India,IND
s4058,Canada,CAN
s4059,Canada,CAN
s4060,United States,USA
s4060,France,FRA
s4061,United States,USA
s4063,United Kingdom,GBR
s4063,Malawi,MWI
s4064,Japan,JPN
s4065,Paraguay,PRY
s4065,Argentina,ARG
s4066,United States,USA
s4067,Spain,ESP
s4067,France,FRA
s4068,Spain,ESP
s4068,France,FRA
s4069,Philippines,PHL
s4070,Philippines,PHL
s4071,Philippines,PHL
s4072,Philippines,PHL
s4073,India,IND
s4074,Philippines,PHL
s4075,Philippines,PHL
s4076,Philippines,PHL
s4077,Philippines,PHL
s4078,Philippines,PHL
s4079,Philippines,PHL
s4080,United States,USA
s4081,United States,USA
s4082,India,IND
s4083,Spain,ESP
s4084,United States,USA
s4085,United States,USA
s4086,India,IND
s4087,United States,USA
s4088,France,FRA
s4089,India,IND
s4090,United Kingdom,GBR
s4091,Brazil,BRA
s4092,South Korea,KOR
s4093,United States,USA
s4094,Canada,CAN
s4095,India,IND
s4096,United Kingdom,GBR
s4096,Russia,RUS
s4096,United States,USA
s4097,United States,USA
s4098,India,IND
s4099,India,IND
s4100,United States,USA
s4101,Brazil,BRA
s4102,India,IND
s4103,India,IND
s4104,India,IND
s4105,Denmark,DNK
s4107,India,IND
s4108,India,IND
s4109,India,IND
s4111,New Zealand,NZL
s4112,Argentina,ARG
s4113,India,IND
s4114,Spain,ESP
s4115,United States,USA
s4115,Canada,CAN
s4116,United States,USA
s4117,Spain,ESP
s4118,United States,USA
s4119,Taiwan,TWN
s4120,Belgium,BEL
s4121,United States,USA
s4122,United States,USA
s4123,United States,USA
s4124,United States,USA
s4125,Spain,ESP
s4126,Egypt,EGY
s4127,Egypt,EGY
s4128,South Korea,KOR
s4129,United States,USA
s4130,United Kingdom,GBR
s4131,Egypt,EGY
s4132,Japan,JPN
s4133,South Korea,KOR
s4134,United Kingdom,GBR
s4135,India,IND
s4136,United States,USA
s4137,Taiwan,TWN
s4138,United States,USA
s4139,United States,USA
s4140,United States,USA
s4141,United States,USA
s4142,United States,USA
s4143,United States,USA
s4144,Russia,RUS
s4145,Japan,JPN
s4146,United States,USA
s4146,Canada,CAN
s4147,United States,USA
s4148,Malaysia,MYS
s4149,China,CHN
s4149,Hong Kong,HKG
s4152,India,IND
s4152,Pakistan,PAK
s4153,India,IND
s4155,South Korea,KOR
s4156,Spain,ESP
s4158,Indonesia,IDN
s4158,Singapore,SGP
s4159,India,IND
s4160,Indonesia,IDN
s4161,Indonesia,IDN
s4162,Indonesia,IDN
s4163,Taiwan,TWN
s4164,United States,USA
s4165,Philippines,PHL
s4166,Spain,ESP
s4166,Belgium,BEL
s4167,United Kingdom,GBR
s4168,Mexico,MEX
s4169,Spain,ESP
s4170,Argentina,ARG
s4170,Spain,ESP
s4171,United States,USA
s4171,Germany,DEU
s4173,United States,USA
s4174,Argentina,ARG
s4175,Turkey,TUR
s4176,United Kingdom,GBR
s4176,United States,USA
s4177,United States,USA
s4178,United States,USA
s4179,United States,USA
s4181,Brazil,BRA
s4182,Mexico,MEX
s4183,India,IND
s4184,United Kingdom,GBR
s4186,United States,USA
s4187,Pakistan,PAK
s4188,India,IND
s4189,India,IND
s4190,Taiwan,TWN
s4191,India,IND
s4192,Pakistan,PAK
s4193,South Korea,KOR
s4194,United States,USA
s4195,Indonesia,IDN
s4196,Indonesia,IDN
s4197,Taiwan,TWN
s4198,India,IND
s4199,Philippines,PHL
s4201,United States,USA
s4202,Ireland,IRL
s4203,United Kingdom,GBR
s4204,United States,USA
s4205,Spain,ESP
s4206,United States,USA
s4207,Spain,ESP
s4207,United Kingdom,GBR
s4208,Israel,ISR
s4209,Japan,JPN
s4210,India,IND
s4211,Bangladesh,BGD
s4212,Thailand,THA
s4213,Iceland,ISL
s4213,Sweden,SWE
s4213,Belgium,BEL
s4215,Nigeria,NGA
s4218,United Kingdom,GBR
s4219,United States,USA
s4220,Thailand,THA
s4221,United States,USA
s4222,India,IND
s4223,United States,USA
s4224,Japan,JPN
s4225,India,IND
s4226,India,IND
s4227,Croatia,HRV
s4228,United States,USA
s4229,United States,USA
s4230,United Kingdom,GBR
s4232,United Kingdom,GBR
s4233,United Kingdom,GBR
s4234,United States,USA
s4236,United Kingdom,GBR
s4237,Mexico,MEX
s4238,United States,USA
s4239,United States,USA
s4240,United States,USA
s4241,United States,USA
s4242,Taiwan,TWN
s4244,Japan,JPN
s4245,United States,USA
s4246,United States,USA
s4247,United Kingdom,GBR
s4248,United Kingdom,GBR
s4249,United States,USA
s4250,United States,USA
s4252,Thailand,THA
s4253,Uruguay,URY
s4253,Argentina,ARG
s4253,Spain,ESP
s4254,United States,USA
s4255,Israel,ISR
s4256,India,IND
s4257,United States,USA
s4258,India,IND
s4260,Spain,ESP
s4261,United States,USA
s4262,Taiwan,TWN
s4263,United Kingdom,GBR
s4263,Ireland,IRL
s4263,United States,USA
s4265,United Kingdom,GBR
s4267,United States,USA
s4268,France,FRA
s4268,Belgium,BEL
s4269,United States,USA
s4270,Taiwan,TWN
s4271,Japan,JPN
s4272,Taiwan,TWN
s4273,Taiwan,TWN
s4274,Germany,DEU
s4275,Japan,JPN
s4276,Poland,POL
s4276,United States,USA
s4277,Turkey,TUR
s4278,Singapore,SGP
s4279,Japan,JPN
s4280,Japan,JPN
s4281,Singapore,SGP
s4282,Singapore,SGP
s4283,Singapore,SGP
s4284,India,IND
s4285,United States,USA
s4286,India,IND
s4287,United States,USA
s4288,India,IND
s4289,China,CHN
s4290,United States,USA
s4291,United States,USA
s4292,United States,USA
s4293,Canada,CAN
s4293,Germany,DEU
s4293,France,FRA
s4293,United States,USA
s4294,United States,USA
s4295,United Kingdom,GBR
s4295,Japan,JPN
s4296,United States,USA
s4297,United Kingdom,GBR
s4298,Philippines,PHL
s4299,United States,USA
s4300,United States,USA
s4301,United States,USA
s4302,United States,USA
s4303,Spain,ESP
s4304,India,IND
s4305,South Korea,KOR
s4307,Mexico,MEX
s4307,United States,USA
s4308,United States,USA
s4309,United States,USA
s4310,Australia,AUS
s4311,Canada,CAN
s4311,United States,USA
s4312,United States,USA
s4313,Japan,JPN
s4314,United States,USA
s4315,United States,USA
s4316,Italy,ITA
s4317,Germany,DEU
s4318,United States,USA
s4320,United Kingdom,GBR
s4320,United States,USA
s4321,United States,USA
s4322,Australia,AUS
s4325,United States,USA
s4327,South Korea,KOR
s4328,South Korea,KOR
s4329,Pakistan,PAK
s4330,China,CHN
s4330,Hong Kong,HKG
s4331,Hong Kong,HKG
s4332,Mexico,MEX
s4333,Norway,NOR
s4333,Denmark,DNK
s4333,Netherlands,NLD
s4333,Sweden,SWE
s4334,Hong Kong,HKG
s4334,China,CHN
s4335,Hong Kong,HKG
s4336,India,IND
s4337,Malaysia,MYS
s4338,Hong Kong,HKG
s4339,Hong Kong,HKG
s4339,China,CHN
s4340,Australia,AUS
s4342,Hong Kong,HKG
s4342,China,CHN
s4342,United States,USA
s4343,China,CHN
s4343,Hong Kong,HKG
s4344,Hong Kong,HKG
s4346,Hong Kong,HKG
s4347,India,IND
s4348,United States,USA
s4349,Hong Kong,HKG
s4350,China,CHN
s4351,Poland,POL
s4351,United States,USA
s4352,United States,USA
s4353,Ireland,IRL
s4353,Canada,CAN
s4354,United States,USA
s4355,Mexico,MEX
s4356,Italy,ITA
s4356,Switzerland,CHE
s4356,France,FRA
s4356,Germany,DEU
s4357,Japan,JPN
s4358,India,IND
s4359,India,IND
s4360,United States,USA
s4360,Canada,CAN
s4361,France,FRA
s4362,Mexico,MEX
s4362,Netherlands,NLD
s4363,United States,USA
s4364,United States,USA
s4364,Sweden,SWE
s4365,United States,USA
s4366,Canada,CAN
s4367,Spain,ESP
s4368,United Kingdom,GBR
s4369,United States,USA
s4370,United States,USA
s4371,Spain,ESP
s4374,United States,USA
s4374,Canada,CAN
s4375,Indonesia,IDN
s4376,Indonesia,IDN
s4377,United States,USA
s4378,United States,USA
s4379,United States,USA
s4380,China,CHN
s4381,United States,USA
s4381,Mexico,MEX
s4382,United States,USA
s4383,United States,USA
s4384,France,FRA
s4384,Belgium,BEL
s4385,Canada,CAN
s4386,United States,USA
s4387,United States,USA
s4388,Brazil,BRA
s4389,India,IND
s4391,Canada,CAN
s4392,India,IND
s4393,Indonesia,IDN
s4394,India,IND
s4395,India,IND
s4396,India,IND
s4397,Spain,ESP
s4398,Philippines,PHL
s4400,Denmark,DNK
s4401,Germany,DEU
s4401,France,FRA
s4401,Russia,RUS
s4402,Hong Kong,HKG
s4403,Germany,DEU
s4404,United States,USA
s4405,United Kingdom,GBR
s4405,United States,USA
s4406,Brazil,BRA
s4407,Colombia,COL
s4408,South Korea,KOR
s4408,United States,USA
s4409,United States,USA
s4410,France,FRA
s4410,Belgium,BEL
s4411,United States,USA
s4412,India,IND
s4413,United States,USA
s4414,Malaysia,MYS
s4415,Brazil,BRA
s4417,United States,USA
s4418,United States,USA
s4419,France,FRA
s4419,Iran,IRN
s4419,United States,USA
s4420,United States,USA
s4421,India,IND
s4422,India,IND
s4423,India,IND
s4424,India,IND
s4425,India,IND
s4426,India,IND
s4427,India,IND
s4428,India,IND
s4429,Canada,CAN
s4430,India,IND
s4431,Argentina,ARG
s4432,United Kingdom,GBR
s4432,India,IND
s4433,India,IND
s4434,India,IND
s4435,United States,USA
s4436,Brazil,BRA
s4437,United States,USA
s4438,India,IND
s4439,India,IND
s4440,India,IND
s4441,India,IND
s4442,India,IND
s4443,India,IND
s4444,India,IND
s4445,India,IND
s4446,India,IND
s4447,India,IND
s4448,United States,USA
s4449,India,IND
s4450,India,IND
s4451,United States,USA
s4452,India,IND
s4453,India,IND
s4454,India,IND
s4455,India,IND
s4456,India,IND
s4457,India,IND
s4458,India,IND
s4459,India,IND
s4460,India,IND
s4461,United States,USA
s4463,United States,USA
s4464,South Africa,ZAF
s4465,India,IND
s4466,India,IND
s4467,India,IND
s4468,Spain,ESP
s4468,France,FRA
s4469,Philippines,PHL
s4470,Japan,JPN
s4471,Hong Kong,HKG
s4471,China,CHN
s4473,Russia,RUS
s4473,Poland,POL
s4473,Serbia,SRB
s4474,Spain,ESP
s4474,Portugal,PRT
s4475,Colombia,COL
s4476,United States,USA
s4476,United Kingdom,GBR
s4477,United States,USA
s4477,Czech Republic,CZE
s4478,India,IND
s4479,United States,USA
s4480,United States,USA
s4481,United States,USA
s4483,United States,USA
s4484,China,CHN
s4485,United States,USA
s4486,United States,USA
s4487,Peru,PER
s4488,China,CHN
s4489,Australia,AUS
s4490,United States,USA
s4491,Mexico,MEX
s4491,Argentina,ARG
s4493,United Kingdom,GBR
s4493,Canada,CAN
s4493,United States,USA
s4493,Cayman Islands,CYM
s4494,South Korea,KOR
s4495,United States,USA
s4496,United States,USA
s4497,India,IND
s4499,Thailand,THA
s4500,Hong Kong,HKG
s4500,China,CHN
s4501,Indonesia,IDN
s4501,United States,USA
s4502,United Kingdom,GBR
s4503,India,IND
s4504,Canada,CAN
s4505,Australia,AUS
s4506,United States,USA
s4507,India,IND
s4508,India,IND
s4509,United Kingdom,GBR
s4510,India,IND
s4511,United Kingdom,GBR
s4511,United States,USA
s4513,Spain,ESP
s4513,France,FRA
s4514,United States,USA
s4516,Indonesia,IDN
s4517,United States,USA
s4518,United States,USA
s4519,United States,USA
s4520,United States,USA
s4520,Israel,ISR
s4520,United Kingdom,GBR
s4520,Canada,CAN
s4523,Norway,NOR
s4523,Iceland,ISL
s4523,United States,USA
s4524,Brazil,BRA
s4525,United States,USA
s4526,United States,USA
s4527,Malaysia,MYS
s4528,United States,USA
s4529,United States,USA
s4531,Czech Republic,CZE
s4531,United States,USA
s4532,Japan,JPN
s4533,United Kingdom,GBR
s4534,United States,USA
s4536,South Korea,KOR
s4538,United Kingdom,GBR
s4538,India,IND
s4538,United States,USA
s4539,United States,USA
s4540,United States,USA
s4540,Bulgaria,BGR
s4541,United States,USA
s4543,United Kingdom,GBR
s4545,United Kingdom,GBR
s4546,United Kingdom,GBR
s4547,United States,USA
s4548,United Kingdom,GBR
s4549,United Kingdom,GBR
s4550,United Kingdom,GBR
s4551,United Kingdom,GBR
s4551,West Germany,DEU
s4552,United Kingdom,GBR
s4553,United Kingdom,GBR
s4554,United States,USA
s4554,United Kingdom,GBR
s4555,United Kingdom,GBR
s4556,United Kingdom,GBR
s4557,India,IND
s4558,Canada,CAN
s4559,India,IND
s4560,India,IND
s4561,India,IND
s4562,India,IND
s4563,India,IND
s4564,India,IND
s4566,India,IND
s4568,India,IND
s4569,India,IND
s4570,India,IND
s4571,United States,USA
s4572,India,IND
s4573,India,IND
s4574,India,IND
s4575,India,IND
s4576,India,IND
s4577,India,IND
s4578,India,IND
s4579,India,IND
s4580,India,IND
s4581,India,IND
s4582,India,IND
s4583,India,IND
s4584,India,IND
s4585,India,IND
s4586,India,IND
s4587,India,IND
s4588,India,IND
s4589,India,IND
s4590,United States,USA
s4591,United States,USA
s4591,Canada,CAN
s4592,United States,USA
s4593,India,IND
s4594,India,IND
s4595,India,IND
s4596,India,IND
s4597,India,IND
s4597,United States,USA
s4598,India,IND
s4599,India,IND
s4600,India,IND
s4601,India,IND
s4602,India,IND
s4603,India,IND
s4604,India,IND
s4605,United States,USA
s4606,India,IND
s4608,India,IND
s4609,United Kingdom,GBR
s4610,India,IND
s4611,India,IND
s4612,India,IND
s4613,India,IND
s4614,India,IND
s4614,Australia,AUS
s4615,India,IND
s4616,Pakistan,PAK
s4617,United States,USA
s4617,United Kingdom,GBR
s4618,Brazil,BRA
s4619,China,CHN
s4620,United States,USA
s4621,United States,USA
s4622,United States,USA
s4623,Canada,CAN
s4624,South Korea,KOR
s4624,United States,USA
s4625,Indonesia,IDN
s4626,Spain,ESP
s4627,United Kingdom,GBR
s4627,United States,USA
s4629,Japan,JPN
s4630,United States,USA
s4631,United States,USA
s4632,Brazil,BRA
s4633,United States,USA
s4634,Japan,JPN
s4635,Canada,CAN
s4635,United States,USA
s4636,Lebanon,LBN
s4637,United States,USA
s4639,Mexico,MEX
s4640,United States,USA
s4642,Israel,ISR
s4642,United States,USA
s4643,United States,USA
s4644,China,CHN
s4645,United States,USA
s4646,South Korea,KOR
s4647,Italy,ITA
s4648,United States,USA
s4650,Netherlands,NLD
s4652,United States,USA
s4653,United States,USA
s4654,United States,USA
s4656,United States,USA
s4657,China,CHN
s4657,Canada,CAN
s4657,United States,USA
s4658,United States,USA
s4659,United States,USA
s4660,Belgium,BEL
s4660,United Kingdom,GBR
s4660,United States,USA
s4661,India,IND
s4662,United Kingdom,GBR
s4662,United States,USA
s4663,Thailand,THA
s4664,United States,USA
s4665,Taiwan,TWN
s4666,France,FRA
s4666,Belgium,BEL
s4667,India,IND
s4668,India,IND
s4669,India,IND
s4670,India,IND
s4670,Germany,DEU
s4670,Austria,AUT
s4671,Australia,AUS
s4672,France,FRA
s4673,Spain,ESP
s4674,United States,USA
s4674,Czech Republic,CZE
s4675,United States,USA
s4676,Spain,ESP
s4677,United States,USA
s4677,Brazil,BRA
s4677,South Korea,KOR
s4677,Mexico,MEX
s4677,Japan,JPN
s4677,Germany,DEU
s4679,Colombia,COL
s4680,India,IND
s4681,India,IND
s4682,India,IND
s4683,United States,USA
s4684,United States,USA
s4686,India,IND
s4687,Canada,CAN
s4688,China,CHN
s4689,United States,USA
s4690,United Kingdom,GBR
s4691,India,IND
s4692,India,IND
s4693,India,IND
s4694,India,IND
s4695,India,IND
s4696,United States,USA
s4697,United States,USA
s4698,Spain,ESP
s4698,Mexico,MEX
s4699,United States,USA
s4700,South Korea,KOR
s4701,India,IND
s4702,United States,USA
s4702,India,IND
s4703,Australia,AUS
s4704,United States,USA
s4705,United States,USA
s4706,United Kingdom,GBR
s4706,France,FRA
s4706,United States,USA
s4707,United States,USA
s4708,United States,USA
s4709,Argentina,ARG
s4709,Spain,ESP
s4710,United States,USA
s4712,Taiwan,TWN
s4713,India,IND
s4714,India,IND
s4715,India,IND
s4716,China,CHN
s4716,Japan,JPN
s4717,Spain,ESP
s4719,United States,USA
s4720,India,IND
s4721,India,IND
s4722,India,IND
s4723,India,IND
s4724,India,IND
s4725,India,IND
s4726,India,IND
s4727,India,IND
s4728,India,IND
s4729,India,IND
s4730,India,IND
s4731,India,IND
s4732,India,IND
s4733,India,IND
s4734,India,IND
s4735,India,IND
s4736,India,IND
s4737,India,IND
s4738,India,IND
s4739,Mexico,MEX
s4740,United States,USA
s4741,Argentina,ARG
s4741,France,FRA
s4742,Japan,JPN
s4743,Japan,JPN
s4744,France,FRA
s4745,Japan,JPN
s4746,Australia,AUS
s4747,Australia,AUS
s4748,Australia,AUS
s4749,France,FRA
s4749,Belgium,BEL
s4750,Mexico,MEX
s4751,Mexico,MEX
s4751,United States,USA
s4752,United States,USA
s4753,Japan,JPN
s4754,Australia,AUS
s4754,United States,USA
s4755,Spain,ESP
s4756,India,IND
s4757,United States,USA
s4758,Spain,ESP
s4759,United Kingdom,GBR
s4760,New Zealand,NZL
s4761,China,CHN
s4761,United States,USA
s4761,United Kingdom,GBR
s4762,United States,USA
s4763,United States,USA
s4764,Japan,JPN
s4765,Canada,CAN
s4765,United States,USA
s4766,Brazil,BRA
s4767,Spain,ESP
s4769,Spain,ESP
s4770,Japan,JPN
s4771,Australia,AUS
s4772,United States,USA
s4773,China,CHN
s4774,United States,USA
s4775,United States,USA
s4776,Mexico,MEX
s4777,Israel,ISR
s4778,United Kingdom,GBR
s4779,United States,USA
s4780,South Korea,KOR
s4781,United States,USA
s4782,Argentina,ARG
s4783,United States,USA
s4784,Spain,ESP
s4785,France,FRA
s4785,Luxembourg,LUX
s4785,United States,USA
s4786,United States,USA
s4787,United States,USA
s4788,United States,USA
s4789,United States,USA
s4790,China,CHN
s4790,United States,USA
s4790,Australia,AUS
s4791,India,IND
s4792,United States,USA
s4793,India,IND
s4794,India,IND
s4795,United States,USA
s4796,India,IND
s4797,India,IND
s4798,India,IND
s4799,United States,USA
s4800,Mexico,MEX
s4801,India,IND
s4802,United States,USA
s4803,India,IND
s4804,United States,USA
s4805,United States,USA
s4806,Spain,ESP
s4807,United Kingdom,GBR
s4808,United Kingdom,GBR
s4809,Chile,CHL
s4810,United Kingdom,GBR
s4810,United States,USA
s4811,Colombia,COL
s4811,Mexico,MEX
s4812,United States,USA
s4813,United States,USA
s4814,United States,USA
s4814,Canada,CAN
s4815,United States,USA
s4816,Brazil,BRA
s4817,Japan,JPN
s4818,France,FRA
s4819,United States,USA
s4820,United States,USA
s4820,Canada,CAN
s4820,Ireland,IRL
s4821,United Kingdom,GBR
s4822,United States,USA
s4823,China,CHN
s4824,Australia,AUS
s4825,United States,USA
s4826,India,IND
s4827,Israel,ISR
s4828,Peru,PER
s4829,United States,USA
s4830,Spain,ESP
s4831,Chile,CHL
s4831,Peru,PER
s4834,United States,USA
s4835,Australia,AUS
s4836,Mexico,MEX
s4837,France,FRA
s4838,United States,USA
s4839,Japan,JPN
s4840,India,IND
s4841,Thailand,THA
s4842,France,FRA
s4843,United States,USA
s4844,Germany,DEU
s4845,United States,USA
s4846,United States,USA
s4847,United States,USA
s4848,Spain,ESP
s4849,South Korea,KOR
s4850,Argentina,ARG
s4851,United States,USA
s4852,United States,USA
s4853,United States,USA
s4853,Mexico,MEX
s4854,Japan,JPN
s4855,United States,USA
s4856,South Africa,ZAF
s4858,Canada,CAN
s4858,United States,USA
s4858,France,FRA
s4859,United States,USA
s4860,Argentina,ARG
s4860,Italy,ITA
s4861,India,IND
s4862,Japan,JPN
s4863,Japan,JPN
s4864,United States,USA
s4865,United States,USA
s4866,United States,USA
s4867,Mexico,MEX
s4868,United States,USA
s4869,United Kingdom,GBR
s4869,United States,USA
s4870,United States,USA
s4871,United States,USA
s4872,Germany,DEU
s4873,United States,USA
s4874,Canada,CAN
s4874,Japan,JPN
s4874,United States,USA
s4875,United States,USA
s4876,United Kingdom,GBR
s4876,Canada,CAN
s4876,United States,USA
s4876,Germany,DEU
s4877,France,FRA
s4878,United States,USA
s4879,Italy,ITA
s4879,Switzerland,CHE
s4879,Albania,ALB
s4879,Poland,POL
s4880,United States,USA
s4880,Japan,JPN
s4880,Canada,CAN
s4881,Mexico,MEX
s4882,China,CHN
s4882,Hong Kong,HKG
s4883,Spain,ESP
s4884,Colombia,COL
s4885,Cambodia,KHM
s4886,India,IND
s4887,India,IND
s4888,Italy,ITA
s4888,United States,USA
s4888,Argentina,ARG
s4889,United States,USA
s4890,Argentina,ARG
s4890,Spain,ESP
s4891,United States,USA
s4892,Canada,CAN
s4894,Spain,ESP
s4896,United States,USA
s4899,France,FRA
s4900,India,IND
s4902,United States,USA
s4903,Spain,ESP
s4904,Saudi Arabia,SAU
s4904,Syria,SYR
s4904,Egypt,EGY
s4904,Lebanon,LBN
s4904,Kuwait,KWT
s4905,India,IND
s4906,France,FRA
s4908,United States,USA
s4910,Spain,ESP
s4912,United States,USA
s4913,United States,USA
s4916,Germany,DEU
s4917,United States,USA
s4918,Brazil,BRA
s4919,South Korea,KOR
s4920,United States,USA
s4921,United States,USA
s4922,Canada,CAN
s4922,United States,USA
s4923,United States,USA
s4924,Brazil,BRA
s4925,Germany,DEU
s4926,France,FRA
s4927,United States,USA
s4928,United States,USA
s4928,Canada,CAN
s4928,Indonesia,IDN
s4928,United Kingdom,GBR
s4928,China,CHN
s4928,Singapore,SGP
s4929,United States,USA
s4930,France,FRA
s4931,United States,USA
s4932,Colombia,COL
s4933,United Kingdom,GBR
s4934,Philippines,PHL
s4935,United States,USA
s4936,United States,USA
s4937,Spain,ESP
s4937,Colombia,COL
s4938,United States,USA
s4939,United States,USA
s4940,Mexico,MEX
s4940,United States,USA
s4941,Argentina,ARG
s4942,United Kingdom,GBR
s4942,South Africa,ZAF
s4942,Australia,AUS
s4942,United States,USA
s4943,France,FRA
s4944,Bulgaria,BGR
s4945,France,FRA
s4946,India,IND
s4947,United States,USA
s4948,Argentina,ARG
s4948,Brazil,BRA
s4948,France,FRA
s4948,Poland,POL
s4948,Germany,DEU
s4948,Denmark,DNK
s4949,India,IND
s4950,Sweden,SWE
s4951,United States,USA
s4952,United Kingdom,GBR
s4953,India,IND
s4954,India,IND
s4955,India,IND
s4956,India,IND
s4957,India,IND
s4958,United Kingdom,GBR
s4959,United Kingdom,GBR
s4960,United States,USA
s4961,United States,USA
s4962,United States,USA
s4963,Mexico,MEX
s4964,United Kingdom,GBR
s4964,Spain,ESP
s4964,United States,USA
s4964,Germany,DEU
s4965,Canada,CAN
s4966,Canada,CAN
s4967,Canada,CAN
s4968,United Kingdom,GBR
s4969,United Kingdom,GBR
s4970,Philippines,PHL
s4970,Qatar,QAT
s4971,United States,USA
s4972,Netherlands,NLD
s4972,Belgium,BEL
s4972,Germany,DEU
s4972,Jordan,JOR
s4973,United States,USA
s4974,United Kingdom,GBR
s4975,United States,USA
s4976,India,IND
s4977,United States,USA
s4978,United Arab Emirates,ARE
s4978,United States,USA
s4979,Argentina,ARG
s4980,United States,USA
s4981,United States,USA
s4983,Japan,JPN
s4984,Sweden,SWE
s4985,Egypt,EGY
s4986,Belgium,BEL
s4987,Poland,POL
s4988,South Korea,KOR
s4989,Japan,JPN
s4990,United Kingdom,GBR
s4991,United States,USA
s4992,Japan,JPN
s4993,United Kingdom,GBR
s4993,United States,USA
s4994,United States,USA
s4995,South Korea,KOR
s4996,India,IND
s4997,Bulgaria,BGR
s4997,United States,USA
s4998,Norway,NOR
s4998,Germany,DEU
s4998,Sweden,SWE
s4999,United States,USA
s5001,United States,USA
s5002,Argentina,ARG
s5003,Chile,CHL
s5004,Canada,CAN
s5005,Canada,CAN
s5006,United States,USA
s5007,United States,USA
s5008,India,IND
s5009,India,IND
s5010,India,IND
s5011,United States,USA
s5012,Germany,DEU
s5013,India,IND
s5014,Spain,ESP
s5015,India,IND
s5016,Canada,CAN
s5017,Canada,CAN
s5018,Canada,CAN
s5019,Canada,CAN
s5020,Canada,CAN
s5021,India,IND
s5022,India,IND
s5023,South Korea,KOR
s5024,United Kingdom,GBR
s5025,United States,USA
s5026,Spain,ESP
s5027,South Korea,KOR
s5027,China,CHN
s5028,France,FRA
s5029,United Kingdom,GBR
s5029,Germany,DEU
s5030,United States,USA
s5031,United Kingdom,GBR
s5032,South Korea,KOR
s5033,United Kingdom,GBR
s5034,Japan,JPN
s5035,Argentina,ARG
s5036,United States,USA
s5037,United States,USA
s5038,United States,USA
s5039,Japan,JPN
s5040,United States,USA
s5041,India,IND
s5042,United States,USA
s5043,United Kingdom,GBR
s5043,Canada,CAN
s5044,Georgia,GEO
s5045,United States,USA
s5047,United States,USA
s5048,United States,USA
s5049,United States,USA
s5051,Hungary,HUN
s5052,South Korea,KOR
s5053,United States,USA
s5053,Mexico,MEX
s5054,United States,USA
s5055,United States,USA
s5056,Germany,DEU
s5057,United States,USA
s5058,United Kingdom,GBR
s5059,Spain,ESP
s5060,United States,USA
s5061,Singapore,SGP
s5062,Mexico,MEX
s5063,Argentina,ARG
s5064,United States,USA
s5065,Bulgaria,BGR
s5065,United States,USA
s5066,South Korea,KOR
s5067,Colombia,COL
s5068,United States,USA
s5070,United States,USA
s5070,New Zealand,NZL
s5071,Japan,JPN
s5072,United States,USA
s5073,United States,USA
s5074,Canada,CAN
s5074,United States,USA
s5075,United Kingdom,GBR
s5076,Spain,ESP
s5077,Colombia,COL
s5078,Japan,JPN
s5079,United States,USA
s5080,Soviet Union,RUS
s5080,India,IND
s5081,India,IND
s5082,Australia,AUS
s5082,United Arab Emirates,ARE
s5083,United States,USA
s5084,Czech Republic,CZE
s5084,United States,USA
s5085,United States,USA
s5086,South Korea,KOR
s5087,United States,USA
s5088,Colombia,COL
s5089,India,IND
s5091,United Kingdom,GBR
s5091,United States,USA
s5092,United States,USA
s5093,Japan,JPN
s5094,United States,USA
s5095,Spain,ESP
s5096,Japan,JPN
s5097,Japan,JPN
s5098,United Kingdom,GBR
s5099,Japan,JPN
s5100,France,FRA
s5101,United States,USA
s5102,United States,USA
s5103,Canada,CAN
s5104,France,FRA
s5105,France,FRA
s5107,Germany,DEU
s5108,United States,USA
s5109,United States,USA
s5111,United States,USA
s5112,United Kingdom,GBR
s5113,Australia,AUS
s5113,United States,USA
s5114,United States,USA
s5115,Argentina,ARG
s5116,Canada,CAN
s5117,Mexico,MEX
s5117,United States,USA
s5118,United Kingdom,GBR
s5119,Canada,CAN
s5119,Germany,DEU
s5119,South Africa,ZAF
s5120,South Korea,KOR
s5122,United States,USA
s5123,India,IND
s5124,United States,USA
s5125,South Korea,KOR
s5125,China,CHN
s5125,United States,USA
s5126,United States,USA
s5127,United States,USA
s5128,United States,USA
s5130,United States,USA
s5131,India,IND
s5132,India,IND
s5132,Soviet Union,RUS
s5133,Australia,AUS
s5133,United States,USA
s5134,United States,USA
s5135,United States,USA
s5136,India,IND
s5137,Japan,JPN
s5137,United States,USA
s5138,United States,USA
s5139,United States,USA
s5140,Malaysia,MYS
s5141,United States,USA
s5142,Japan,JPN
s5143,India,IND
s5143,Mexico,MEX
s5144,Georgia,GEO
s5144,Germany,DEU
s5144,France,FRA
s5145,France,FRA
s5147,United Arab Emirates,ARE
s5147,Romania,ROU
s5148,United States,USA
s5149,United States,USA
s5150,United Kingdom,GBR
s5151,United Kingdom,GBR
s5152,India,IND
s5153,United States,USA
s5154,Spain,ESP
s5155,Japan,JPN
s5158,South Korea,KOR
s5159,United States,USA
s5160,United States,USA
s5161,Australia,AUS
s5161,Canada,CAN
s5162,United States,USA
s5163,United States,USA
s5164,United States,USA
s5165,Canada,CAN
s5165,United States,USA
s5166,United States,USA
s5167,United States,USA
s5168,United States,USA
s5169,United States,USA
s5170,Japan,JPN
s5171,Russia,RUS
s5172,United States,USA
s5173,Canada,CAN
s5174,Japan,JPN
s5175,Japan,JPN
s5176,United States,USA
s5177,Mexico,MEX
s5178,Brazil,BRA
s5179,Japan,JPN
s5180,United States,USA
s5181,United States,USA
s5182,United States,USA
s5183,United States,USA
s5184,India,IND
s5186,Canada,CAN
s5187,India,IND
s5188,Spain,ESP
s5189,United Arab Emirates,ARE
s5190,Germany,DEU
s5191,China,CHN
s5196,Singapore,SGP
s5197,United States,USA
s5198,United States,USA
s5199,United States,USA
s5200,Canada,CAN
s5201,United States,USA
s5202,United States,USA
s5203,United States,USA
s5204,United States,USA
s5205,United Kingdom,GBR
s5206,Canada,CAN
s5206,United States,USA
s5207,United Kingdom,GBR
s5208,United States,USA
s5209,United States,USA
s5210,United States,USA
s5211,United States,USA
s5212,United States,USA
s5213,France,FRA
s5214,United States,USA
s5215,India,IND
s5218,India,IND
s5219,New Zealand,NZL
s5220,France,FRA
s5221,India,IND
s5221,Malaysia,MYS
s5222,United States,USA
s5223,Germany,DEU
s5223,Jordan,JOR
s5223,Netherlands,NLD
s5224,Turkey,TUR
s5224,France,FRA
s5224,Germany,DEU
s5224,Poland,POL
s5225,Mexico,MEX
s5226,United Kingdom,GBR
s5227,United States,USA
s5228,United States,USA
s5229,Saudi Arabia,SAU
s5230,Spain,ESP
s5231,United States,USA
s5232,Japan,JPN
s5233,China,CHN
s5234,Greece,GRC
s5234,United States,USA
s5235,United States,USA
s5236,South Korea,KOR
s5237,Japan,JPN
s5238,United States,USA
s5238,Canada,CAN
s5239,Spain,ESP
s5240,United States,USA
s5240,Italy,ITA
s5241,United States,USA
s5242,Canada,CAN
s5244,France,FRA
s5244,United Kingdom,GBR
s5244,United States,USA
s5245,United States,USA
s5246,United States,USA
s5247,Singapore,SGP
s5248,Singapore,SGP
s5249,Norway,NOR
s5249,Germany,DEU
s5250,Mexico,MEX
s5251,Taiwan,TWN
s5252,United Kingdom,GBR
s5253,United States,USA
s5254,United States,USA
s5256,United States,USA
s5258,United Kingdom,GBR
s5259,United States,USA
s5261,France,FRA
s5261,Morocco,MAR
s5262,United States,USA
s5263,United States,USA
s5263,Japan,JPN
s5264,Canada,CAN
s5265,Canada,CAN
s5266,Spain,ESP
s5266,Argentina,ARG
s5267,United States,USA
s5268,United States,USA
s5269,United States,USA
s5270,United States,USA
s5270,Canada,CAN
s5271,Cambodia,KHM
s5271,United States,USA
s5272,United States,USA
s5272,Denmark,DNK
s5273,United States,USA
s5274,United States,USA
s5275,Australia,AUS
s5276,United States,USA
s5277,United States,USA
s5278,United States,USA
s5279,Spain,ESP
s5280,Chile,CHL
s5281,United States,USA
s5283,United States,USA
s5284,United States,USA
s5285,United States,USA
s5286,United States,USA
s5287,United States,USA
s5288,United States,USA
s5289,Taiwan,TWN
s5290,Taiwan,TWN
s5291,India,IND
s5293,Japan,JPN
s5294,Japan,JPN
s5295,United States,USA
s5296,India,IND
s5297,India,IND
s5298,Japan,JPN
s5299,Japan,JPN
s5300,United States,USA
s5301,India,IND
s5302,United States,USA
s5303,United States,USA
s5304,India,IND
s5305,India,IND
s5306,United States,USA
s5306,Colombia,COL
s5306,Mexico,MEX
s5307,Germany,DEU
s5308,United States,USA
s5309,France,FRA
s5310,India,IND
s5310,Soviet Union,RUS
s5311,Argentina,ARG
s5311,Spain,ESP
s5312,China,CHN
s5313,United Kingdom,GBR
s5313,Italy,ITA
s5313,Israel,ISR
s5313,Peru,PER
s5313,United States,USA
s5314,Argentina,ARG
s5314,Uruguay,URY
s5314,Spain,ESP
s5314,France,FRA
s5315,Argentina,ARG
s5316,United States,USA
s5317,United States,USA
s5318,Australia,AUS
s5319,United States,USA
s5320,United States,USA
s5321,United States,USA
s5322,United States,USA
s5323,United States,USA
s5324,United Kingdom,GBR
s5324,France,FRA
s5324,United States,USA
s5324,Belgium,BEL
s5325,Turkey,TUR
s5326,United States,USA
s5327,United States,USA
s5328,Japan,JPN
s5329,United States,USA
s5330,United States,USA
s5331,Mexico,MEX
s5332,United States,USA
s5333,United States,USA
s5334,United States,USA
s5335,India,IND
s5338,India,IND
s5341,United States,USA
s5342,France,FRA
s5342,Canada,CAN
s5342,China,CHN
s5342,Cambodia,KHM
s5343,Mexico,MEX
s5344,United States,USA
s5345,United Kingdom,GBR
s5345,France,FRA
s5345,Belgium,BEL
s5345,United States,USA
s5346,United States,USA
s5347,Spain,ESP
s5347,Germany,DEU
s5348,Singapore,SGP
s5349,Taiwan,TWN
s5350,South Korea,KOR
s5351,Russia,RUS
s5352,Ireland,IRL
s5354,United States,USA
s5355,Taiwan,TWN
s5356,Russia,RUS
s5359,United States,USA
s5360,Australia,AUS
s5362,Chile,CHL
s5362,France,FRA
s5363,Singapore,SGP
s5364,United Kingdom,GBR
s5365,France,FRA
s5366,United Kingdom,GBR
s5367,United Kingdom,GBR
s5368,United States,USA
s5369,United States,USA
s5370,United States,USA
s5371,Sweden,SWE
s5371,United States,USA
s5372,India,IND
s5373,United States,USA
s5374,Spain,ESP
s5375,Spain,ESP
s5376,United States,USA
s5377,United States,USA
s5378,United States,USA
s5379,United States,USA
s5380,United States,USA
s5381,United States,USA
s5382,Canada,CAN
s5383,China,CHN
s5384,China,CHN
s5385,China,CHN
s5386,United States,USA
s5387,China,CHN
s5388,France,FRA
s5389,Turkey,TUR
s5390,Australia,AUS
s5391,Singapore,SGP
s5392,India,IND
s5393,United States,USA
s5393,Canada,CAN
s5395,Netherlands,NLD
s5396,Turkey,TUR
s5397,India,IND
s5398,United Kingdom,GBR
s5399,India,IND
s5400,Singapore,SGP
s5401,India,IND
s5403,Spain,ESP
s5404,Singapore,SGP
s5405,Singapore,SGP
s5406,Singapore,SGP
s5407,Singapore,SGP
s5408,Singapore,SGP
s5409,India,IND
s5410,Singapore,SGP
s5411,Singapore,SGP
s5412,Spain,ESP
s5413,United States,USA
s5413,Canada,CAN
s5414,United States,USA
s5414,United Kingdom,GBR
s5415,Japan,JPN
s5416,South Korea,KOR
s5416,United States,USA
s5417,United States,USA
s5418,United States,USA
s5419,Netherlands,NLD
s5419,United States,USA
s5420,United States,USA
s5421,India,IND
s5422,United States,USA
s5423,United States,USA
s5423,Japan,JPN
s5423,Canada,CAN
s5424,United States,USA
s5425,United States,USA
s5426,United States,USA
s5427,United States,USA
s5428,United States,USA
s5429,Italy,ITA
s5429,United States,USA
s5430,India,IND
s5431,Brazil,BRA
s5432,United Kingdom,GBR
s5433,United States,USA
s5434,South Korea,KOR
s5435,South Korea,KOR
s5436,South Korea,KOR
s5437,South Korea,KOR
s5438,China,CHN
s5439,South Korea,KOR
s5440,South Korea,KOR
s5441,Canada,CAN
s5441,United States,USA
s5442,India,IND
s5443,Indonesia,IDN
s5444,Spain,ESP
s5445,United Kingdom,GBR
s5446,United States,USA
s5447,South Korea,KOR
s5448,India,IND
s5449,United Kingdom,GBR
s5450,United States,USA
s5451,United Kingdom,GBR
s5452,United Kingdom,GBR
s5453,India,IND
s5454,United States,USA
s5455,Brazil,BRA
s5456,France,FRA
s5456,United Kingdom,GBR
s5456,India,IND
s5457,Canada,CAN
s5457,United States,USA
s5458,Singapore,SGP
s5460,United States,USA
s5461,India,IND
s5462,India,IND
s5463,India,IND
s5464,Spain,ESP
s5465,Denmark,DNK
s5466,Singapore,SGP
s5467,United Kingdom,GBR
s5468,United Kingdom,GBR
s5469,United States,USA
s5470,India,IND
s5471,United States,USA
s5472,United States,USA
s5473,India,IND
s5474,United States,USA
s5475,France,FRA
s5477,Japan,JPN
s5478,Thailand,THA
s5479,Brazil,BRA
s5480,United States,USA
s5481,United States,USA
s5482,India,IND
s5483,India,IND
s5484,United States,USA
s5485,United States,USA
s5486,India,IND
s5487,Czech Republic,CZE
s5487,Slovakia,SVK
s5488,Germany,DEU
s5488,United States,USA
s5490,United States,USA
s5491,United Kingdom,GBR
s5492,France,FRA
s5492,Canada,CAN
s5493,United States,USA
s5494,United States,USA
s5495,Australia,AUS
s5496,Mexico,MEX
s5497,United States,USA
s5498,United States,USA
s5499,Singapore,SGP
s5499,France,FRA
s5500,India,IND
s5501,India,IND
s5502,France,FRA
s5502,Belgium,BEL
s5503,France,FRA
s5503,Belgium,BEL
s5504,United Kingdom,GBR
s5505,Canada,CAN
s5506,India,IND
s5507,Canada,CAN
s5508,Spain,ESP
s5508,Switzerland,CHE
s5509,United States,USA
s5509,Australia,AUS
s5509,China,CHN
s5510,South Korea,KOR
s5511,South Korea,KOR
s5512,United States,USA
s5513,Canada,CAN
s5513,United States,USA
s5514,South Korea,KOR
s5515,Spain,ESP
s5516,India,IND
s5517,South Africa,ZAF
s5517,United States,USA
s5517,Germany,DEU
s5518,Sweden,SWE
s5519,United States,USA
s5520,Canada,CAN
s5521,United States,USA
s5522,United States,USA
s5523,United States,USA
s5524,United States,USA
s5525,United States,USA
s5526,United States,USA
s5527,Germany,DEU
s5528,Germany,DEU
s5529,Germany,DEU
s5530,Italy,ITA
s5531,Nigeria,NGA
s5532,France,FRA
s5532,Belgium,BEL
s5533,Spain,ESP
s5534,United States,USA
s5535,Mexico,MEX
s5536,United States,USA
s5537,United States,USA
s5538,South Korea,KOR
s5539,United States,USA
s5540,Spain,ESP
s5540,Argentina,ARG
s5541,United States,USA
s5542,United States,USA
s5543,Turkey,TUR
s5544,Brazil,BRA
s5545,United States,USA
s5546,India,IND
s5547,United States,USA
s5548,India,IND
s5549,United States,USA
s5550,India,IND
s5551,Spain,ESP
s5552,Argentina,ARG
s5553,Spain,ESP
s5554,United Kingdom,GBR
s5556,United Kingdom,GBR
s5557,United States,USA
s5558,United States,USA
s5559,United States,USA
s5559,United Kingdom,GBR
s5559,Australia,AUS
s5560,Brazil,BRA
s5561,United States,USA
s5562,United States,USA
s5563,United States,USA
s5564,Japan,JPN
s5565,United States,USA
s5566,United States,USA
s5567,United States,USA
s5568,Australia,AUS
s5569,South Korea,KOR
s5570,Japan,JPN
s5571,United Kingdom,GBR
s5571,Japan,JPN
s5571,United States,USA
s5572,India,IND
s5573,Canada,CAN
s5574,United Kingdom,GBR
s5575,India,IND
s5576,United States,USA
s5577,United States,USA
s5578,Portugal,PRT
s5578,Spain,ESP
s5579,United States,USA
s5580,United States,USA
s5581,South Korea,KOR
s5582,Turkey,TUR
s5583,United States,USA
s5584,United Kingdom,GBR
s5585,India,IND
s5586,South Korea,KOR
s5587,United States,USA
s5588,India,IND
s5589,Brazil,BRA
s5590,Brazil,BRA
s5591,United States,USA
s5592,Mexico,MEX
s5593,South Korea,KOR
s5594,Turkey,TUR
s5595,United States,USA
s5596,Spain,ESP
s5597,United States,USA
s5598,Spain,ESP
s5598,Italy,ITA
s5598,Argentina,ARG
s5599,South Korea,KOR
s5600,India,IND
s5601,Germany,DEU
s5602,South Korea,KOR
s5603,Canada,CAN
s5604,South Korea,KOR
s5605,Spain,ESP
s5606,Chile,CHL
s5606,Spain,ESP
s5606,Argentina,ARG
s5606,Germany,DEU
s5607,United States,USA
s5608,United Kingdom,GBR
s5609,South Korea,KOR
s5610,Japan,JPN
s5611,United Kingdom,GBR
s5611,United States,USA
s5612,Italy,ITA
s5613,West Germany,DEU
s5614,United States,USA
s5615,Mexico,MEX
s5616,United States,USA
s5617,India,IND
s5618,India,IND
s5619,India,IND
s5620,Spain,ESP
s5621,Spain,ESP
s5622,Canada,CAN
s5622,United States,USA
s5623,United States,USA
s5624,Mexico,MEX
s5625,France,FRA
s5626,United Kingdom,GBR
s5627,Brazil,BRA
s5628,United States,USA
s5629,France,FRA
s5630,India,IND
s5631,United States,USA
s5632,United States,USA
s5633,Germany,DEU
s5634,Austria,AUT
s5634,Czech Republic,CZE
s5635,Germany,DEU
s5636,Germany,DEU
s5637,France,FRA
s5638,United States,USA
s5639,Lebanon,LBN
s5639,Qatar,QAT
s5640,United States,USA
s5641,United States,USA
s5642,United Kingdom,GBR
s5642,Jordan,JOR
s5642,Qatar,QAT
s5642,Iran,IRN
s5643,United States,USA
s5644,United States,USA
s5645,Canada,CAN
s5646,United States,USA
s5647,United States,USA
s5648,India,IND
s5649,United States,USA
s5650,France,FRA
s5650,Belgium,BEL
s5651,United States,USA
s5652,India,IND
s5653,Mexico,MEX
s5654,South Korea,KOR
s5655,Japan,JPN
s5656,United States,USA
s5657,Mexico,MEX
s5658,United States,USA
s5659,United States,USA
s5660,France,FRA
s5660,South Korea,KOR
s5660,Japan,JPN
s5661,United States,USA
s5662,United States,USA
s5663,United Kingdom,GBR
s5664,United States,USA
s5665,Germany,DEU
s5666,South Korea,KOR
s5667,United Kingdom,GBR
s5668,South Korea,KOR
s5669,South Korea,KOR
s5670,South Korea,KOR
s5671,China,CHN
s5672,South Korea,KOR
s5673,Japan,JPN
s5674,South Korea,KOR
s5675,United Kingdom,GBR
s5676,South Korea,KOR
s5677,Israel,ISR
s5677,Germany,DEU
s5677,France,FRA
s5678,Canada,CAN
s5678,Japan,JPN
s5678,Netherlands,NLD
s5679,Mexico,MEX
s5680,United States,USA
s5681,United Kingdom,GBR
s5682,United States,USA
s5683,United States,USA
s5683,Hungary,HUN
s5684,United States,USA
s5685,Taiwan,TWN
s5686,United States,USA
s5687,France,FRA
s5687,Germany,DEU
s5688,United States,USA
s5689,United States,USA
s5690,United States,USA
s5691,United States,USA
s5692,France,FRA
s5693,Canada,CAN
s5694,Canada,CAN
s5694,United States,USA
s5695,United States,USA
s5696,United States,USA
s5697,India,IND
s5698,United States,USA
s5699,Peru,PER
s5700,Taiwan,TWN
s5701,Taiwan,TWN
s5702,India,IND
s5703,United States,USA
s5704,Taiwan,TWN
s5705,United States,USA
s5706,India,IND
s5707,Mexico,MEX
s5708,United States,USA
s5709,United States,USA
s5710,United States,USA
s5711,India,IND
s5712,Mexico,MEX
s5713,United States,USA
s5714,United States,USA
s5715,France,FRA
s5715,Qatar,QAT
s5716,Colombia,COL
s5717,United Kingdom,GBR
s5718,Germany,DEU
s5719,India,IND
s5720,United States,USA
s5721,France,FRA
s5722,United States,USA
s5723,Iceland,ISL
s5724,United Kingdom,GBR
s5725,United States,USA
s5726,Austria,AUT
s5727,United Kingdom,GBR
s5728,Taiwan,TWN
s5729,Taiwan,TWN
s5730,Taiwan,TWN
s5731,Taiwan,TWN
s5732,Taiwan,TWN
s5733,Taiwan,TWN
s5734,United States,USA
s5736,Spain,ESP
s5737,Canada,CAN
s5738,Canada,CAN
s5738,United States,USA
s5739,United Kingdom,GBR
s5739,Germany,DEU
s5739,Canada,CAN
s5740,France,FRA
s5741,France,FRA
s5741,Belgium,BEL
s5742,Canada,CAN
s5743,France,FRA
s5744,Spain,ESP
s5745,United States,USA
s5746,United States,USA
s5747,France,FRA
s5748,Japan,JPN
s5749,Japan,JPN
s5750,Japan,JPN
s5751,France,FRA
s5752,Japan,JPN
s5753,United Kingdom,GBR
s5753,France,FRA
s5754,Japan,JPN
s5755,United States,USA
s5756,United States,USA
s5757,United States,USA
s5758,United States,USA
s5759,United States,USA
s5760,United States,USA
s5761,Ireland,IRL
s5761,South Africa,ZAF
s5762,United States,USA
s5763,Taiwan,TWN
s5764,Taiwan,TWN
s5765,New Zealand,NZL
s5766,Brazil,BRA
s5767,Taiwan,TWN
s5768,India,IND
s5769,Taiwan,TWN
s5770,United States,USA
s5770,Russia,RUS
s5771,Chile,CHL
s5771,United States,USA
s5771,France,FRA
s5772,Taiwan,TWN
s5773,Spain,ESP
s5774,United States,USA
s5774,Canada,CAN
s5775,United States,USA
s5777,Netherlands,NLD
s5778,Taiwan,TWN
s5779,India,IND
s5780,United States,USA
s5781,Italy,ITA
s5782,Taiwan,TWN
s5783,Denmark,DNK
s5783,United States,USA
s5784,United States,USA
s5785,United States,USA
s5786,United States,USA
s5793,Canada,CAN
s5793,United States,USA
s5794,United States,USA
s5795,United States,USA
s5796,United Kingdom,GBR
s5797,United States,USA
s5798,United States,USA
s5799,United Kingdom,GBR
s5801,United States,USA
s5802,United Kingdom,GBR
s5803,United Kingdom,GBR
s5804,United States,USA
s5805,United Kingdom,GBR
s5806,Taiwan,TWN
s5807,United Kingdom,GBR
s5808,Japan,JPN
s5809,United States,USA
s5810,United States,USA
s5811,United States,USA
s5812,United States,USA
s5813,United Kingdom,GBR
s5814,United States,USA
s5815,United Kingdom,GBR
s5816,United States,USA
s5817,United States,USA
s5818,United States,USA
s5819,United States,USA
s5820,United States,USA
s5821,United States,USA
s5822,United Kingdom,GBR
s5823,United Kingdom,GBR
s5824,United Kingdom,GBR
s5825,United States,USA
s5826,Colombia,COL
s5827,United Kingdom,GBR
s5828,United States,USA
s5829,United States,USA
s5830,United States,USA
s5830,France,FRA
s5831,United States,USA
s5832,United States,USA
s5833,Canada,CAN
s5834,India,IND
s5834,United Kingdom,GBR
s5835,Japan,JPN
s5836,United States,USA
s5837,United States,USA
s5838,India,IND
s5840,Mexico,MEX
s5841,United States,USA
s5842,China,CHN
s5842,Hong Kong,HKG
s5843,United States,USA
s5844,Japan,JPN
s5845,Australia,AUS
s5846,Australia,AUS
s5847,United States,USA
s5848,United States,USA
s5849,Canada,CAN
s5849,United Kingdom,GBR
s5849,United States,USA
s5850,United States,USA
s5851,United States,USA
s5852,Belgium,BEL
s5852,France,FRA
s5852,Netherlands,NLD
s5853,United States,USA
s5854,Japan,JPN
s5854,United States,USA
s5855,United States,USA
s5856,Canada,CAN
s5857,Japan,JPN
s5858,United States,USA
s5859,Canada,CAN
s5860,United Kingdom,GBR
s5861,United Kingdom,GBR
s5862,United States,USA
s5863,United States,USA
s5864,Japan,JPN
s5865,China,CHN
s5865,United States,USA
s5866,United States,USA
s5867,United States,USA
s5868,United States,USA
s5869,United States,USA
s5870,United States,USA
s5872,United States,USA
s5873,Mexico,MEX
s5874,Hong Kong,HKG
s5874,China,CHN
s5875,Hong Kong,HKG
s5875,China,CHN
s5876,United States,USA
s5877,United States,USA
s5878,France,FRA
s5879,United States,USA
s5880,United States,USA
s5881,Canada,CAN
s5882,United States,USA
s5883,Japan,JPN
s5884,United States,USA
s5885,United States,USA
s5886,United States,USA
s5887,United States,USA
s5888,United States,USA
s5889,United States,USA
s5890,United States,USA
s5891,United States,USA
s5892,United States,USA
s5893,United States,USA
s5894,United Kingdom,GBR
s5894,Ukraine,UKR
s5894,United States,USA
s5895,United States,USA
s5897,United States,USA
s5898,United States,USA
s5899,United States,USA
s5900,United States,USA
s5901,United States,USA
s5902,United States,USA
s5903,Germany,DEU
s5903,Australia,AUS
s5903,France,FRA
s5903,China,CHN
s5904,United States,USA
s5905,United States,USA
s5906,United States,USA
s5907,United States,USA
s5908,United States,USA
s5909,United Kingdom,GBR
s5910,Mexico,MEX
s5911,United States,USA
s5912,United States,USA
s5913,United States,USA
s5914,United States,USA
s5915,France,FRA
s5916,United States,USA
s5917,United States,USA
s5918,United States,USA
s5919,United States,USA
s5921,United States,USA
s5922,United States,USA
s5923,Norway,NOR
s5923,United States,USA
s5924,Canada,CAN
s5925,United States,USA
s5926,United Kingdom,GBR
s5927,United States,USA
s5928,United States,USA
s5929,United States,USA
s5930,United States,USA
s5931,United States,USA
s5931,Bermuda,BMU
s5931,Ecuador,ECU
s5932,United States,USA
s5933,United States,USA
s5934,United States,USA
s5934,Hungary,HUN
s5934,Ireland,IRL
s5934,Canada,CAN
s5935,United States,USA
s5936,United Kingdom,GBR
s5936,Egypt,EGY
s5936,United States,USA
s5937,United States,USA
s5938,United States,USA
s5939,United States,USA
s5940,United States,USA
s5940,United Kingdom,GBR
s5941,United States,USA
s5942,United States,USA
s5943,United States,USA
s5944,United States,USA
s5945,United States,USA
s5946,United States,USA
s5947,United States,USA
s5948,United States,USA
s5949,United States,USA
s5950,United States,USA
s5951,United States,USA
s5952,United States,USA
s5953,United States,USA
s5954,United States,USA
s5954,France,FRA
s5954,United Kingdom,GBR
s5955,Spain,ESP
s5955,Mexico,MEX
s5955,France,FRA
s5959,United States,USA
s5960,United States,USA
s5961,United States,USA
s5962,India,IND
s5963,India,IND
s5964,Nigeria,NGA
s5966,Norway,NOR
s5966,Iceland,ISL
s5966,United States,USA
s5967,India,IND
s5968,United Kingdom,GBR
s5969,India,IND
s5970,India,IND
s5971,India,IND
s5972,United States,USA
s5973,Canada,CAN
s5974,Canada,CAN
s5976,Iceland,ISL
s5977,Turkey,TUR
s5978,United States,USA
s5979,Turkey,TUR
s5980,United States,USA
s5981,United States,USA
s5982,United States,USA
s5982,South Africa,ZAF
s5983,Spain,ESP
s5984,United States,USA
s5985,United Kingdom,GBR
s5986,United States,USA
s5987,South Korea,KOR
s5988,United States,USA
s5989,United States,USA
s5991,Hong Kong,HKG
s5991,China,CHN
s5991,Singapore,SGP
s5992,United States,USA
s5993,United States,USA
s5993,Germany,DEU
s5995,United States,USA
s5996,United States,USA
s5997,United States,USA
s5998,South Korea,KOR
s5999,United Kingdom,GBR
s6000,United States,USA
s6001,United States,USA
s6002,India,IND
s6003,United States,USA
s6004,South Africa,ZAF
s6004,China,CHN
s6004,United States,USA
s6005,Argentina,ARG
s6006,United Kingdom,GBR
s6007,United States,USA
s6009,United States,USA
s6010,Indonesia,IDN
s6011,Canada,CAN
s6012,Egypt,EGY
s6014,Denmark,DNK
s6014,France,FRA
s6014,Poland,POL
s6015,United States,USA
s6016,United States,USA
s6018,United States,USA
s6019,United States,USA
s6020,United States,USA
s6021,Indonesia,IDN
s6022,New Zealand,NZL
s6022,United Kingdom,GBR
s6023,India,IND
s6024,United States,USA
s6025,India,IND
s6026,Pakistan,PAK
s6027,United States,USA
s6028,United States,USA
s6028,China,CHN
s6029,India,IND
s6030,United States,USA
s6031,United States,USA
s6031,United Kingdom,GBR
s6032,United Kingdom,GBR
s6032,United States,USA
s6033,United States,USA
s6034,Netherlands,NLD
s6034,Denmark,DNK
s6034,South Africa,ZAF
s6035,Canada,CAN
s6035,United States,USA
s6036,India,IND
s6037,United States,USA
s6038,Taiwan,TWN
s6039,United States,USA
s6040,United States,USA
s6041,United States,USA
s6042,United States,USA
s6043,United States,USA
s6044,United States,USA
s6045,South Korea,KOR
s6047,United Arab Emirates,ARE
s6047,United States,USA
s6048,United States,USA
s6049,Brazil,BRA
s6050,United States,USA
s6051,Netherlands,NLD
s6052,United Kingdom,GBR
s6053,United States,USA
s6054,United States,USA
s6055,Canada,CAN
s6056,India,IND
s6057,Iran,IRN
s6057,France,FRA
s6058,United States,USA
s6058,United Kingdom,GBR
s6058,France,FRA
s6059,United States,USA
s6060,Israel,ISR
s6060,United States,USA
s6061,United States,USA
s6062,United States,USA
s6063,United States,USA
s6064,India,IND
s6065,United States,USA
s6066,United States,USA
s6068,United States,USA
s6069,Canada,CAN
s6070,United States,USA
s6071,Turkey,TUR
s6072,India,IND
s6073,India,IND
s6074,India,IND
s6075,India,IND
s6076,India,IND
s6077,India,IND
s6078,Egypt,EGY
s6079,India,IND
s6080,South Korea,KOR
s6081,United States,USA
s6082,United Kingdom,GBR
s6082,United States,USA
s6082,France,FRA
s6082,Germany,DEU
s6083,Argentina,ARG
s6084,Mexico,MEX
s6085,Canada,CAN
s6086,United States,USA
s6086,United Kingdom,GBR
s6087,United States,USA
s6088,Turkey,TUR
s6088,United States,USA
s6089,Canada,CAN
s6090,United States,USA
s6091,France,FRA
s6092,Australia,AUS
s6092,France,FRA
s6093,India,IND
s6094,Canada,CAN
s6094,United States,USA
s6095,United Kingdom,GBR
s6096,United States,USA
s6097,United States,USA
s6098,United States,USA
s6099,United States,USA
s6099,Chile,CHL
s6100,United Kingdom,GBR
s6101,United Kingdom,GBR
s6103,India,IND
s6104,India,IND
s6105,United States,USA
s6106,United Kingdom,GBR
s6107,India,IND
s6108,India,IND
s6109,Egypt,EGY
s6110,United States,USA
s6110,Bulgaria,BGR
s6111,Spain,ESP
s6112,United States,USA
s6113,United States,USA
s6114,United States,USA
s6115,Sweden,SWE
s6115,United States,USA
s6116,United States,USA
s6117,Ireland,IRL
s6117,United Kingdom,GBR
s6117,United States,USA
s6118,Spain,ESP
s6118,Italy,ITA
s6119,United States,USA
s6120,United States,USA
s6121,United States,USA
s6122,United Kingdom,GBR
s6123,United Kingdom,GBR
s6123,France,FRA
s6123,Germany,DEU
s6124,United States,USA
s6124,Germany,DEU
s6124,Canada,CAN
s6125,United States,USA
s6126,United States,USA
s6126,India,IND
s6127,United Kingdom,GBR
s6128,United States,USA
s6129,United States,USA
s6130,United Kingdom,GBR
s6131,India,IND
s6132,Egypt,EGY
s6133,United States,USA
s6134,United States,USA
s6135,United States,USA
s6136,United States,USA
s6137,United States,USA
s6138,United States,USA
s6139,United States,USA
s6140,United States,USA
s6141,United States,USA
s6142,Canada,CAN
s6143,Canada,CAN
s6143,Luxembourg,LUX
s6144,United States,USA
s6145,United Kingdom,GBR
s6145,United States,USA
s6146,United States,USA
s6147,United States,USA
s6148,United States,USA
s6148,Canada,CAN
s6149,United States,USA
s6150,United Kingdom,GBR
s6151,India,IND
s6152,United States,USA
s6153,United States,USA
s6154,United States,USA
s6155,United States,USA
s6156,Egypt,EGY
s6157,Taiwan,TWN
s6158,United States,USA
s6159,Egypt,EGY
s6160,India,IND
s6161,Spain,ESP
s6162,United States,USA
s6163,United States,USA
s6164,United States,USA
s6165,United States,USA
s6166,India,IND
s6166,Germany,DEU
s6167,India,IND
s6168,India,IND
s6169,India,IND
s6170,United States,USA
s6171,Brazil,BRA
s6171,Netherlands,NLD
s6171,United States,USA
s6171,Colombia,COL
s6171,Austria,AUT
s6171,Germany,DEU
s6172,United States,USA
s6173,Egypt,EGY
s6176,United States,USA
s6177,India,IND
s6178,Japan,JPN
s6179,United States,USA
s6180,United States,USA
s6181,United States,USA
s6181,Canada,CAN
s6182,France,FRA
s6182,Canada,CAN
s6182,Belgium,BEL
s6183,United States,USA
s6184,Egypt,EGY
s6185,Indonesia,IDN
s6186,United States,USA
s6187,United Kingdom,GBR
s6187,United States,USA
s6188,United States,USA
s6189,United States,USA
s6190,United States,USA
s6191,South Korea,KOR
s6192,United States,USA
s6193,Canada,CAN
s6194,United States,USA
s6194,Canada,CAN
s6195,Canada,CAN
s6195,France,FRA
s6196,United Kingdom,GBR
s6197,Chile,CHL
s6198,United Kingdom,GBR
s6199,Australia,AUS
s6200,Bulgaria,BGR
s6200,United States,USA
s6200,Spain,ESP
s6200,Canada,CAN
s6201,United States,USA
s6202,Sweden,SWE
s6202,Netherlands,NLD
s6203,India,IND
s6204,India,IND
s6205,Turkey,TUR
s6206,France,FRA
s6206,United States,USA
s6206,Mexico,MEX
s6207,India,IND
s6208,Brazil,BRA
s6209,Canada,CAN
s6210,United States,USA
s6211,Australia,AUS
s6211,United Kingdom,GBR
s6211,United Arab Emirates,ARE
s6211,Canada,CAN
s6212,United States,USA
s6213,United States,USA
s6214,United Kingdom,GBR
s6215,Singapore,SGP
s6215,United States,USA
s6216,United States,USA
s6216,Canada,CAN
s6217,India,IND
s6218,India,IND
s6219,United States,USA
s6220,Chile,CHL
s6221,United States,USA
s6222,United States,USA
s6223,United States,USA
s6224,Pakistan,PAK
s6225,Turkey,TUR
s6226,United States,USA
s6227,United States,USA
s6228,Thailand,THA
s6230,Thailand,THA
s6231,Thailand,THA
s6232,Spain,ESP
s6233,India,IND
s6234,Australia,AUS
s6234,Armenia,ARM
s6234,Japan,JPN
s6234,Jordan,JOR
s6234,Mexico,MEX
s6234,Mongolia,MNG
s6234,New Zealand,NZL
s6234,Philippines,PHL
s6234,South Africa,ZAF
s6234,Sweden,SWE
s6234,United States,USA
s6234,Uruguay,URY
s6235,United States,USA
s6236,United States,USA
s6237,United States,USA
s6238,United States,USA
s6239,United States,USA
s6240,United States,USA
s6241,United States,USA
s6241,Canada,CAN
s6242,United States,USA
s6242,Canada,CAN
s6243,United States,USA
s6244,United States,USA
s6245,United States,USA
s6246,Chile,CHL
s6247,India,IND
s6248,United States,USA
s6249,United States,USA
s6249,France,FRA
s6250,Italy,ITA
s6251,United States,USA
s6252,United States,USA
s6253,United States,USA
s6254,United Kingdom,GBR
s6255,India,IND
s6256,India,IND
s6257,United States,USA
s6257,Australia,AUS
s6258,United States,USA
s6259,Russia,RUS
s6260,Germany,DEU
s6261,United Kingdom,GBR
s6261,United States,USA
s6262,United States,USA
s6263,Canada,CAN
s6264,South Korea,KOR
s6265,Canada,CAN
s6267,United States,USA
s6268,United States,USA
s6269,Indonesia,IDN
s6270,Egypt,EGY
s6271,United Kingdom,GBR
s6271,Ireland,IRL
s6272,United States,USA
s6273,United States,USA
s6274,Japan,JPN
s6274,United States,USA
s6275,United States,USA
s6277,Turkey,TUR
s6278,India,IND
s6279,United Kingdom,GBR
s6280,United States,USA
s6281,Canada,CAN
s6282,United States,USA
s6283,United States,USA
s6284,United States,USA
s6285,United States,USA
s6286,Turkey,TUR
s6287,Germany,DEU
s6289,United States,USA
s6290,India,IND
s6291,Egypt,EGY
s6292,Japan,JPN
s6293,United States,USA
s6293,India,IND
s6294,India,IND
s6294,Iran,IRN
s6295,India,IND
s6296,India,IND
s6297,India,IND
s6299,India,IND
s6300,India,IND
s6301,India,IND
s6302,United States,USA
s6302,France,FRA
s6302,Japan,JPN
s6303,United States,USA
s6304,United States,USA
s6305,United Kingdom,GBR
s6306,United States,USA
s6306,Germany,DEU
s6307,United States,USA
s6308,Denmark,DNK
s6309,United States,USA
s6310,United Kingdom,GBR
s6311,United States,USA
s6312,United Kingdom,GBR
s6312,France,FRA
s6313,United States,USA
s6314,India,IND
s6315,India,IND
s6316,Canada,CAN
s6317,United States,USA
s6318,Vietnam,VNM
s6319,Canada,CAN
s6320,Spain,ESP
s6321,India,IND
s6322,United States,USA
s6323,United States,USA
s6323,United Kingdom,GBR
s6324,Turkey,TUR
s6325,Spain,ESP
s6326,United States,USA
s6327,United States,USA
s6328,United States,USA
s6329,Argentina,ARG
s6329,Spain,ESP
s6330,United States,USA
s6331,United States,USA
s6332,United States,USA
s6333,United States,USA
s6334,Australia,AUS
s6334,United States,USA
s6335,France,FRA
s6336,Thailand,THA
s6337,France,FRA
s6338,United States,USA
s6339,France,FRA
s6339,Belgium,BEL
s6339,Spain,ESP
s6340,United States,USA
s6341,United States,USA
s6342,United Kingdom,GBR
s6343,United States,USA
s6343,France,FRA
s6345,United States,USA
s6346,Canada,CAN
s6347,United States,USA
s6349,Canada,CAN
s6350,Denmark,DNK
s6350,Sweden,SWE
s6350,Israel,ISR
s6350,United States,USA
s6351,India,IND
s6352,United Kingdom,GBR
s6353,Ireland,IRL
s6353,United Kingdom,GBR
s6354,United States,USA
s6354,Iceland,ISL
s6355,United States,USA
s6356,United States,USA
s6357,Netherlands,NLD
s6358,Australia,AUS
s6360,India,IND
s6362,United Kingdom,GBR
s6363,United States,USA
s6364,United Kingdom,GBR
s6364,Russia,RUS
s6365,United Kingdom,GBR
s6366,Canada,CAN
s6366,United States,USA
s6367,Brazil,BRA
s6368,United States,USA
s6369,United States,USA
s6370,United States,USA
s6371,United States,USA
s6372,United States,USA
s6372,Israel,ISR
s6372,Italy,ITA
s6372,South Africa,ZAF
s6373,United States,USA
s6374,United States,USA
s6375,India,IND
s6376,Australia,AUS
s6377,United States,USA
s6378,United States,USA
s6380,United States,USA
s6381,China,CHN
s6382,United States,USA
s6383,Canada,CAN
s6384,Canada,CAN
s6385,Canada,CAN
s6387,Indonesia,IDN
s6387,Singapore,SGP
s6388,Netherlands,NLD
s6388,Denmark,DNK
s6388,France,FRA
s6388,Germany,DEU
s6389,United States,USA
s6391,United States,USA
s6392,United States,USA
s6393,South Korea,KOR
s6393,Japan,JPN
s6394,United Kingdom,GBR
s6395,United States,USA
s6396,United States,USA
s6397,Belgium,BEL
s6397,France,FRA
s6398,United States,USA
s6399,United Kingdom,GBR
s6400,Indonesia,IDN
s6401,Argentina,ARG
s6402,South Korea,KOR
s6403,United Kingdom,GBR
s6403,Pakistan,PAK
s6404,India,IND
s6408,Italy,ITA
s6409,Mexico,MEX
s6409,United States,USA
s6410,United States,USA
s6411,United States,USA
s6412,Canada,CAN
s6413,United States,USA
s6414,South Korea,KOR
s6416,United States,USA
s6416,United Kingdom,GBR
s6417,France,FRA
s6418,France,FRA
s6418,New Zealand,NZL
s6419,India,IND
s6420,Ireland,IRL
s6421,United States,USA
s6422,Philippines,PHL
s6423,United Kingdom,GBR
s6423,United States,USA
s6423,Australia,AUS
s6424,United States,USA
s6425,United States,USA
s6426,United States,USA
s6426,Mexico,MEX
s6427,Japan,JPN
s6428,United Kingdom,GBR
s6428,Czech Republic,CZE
s6428,United States,USA
s6428,Germany,DEU
s6428,Bahamas,BHS
s6429,Hong Kong,HKG
s6430,Hong Kong,HKG
s6432,United States,USA
s6433,China,CHN
s6433,Germany,DEU
s6433,India,IND
s6433,United States,USA
s6434,United States,USA
s6434,Australia,AUS
s6435,Canada,CAN
s6436,Norway,NOR
s6437,India,IND
s6438,United States,USA
s6439,India,IND
s6440,India,IND
s6441,India,IND
s6442,Pakistan,PAK
s6443,Germany,DEU
s6443,Sri Lanka,LKA
s6444,United States,USA
s6445,Indonesia,IDN
s6446,United States,USA
s6446,Sweden,SWE
s6447,United Kingdom,GBR
s6447,United States,USA
s6448,United States,USA
s6449,United States,USA
s6450,India,IND
s6451,United States,USA
s6452,Canada,CAN
s6453,Hong Kong,HKG
s6453,China,CHN
s6454,United States,USA
s6455,India,IND
s6455,France,FRA
s6456,Australia,AUS
s6457,United States,USA
s6458,South Korea,KOR
s6459,United States,USA
s6460,United Kingdom,GBR
s6461,United Kingdom,GBR
s6465,India,IND
s6466,India,IND
s6467,United States,USA
s6468,Nigeria,NGA
s6469,United States,USA
s6471,China,CHN
s6473,United States,USA
s6473,India,IND
s6473,Bangladesh,BGD
s6474,United Kingdom,GBR
s6474,United States,USA
s6475,United States,USA
s6475,Canada,CAN
s6475,France,FRA
s6476,United States,USA
s6477,United States,USA
s6478,United States,USA
s6479,Canada,CAN
s6479,United States,USA
s6480,United States,USA
s6481,United States,USA
s6482,United States,USA
s6483,Argentina,ARG
s6484,Malaysia,MYS
s6485,Pakistan,PAK
s6486,India,IND
s6487,United States,USA
s6488,United Kingdom,GBR
s6489,Brazil,BRA
s6489,France,FRA
s6489,Germany,DEU
s6490,United Kingdom,GBR
s6491,United Kingdom,GBR
s6492,United States,USA
s6493,United States,USA
s6493,United Kingdom,GBR
s6493,Australia,AUS
s6494,United States,USA
s6495,United States,USA
s6496,India,IND
s6497,United States,USA
s6498,United States,USA
s6499,United Kingdom,GBR
s6500,United States,USA
s6501,United Kingdom,GBR
s6501,United States,USA
s6502,Germany,DEU
s6502,United States,USA
s6502,Hong Kong,HKG
s6502,Singapore,SGP
s6503,France,FRA
s6503,Germany,DEU
s6503,Switzerland,CHE
s6504,United States,USA
s6511,United States,USA
s6511,Germany,DEU
s6512,United States,USA
s6513,India,IND
s6514,United States,USA
s6515,United States,USA
s6516,India,IND
s6517,Germany,DEU
s6517,France,FRA
s6517,Luxembourg,LUX
s6517,United Kingdom,GBR
s6517,United States,USA
s6518,India,IND
s6519,Canada,CAN
s6519,United States,USA
s6519,United Kingdom,GBR
s6520,United States,USA
s6522,United States,USA
s6523,India,IND
s6524,United Kingdom,GBR
s6524,Canada,CAN
s6524,Italy,ITA
s6525,United States,USA
s6526,Czech Republic,CZE
s6526,France,FRA
s6527,United States,USA
s6528,Vietnam,VNM
s6529,Ireland,IRL
s6530,Turkey,TUR
s6531,India,IND
s6533,United States,USA
s6535,Canada,CAN
s6537,United States,USA
s6538,Canada,CAN
s6539,Australia,AUS
s6540,United States,USA
s6541,United States,USA
s6541,Germany,DEU
s6542,India,IND
s6543,France,FRA
s6544,Taiwan,TWN
s6544,Hong Kong,HKG
s6544,United States,USA
s6544,China,CHN
s6545,United States,USA
s6546,United States,USA
s6547,India,IND
s6548,Turkey,TUR
s6549,United States,USA
s6550,United Kingdom,GBR
s6551,United States,USA
s6552,United States,USA
s6553,Argentina,ARG
s6554,India,IND
s6555,United States,USA
s6555,India,IND
s6556,United States,USA
s6557,Australia,AUS
s6558,Germany,DEU
s6558,Australia,AUS
s6559,Germany,DEU
s6560,Mexico,MEX
s6561,United Kingdom,GBR
s6562,United States,USA
s6563,United States,USA
s6564,Ireland,IRL
s6565,India,IND
s6566,United Kingdom,GBR
s6566,Poland,POL
s6566,United States,USA
s6567,United States,USA
s6567,United Kingdom,GBR
s6567,France,FRA
s6568,India,IND
s6569,India,IND
s6570,India,IND
s6571,United Kingdom,GBR
s6571,United States,USA
s6572,China,CHN
s6573,Taiwan,TWN
s6574,United States,USA
s6575,Netherlands,NLD
s6576,United States,USA
s6577,United Kingdom,GBR
s6578,India,IND
s6579,United States,USA
s6580,United States,USA
s6581,India,IND
s6582,United States,USA
s6583,Canada,CAN
s6584,United States,USA
s6585,United States,USA
s6586,United Kingdom,GBR
s6587,United States,USA
s6588,Australia,AUS
s6589,India,IND
s6590,United States,USA
s6591,United States,USA
s6592,Denmark,DNK
s6592,Zimbabwe,ZWE
s6593,United States,USA
s6594,United States,USA
s6596,United States,USA
s6597,Egypt,EGY
s6598,United Kingdom,GBR
s6598,South Africa,ZAF
s6599,United States,USA
s6600,Finland,FIN
s6600,Sweden,SWE
s6600,Norway,NOR
s6600,Latvia,LVA
s6600,Germany,DEU
s6601,Canada,CAN
s6602,India,IND
s6603,India,IND
s6604,United States,USA
s6605,India,IND
s6606,China,CHN
s6606,Hong Kong,HKG
s6607,United Kingdom,GBR
s6608,United Kingdom,GBR
s6609,France,FRA
s6609,Belgium,BEL
s6610,United Kingdom,GBR
s6610,United States,USA
s6611,India,IND
s6613,United States,USA
s6614,Canada,CAN
s6615,Hong Kong,HKG
s6616,United States,USA
s6617,United States,USA
s6618,South Africa,ZAF
s6618,United States,USA
s6618,New Zealand,NZL
s6618,Canada,CAN
s6620,United States,USA
s6620,Italy,ITA
s6620,United Kingdom,GBR
s6620,Liechtenstein,LIE
s6621,United States,USA
s6622,United States,USA
s6623,United States,USA
s6624,Denmark,DNK
s6624,France,FRA
s6624,Belgium,BEL
s6624,Italy,ITA
s6624,Netherlands,NLD
s6624,United States,USA
s6624,United Kingdom,GBR
s6625,United States,USA
s6626,United States,USA
s6627,United States,USA
s6627,Australia,AUS
s6627,Mexico,MEX
s6628,France,FRA
s6629,France,FRA
s6630,France,FRA
s6631,United Kingdom,GBR
s6632,United Kingdom,GBR
s6633,United States,USA
s6634,United States,USA
s6635,United Kingdom,GBR
s6635,Czech Republic,CZE
s6635,Germany,DEU
s6635,United States,USA
s6636,United States,USA
s6637,Hong Kong,HKG
s6638,United States,USA
s6639,United States,USA
s6640,United States,USA
s6641,France,FRA
s6641,China,CHN
s6641,Japan,JPN
s6641,United States,USA
s6642,United States,USA
s6643,United States,USA
s6644,United States,USA
s6645,United States,USA
s6647,United States,USA
s6647,South Korea,KOR
s6647,China,CHN
s6648,United States,USA
s6649,Germany,DEU
s6650,Germany,DEU
s6650,Belgium,BEL
s6651,United States,USA
s6652,United States,USA
s6653,United States,USA
s6653,Chile,CHL
s6654,Pakistan,PAK
s6654,Norway,NOR
s6654,United States,USA
s6655,India,IND
s6656,United States,USA
s6657,United Kingdom,GBR
s6658,United States,USA
s6659,Brazil,BRA
s6660,United Kingdom,GBR
s6662,United States,USA
s6663,United States,USA
s6664,Taiwan,TWN
s6665,United States,USA
s6666,United States,USA
s6667,India,IND
s6668,India,IND
s6669,India,IND
s6670,India,IND
s6671,United States,USA
s6671,Canada,CAN
s6671,Belgium,BEL
s6671,United Kingdom,GBR
s6672,Spain,ESP
s6673,Colombia,COL
s6674,Colombia,COL
s6675,Mexico,MEX
s6676,Venezuela,VEN
s6677,United States,USA
s6678,Spain,ESP
s6679,United States,USA
s6681,Netherlands,NLD
s6682,United Kingdom,GBR
s6683,United States,USA
s6684,France,FRA
s6687,United Kingdom,GBR
s6688,United States,USA
s6689,Indonesia,IDN
s6690,Australia,AUS
s6691,United States,USA
s6692,Canada,CAN
s6692,France,FRA
s6692,Italy,ITA
s6692,Morocco,MAR
s6692,United States,USA
s6693,United States,USA
s6695,India,IND
s6696,United Kingdom,GBR
s6697,United States,USA
s6699,Canada,CAN
s6699,Spain,ESP
s6699,France,FRA
s6700,United States,USA
s6701,Canada,CAN
s6703,United States,USA
s6703,Indonesia,IDN
s6704,United States,USA
s6705,Poland,POL
s6706,Argentina,ARG
s6707,Mexico,MEX
s6708,India,IND
s6709,Italy,ITA
s6711,United States,USA
s6712,United Kingdom,GBR
s6712,United States,USA
s6713,United States,USA
s6714,Spain,ESP
s6714,France,FRA
s6714,Italy,ITA
s6715,United Kingdom,GBR
s6716,United States,USA
s6717,United Kingdom,GBR
s6718,China,CHN
s6720,United States,USA
s6721,Norway,NOR
s6722,United States,USA
s6723,United States,USA
s6724,United States,USA
s6725,United Kingdom,GBR
s6725,United States,USA
s6726,Turkey,TUR
s6727,Turkey,TUR
s6728,Turkey,TUR
s6729,Turkey,TUR
s6730,United States,USA
s6731,United States,USA
s6732,Japan,JPN
s6733,United Kingdom,GBR
s6734,India,IND
s6735,United States,USA
s6736,United States,USA
s6737,Germany,DEU
s6738,India,IND
s6739,United States,USA
s6740,India,IND
s6741,Egypt,EGY
s6743,United Kingdom,GBR
s6744,United States,USA
s6745,India,IND
s6746,United States,USA
s6747,United States,USA
s6748,Nigeria,NGA
s6749,United Kingdom,GBR
s6750,United States,USA
s6751,Turkey,TUR
s6752,United States,USA
s6753,Indonesia,IDN
s6754,United States,USA
s6755,United States,USA
s6755,Canada,CAN
s6756,United States,USA
s6756,Germany,DEU
s6757,Italy,ITA
s6757,France,FRA
s6758,India,IND
s6759,United States,USA
s6760,United Kingdom,GBR
s6760,Canada,CAN
s6760,United States,USA
s6761,United Kingdom,GBR
s6763,United States,USA
s6765,United Arab Emirates,ARE
s6766,Hong Kong,HKG
s6767,United States,USA
s6768,Canada,CAN
s6768,United States,USA
s6769,Egypt,EGY
s6770,United States,USA
s6771,South Korea,KOR
s6772,Hong Kong,HKG
s6773,United Arab Emirates,ARE
s6773,United States,USA
s6773,United Kingdom,GBR
s6775,United States,USA
s6776,Spain,ESP
s6777,United States,USA
s6778,United States,USA
s6779,Mexico,MEX
s6780,United Kingdom,GBR
s6781,United States,USA
s6782,United States,USA
s6783,United States,USA
s6784,United Kingdom,GBR
s6785,United States,USA
s6786,United Kingdom,GBR
s6787,Brazil,BRA
s6788,United Kingdom,GBR
s6788,Israel,ISR
s6788,Russia,RUS
s6789,United Kingdom,GBR
s6790,United States,USA
s6792,Spain,ESP
s6792,Cuba,CUB
s6793,United Kingdom,GBR
s6794,United States,USA
s6794,Germany,DEU
s6795,United States,USA
s6795,Brazil,BRA
s6797,United States,USA
s6799,United States,USA
s6799,France,FRA
s6799,Mexico,MEX
s6800,United States,USA
s6800,Nicaragua,NIC
s6801,Egypt,EGY
s6802,United States,USA
s6803,United States,USA
s6804,United States,USA
s6805,United States,USA
s6806,Germany,DEU
s6808,Egypt,EGY
s6809,France,FRA
s6809,United Kingdom,GBR
s6809,United States,USA
s6810,United States,USA
s6811,United Kingdom,GBR
s6811,United States,USA
s6811,Spain,ESP
s6811,Germany,DEU
s6811,Greece,GRC
s6811,Canada,CAN
s6812,United Kingdom,GBR
s6812,United States,USA
s6812,Spain,ESP
s6812,Germany,DEU
s6812,Greece,GRC
s6812,Canada,CAN
s6813,United Kingdom,GBR
s6813,United States,USA
s6813,Spain,ESP
s6813,Germany,DEU
s6813,Greece,GRC
s6813,Canada,CAN
s6814,United States,USA
s6815,Canada,CAN
s6815,United States,USA
s6816,United States,USA
s6817,Vietnam,VNM
s6818,United States,USA
s6818,United Kingdom,GBR
s6819,United States,USA
s6820,Brazil,BRA
s6820,France,FRA
s6821,India,IND
s6822,Russia,RUS
s6823,United States,USA
s6824,Indonesia,IDN
s6825,Taiwan,TWN
s6826,India,IND
s6827,United States,USA
s6827,Italy,ITA
s6828,Japan,JPN
s6829,Indonesia,IDN
s6830,Indonesia,IDN
s6831,Japan,JPN
s6831,United States,USA
s6832,India,IND
s6833,India,IND
s6834,United States,USA
s6835,United Kingdom,GBR
s6836,United Kingdom,GBR
s6837,Sweden,SWE
s6838,United States,USA
s6838,Australia,AUS
s6839,Italy,ITA
s6839,Canada,CAN
s6839,France,FRA
s6840,United States,USA
s6841,United Kingdom,GBR
s6841,United States,USA
s6842,United States,USA
s6843,United States,USA
s6844,United States,USA
s6845,India,IND
s6846,Thailand,THA
s6846,United States,USA
s6847,Japan,JPN
s6848,United States,USA
s6848,Australia,AUS
s6849,Japan,JPN
s6850,United States,USA
s6851,Japan,JPN
s6852,India,IND
s6853,Indonesia,IDN
s6854,United States,USA
s6855,United Kingdom,GBR
s6855,Denmark,DNK
s6855,Canada,CAN
s6855,Croatia,HRV
s6856,Philippines,PHL
s6857,United States,USA
s6859,United States,USA
s6860,United States,USA
s6861,China,CHN
s6861,Hong Kong,HKG
s6862,United States,USA
s6863,United States,USA
s6864,United Kingdom,GBR
s6865,India,IND
s6866,Japan,JPN
s6867,United Kingdom,GBR
s6867,United States,USA
s6868,United States,USA
s6869,United States,USA
s6870,Australia,AUS
s6871,India,IND
s6872,Italy,ITA
s6872,Germany,DEU
s6873,United States,USA
s6874,Turkey,TUR
s6875,United States,USA
s6876,United States,USA
s6877,United States,USA
s6878,Egypt,EGY
s6879,United States,USA
s6879,France,FRA
s6879,United Kingdom,GBR
s6879,Japan,JPN
s6880,United States,USA
s6880,United Kingdom,GBR
s6880,Denmark,DNK
s6880,Sweden,SWE
s6882,United States,USA
s6883,United States,USA
s6883,Canada,CAN
s6884,United States,USA
s6884,United Kingdom,GBR
s6885,United States,USA
s6885,United Kingdom,GBR
s6885,Italy,ITA
s6886,United States,USA
s6888,India,IND
s6889,Germany,DEU
s6889,United States,USA
s6890,United Kingdom,GBR
s6891,Spain,ESP
s6892,India,IND
s6893,United States,USA
s6894,United States,USA
s6895,United Kingdom,GBR
s6896,United Kingdom,GBR
s6897,United States,USA
s6898,Nigeria,NGA
s6899,United States,USA
s6900,United States,USA
s6901,Canada,CAN
s6903,United Kingdom,GBR
s6904,Chile,CHL
s6905,Turkey,TUR
s6906,Turkey,TUR
s6908,India,IND
s6909,Turkey,TUR
s6910,United States,USA
s6910,United Kingdom,GBR
s6910,Canada,CAN
s6911,United States,USA
s6911,Japan,JPN
s6912,United States,USA
s6913,India,IND
s6914,United States,USA
s6915,Egypt,EGY
s6916,United States,USA
s6917,United States,USA
s6918,United States,USA
s6919,United Kingdom,GBR
s6920,Taiwan,TWN
s6921,United States,USA
s6922,Mexico,MEX
s6923,United Kingdom,GBR
s6924,United States,USA
s6925,United Kingdom,GBR
s6926,Russia,RUS
s6926,United States,USA
s6926,China,CHN
s6928,United States,USA
s6929,United States,USA
s6929,Canada,CAN
s6929,Germany,DEU
s6930,United States,USA
s6931,United Kingdom,GBR
s6932,United States,USA
s6932,Canada,CAN
s6933,Malaysia,MYS
s6934,United States,USA
s6935,United States,USA
s6936,United States,USA
s6937,India,IND
s6938,Indonesia,IDN
s6939,United States,USA
s6940,United States,USA
s6941,Australia,AUS
s6942,Canada,CAN
s6942,United States,USA
s6943,United States,USA
s6944,Ireland,IRL
s6944,United States,USA
s6945,United States,USA
s6945,United Arab Emirates,ARE
s6946,United States,USA
s6947,United States,USA
s6948,Australia,AUS
s6949,United States,USA
s6950,United States,USA
s6951,United States,USA
s6952,Canada,CAN
s6953,United States,USA
s6953,China,CHN
s6954,United States,USA
s6954,Canada,CAN
s6955,United States,USA
s6956,Canada,CAN
s6956,United Kingdom,GBR
s6957,United States,USA
s6958,United States,USA
s6959,United States,USA
s6960,United States,USA
s6961,India,IND
s6962,United States,USA
s6963,Hong Kong,HKG
s6963,China,CHN
s6964,Denmark,DNK
s6965,United States,USA
s6966,South Korea,KOR
s6967,India,IND
s6968,China,CHN
s6969,Australia,AUS
s6970,Canada,CAN
s6971,United States,USA
s6972,United Kingdom,GBR
s6973,United Kingdom,GBR
s6974,India,IND
s6974,United States,USA
s6975,Argentina,ARG
s6976,India,IND
s6977,Australia,AUS
s6978,United States,USA
s6979,United Kingdom,GBR
s6980,France,FRA
s6981,Pakistan,PAK
s6982,United States,USA
s6983,Turkey,TUR
s6984,Australia,AUS
s6985,United States,USA
s6985,Ireland,IRL
s6986,United States,USA
s6987,Thailand,THA
s6988,Thailand,THA
s6989,India,IND
s6991,United States,USA
s6992,United States,USA
s6993,United States,USA
s6994,India,IND
s6995,United States,USA
s6996,United States,USA
s6996,South Africa,ZAF
s6997,Thailand,THA
s6998,United States,USA
s6998,Canada,CAN
s6999,United Kingdom,GBR
s7000,India,IND
s7001,Ireland,IRL
s7001,United Kingdom,GBR
s7001,Italy,ITA
s7001,United States,USA
s7003,United States,USA
s7004,United States,USA
s7005,United Kingdom,GBR
s7006,United States,USA
s7007,Belgium,BEL
s7008,Poland,POL
s7009,United States,USA
s7010,United States,USA
s7010,Canada,CAN
s7011,United States,USA
s7011,Canada,CAN
s7012,Slovenia,SVN
s7012,Croatia,HRV
s7012,Germany,DEU
s7012,Czech Republic,CZE
s7012,Qatar,QAT
s7013,United States,USA
s7013,United Kingdom,GBR
s7014,United States,USA
s7015,Mexico,MEX
s7015,United States,USA
s7016,United States,USA
s7017,Canada,CAN
s7017,United Kingdom,GBR
s7017,Netherlands,NLD
s7019,United States,USA
s7020,United States,USA
s7021,India,IND
s7022,United States,USA
s7023,India,IND
s7024,India,IND
s7025,Pakistan,PAK
s7026,United Kingdom,GBR
s7027,Canada,CAN
s7028,United States,USA
s7028,Spain,ESP
s7028,Germany,DEU
s7029,United Kingdom,GBR
s7030,United States,USA
s7030,Italy,ITA
s7031,United States,USA
s7032,United States,USA
s7033,United States,USA
s7035,Argentina,ARG
s7036,India,IND
s7036,Japan,JPN
s7037,United Kingdom,GBR
s7038,United States,USA
s7039,United States,USA
s7040,Mexico,MEX
s7041,China,CHN
s7042,China,CHN
s7042,South Korea,KOR
s7042,United States,USA
s7043,United Kingdom,GBR
s7044,United States,USA
s7045,United States,USA
s7047,Thailand,THA
s7048,United Kingdom,GBR
s7048,France,FRA
s7048,Belgium,BEL
s7049,United States,USA
s7050,United States,USA
s7051,United States,USA
s7052,Canada,CAN
s7052,Ireland,IRL
s7052,United States,USA
s7053,China,CHN
s7053,Hong Kong,HKG
s7054,India,IND
s7055,United States,USA
s7056,United States,USA
s7056,France,FRA
s7057,United States,USA
s7058,United States,USA
s7058,Germany,DEU
s7059,France,FRA
s7060,Taiwan,TWN
s7061,United States,USA
s7062,United Kingdom,GBR
s7062,United States,USA
s7062,Dominican Republic,DOM
s7063,Turkey,TUR
s7064,Serbia,SRB
s7064,United States,USA
s7065,India,IND
s7066,United Kingdom,GBR
s7066,United States,USA
s7067,United States,USA
s7067,Senegal,SEN
s7068,United States,USA
s7069,India,IND
s7070,United Kingdom,GBR
s7071,United States,USA
s7072,United States,USA
s7073,United States,USA
s7074,United States,USA
s7075,United States,USA
s7076,United States,USA
s7077,United Kingdom,GBR
s7078,Germany,DEU
s7078,United States,USA
s7079,Germany,DEU
s7079,United Kingdom,GBR
s7079,United States,USA
s7080,India,IND
s7081,United Kingdom,GBR
s7082,United States,USA
s7083,Israel,ISR
s7084,United Kingdom,GBR
s7085,Mexico,MEX
s7086,Canada,CAN
s7087,United States,USA
s7088,Canada,CAN
s7089,Japan,JPN
s7090,Japan,JPN
s7091,Japan,JPN
s7092,United States,USA
s7093,Canada,CAN
s7094,South Africa,ZAF
s7094,Germany,DEU
s7094,Netherlands,NLD
s7094,France,FRA
s7095,India,IND
s7096,India,IND
s7097,United States,USA
s7098,United States,USA
s7099,Canada,CAN
s7099,United States,USA
s7099,United Kingdom,GBR
s7099,France,FRA
s7099,Luxembourg,LUX
s7100,India,IND
s7101,United Kingdom,GBR
s7102,South Korea,KOR
s7103,India,IND
s7104,United States,USA
s7106,Spain,ESP
s7107,Egypt,EGY
s7108,United States,USA
s7110,India,IND
s7111,France,FRA
s7111,Belgium,BEL
s7112,Canada,CAN
s7113,United States,USA
s7113,Ireland,IRL
s7114,United States,USA
s7115,Vietnam,VNM
s7116,India,IND
s7118,India,IND
s7119,India,IND
s7120,Pakistan,PAK
s7121,Japan,JPN
s7122,United States,USA
s7123,Poland,POL
s7124,United States,USA
s7125,United States,USA
s7126,United States,USA
s7127,United States,USA
s7128,Ireland,IRL
s7128,United States,USA
s7128,France,FRA
s7129,United States,USA
s7130,India,IND
s7131,United States,USA
s7132,Russia,RUS
s7133,United States,USA
s7135,United Kingdom,GBR
s7136,India,IND
s7137,United States,USA
s7138,India,IND
s7140,United States,USA
s7141,United Kingdom,GBR
s7142,India,IND
s7143,Chile,CHL
s7144,Mexico,MEX
s7145,India,IND
s7146,United States,USA
s7149,United States,USA
s7150,United States,USA
s7151,United States,USA
s7152,United States,USA
s7152,Australia,AUS
s7153,Germany,DEU
s7153,United States,USA
s7153,Canada,CAN
s7154,Hong Kong,HKG
s7155,United States,USA
s7156,Japan,JPN
s7157,United Kingdom,GBR
s7157,Germany,DEU
s7157,Canada,CAN
s7157,United States,USA
s7158,Turkey,TUR
s7159,India,IND
s7160,India,IND
s7161,India,IND
s7162,India,IND
s7163,India,IND
s7164,India,IND
s7165,United States,USA
s7165,France,FRA
s7165,Canada,CAN
s7165,Lebanon,LBN
s7165,Qatar,QAT
s7166,India,IND
s7167,United Kingdom,GBR
s7168,India,IND
s7169,India,IND
s7170,India,IND
s7171,United States,USA
s7172,India,IND
s7173,United States,USA
s7174,India,IND
s7175,India,IND
s7176,United States,USA
s7177,United States,USA
s7178,United States,USA
s7179,United States,USA
s7180,United States,USA
s7181,United States,USA
s7182,United States,USA
s7183,Pakistan,PAK
s7184,India,IND
s7185,India,IND
s7186,India,IND
s7187,India,IND
s7188,India,IND
s7189,India,IND
s7190,India,IND
s7191,India,IND
s7192,United States,USA
s7193,United States,USA
s7194,United States,USA
s7195,Philippines,PHL
s7196,Netherlands,NLD
s7196,Belgium,BEL
s7196,United Kingdom,GBR
s7196,United States,USA
s7198,United States,USA
s7198,Japan,JPN
s7199,United States,USA
s7200,United Kingdom,GBR
s7201,France,FRA
s7202,United States,USA
s7203,United States,USA
s7204,United States,USA
s7206,Hungary,HUN
s7207,United Kingdom,GBR
s7208,United States,USA
s7209,United States,USA
s7209,Canada,CAN
s7211,United States,USA
s7212,France,FRA
s7212,Belgium,BEL
s7212,China,CHN
s7212,United States,USA
s7213,India,IND
s7214,United States,USA
s7216,United Kingdom,GBR
s7217,Malaysia,MYS
s7218,Japan,JPN
s7219,United States,USA
s7219,Chile,CHL
s7219,Israel,ISR
s7220,United States,USA
s7221,United States,USA
s7221,United Kingdom,GBR
s7221,Australia,AUS
s7222,United Kingdom,GBR
s7224,United Kingdom,GBR
s7224,Norway,NOR
s7224,Denmark,DNK
s7224,Germany,DEU
s7224,Sweden,SWE
s7225,India,IND
s7226,Norway,NOR
s7226,Denmark,DNK
s7226,Sweden,SWE
s7231,India,IND
s7235,United States,USA
s7237,United States,USA
s7238,United States,USA
s7239,India,IND
s7240,Hong Kong,HKG
s7240,China,CHN
s7240,United States,USA
s7241,Mexico,MEX
s7241,United States,USA
s7242,United States,USA
s7243,China,CHN
s7243,India,IND
s7243,Nepal,NPL
s7245,United Kingdom,GBR
s7246,Turkey,TUR
s7247,Turkey,TUR
s7248,India,IND
s7249,United States,USA
s7250,India,IND
s7251,Argentina,ARG
s7252,United States,USA
s7253,United States,USA
s7254,Italy,ITA
s7257,Mexico,MEX
s7258,Mexico,MEX
s7259,Colombia,COL
s7259,Mexico,MEX
s7259,United States,USA
s7260,India,IND
s7261,Thailand,THA
s7262,Hong Kong,HKG
s7263,United States,USA
s7264,United States,USA
s7265,Colombia,COL
s7266,India,IND
s7267,United Kingdom,GBR
s7268,United States,USA
s7268,Mexico,MEX
s7269,South Korea,KOR
s7270,United States,USA
s7271,United Kingdom,GBR
s7271,South Korea,KOR
s7272,United States,USA
s7272,France,FRA
s7273,France,FRA
s7274,France,FRA
s7275,United States,USA
s7275,Ireland,IRL
s7276,United States,USA
s7277,United States,USA
s7278,United States,USA
s7280,United Kingdom,GBR
s7281,India,IND
s7282,United States,USA
s7282,Canada,CAN
s7283,United States,USA
s7283,Australia,AUS
s7284,China,CHN
s7285,Hong Kong,HKG
s7286,United States,USA
s7287,United States,USA
s7289,Denmark,DNK
s7291,Denmark,DNK
s7291,China,CHN
s7293,United States,USA
s7293,Italy,ITA
s7294,France,FRA
s7295,United States,USA
s7296,Turkey,TUR
s7297,United States,USA
s7298,Canada,CAN
s7299,United States,USA
s7300,United States,USA
s7301,United States,USA
s7302,United Kingdom,GBR
s7303,Canada,CAN
s7304,Hong Kong,HKG
s7305,United States,USA
s7306,Mexico,MEX
s7307,United States,USA
s7308,United Kingdom,GBR
s7309,United States,USA
s7309,India,IND
s7310,Egypt,EGY
s7312,Hong Kong,HKG
s7313,Australia,AUS
s7314,Australia,AUS
s7315,Australia,AUS
s7316,United States,USA
s7316,Greece,GRC
s7316,Brazil,BRA
s7317,United States,USA
s7321,United States,USA
s7322,United States,USA
s7323,United States,USA
s7324,United States,USA
s7325,Spain,ESP
s7326,Mexico,MEX
s7327,United Kingdom,GBR
s7328,United Kingdom,GBR
s7328,United States,USA
s7329,France,FRA
s7329,United States,USA
s7330,Mexico,MEX
s7331,United States,USA
s7332,South Korea,KOR
s7332,France,FRA
s7333,United Kingdom,GBR
s7333,United States,USA
s7334,United Kingdom,GBR
s7335,Canada,CAN
s7336,Hong Kong,HKG
s7337,Germany,DEU
s7338,India,IND
s7341,Colombia,COL
s7342,United States,USA
s7342,Australia,AUS
s7342,Samoa,WSM
s7342,United Kingdom,GBR
s7343,Canada,CAN
s7344,Taiwan,TWN
s7345,United States,USA
s7346,Hong Kong,HKG
s7347,India,IND
s7348,Hong Kong,HKG
s7349,South Korea,KOR
s7351,United States,USA
s7352,Egypt,EGY
s7353,Indonesia,IDN
s7354,United Kingdom,GBR
s7355,Germany,DEU
s7355,United Kingdom,GBR
s7356,United States,USA
s7357,United States,USA
s7358,Hong Kong,HKG
s7359,Argentina,ARG
s7360,China,CHN
s7361,India,IND
s7362,India,IND
s7363,Argentina,ARG
s7363,Chile,CHL
s7363,Peru,PER
s7364,India,IND
s7365,India,IND
s7365,France,FRA
s7366,United States,USA
s7367,India,IND
s7368,Australia,AUS
s7368,United States,USA
s7369,United States,USA
s7370,United States,USA
s7372,Hong Kong,HKG
s7373,India,IND
s7374,United States,USA
s7375,Chile,CHL
s7376,Italy,ITA
s7377,Japan,JPN
s7378,France,FRA
s7378,Belgium,BEL
s7379,France,FRA
s7380,Norway,NOR
s7381,India,IND
s7382,India,IND
s7383,India,IND
s7384,India,IND
s7385,Hong Kong,HKG
s7386,Turkey,TUR
s7386,Azerbaijan,AZE
s7387,India,IND
s7388,India,IND
s7389,India,IND
s7390,United States,USA
s7391,United States,USA
s7391,China,CHN
s7391,Hong Kong,HKG
s7392,United Kingdom,GBR
s7392,France,FRA
s7394,India,IND
s7395,India,IND
s7396,United States,USA
s7397,United States,USA
s7398,United States,USA
s7399,United Kingdom,GBR
s7400,United Kingdom,GBR
s7401,India,IND
s7402,India,IND
s7403,United Kingdom,GBR
s7404,Canada,CAN
s7404,United States,USA
s7405,United States,USA
s7408,India,IND
s7409,United States,USA
s7410,United States,USA
s7411,Hong Kong,HKG
s7411,China,CHN
s7412,United States,USA
s7413,United States,USA
s7414,India,IND
s7416,United States,USA
s7417,Japan,JPN
s7418,United States,USA
s7418,United Kingdom,GBR
s7419,United Kingdom,GBR
s7420,India,IND
s7421,South Korea,KOR
s7422,Argentina,ARG
s7423,India,IND
s7424,United States,USA
s7425,Hong Kong,HKG
s7426,Egypt,EGY
s7427,United States,USA
s7428,United States,USA
s7429,India,IND
s7430,Mexico,MEX
s7431,Canada,CAN
s7432,United States,USA
s7433,Canada,CAN
s7434,Poland,POL
s7434,West Germany,DEU
s7435,United Kingdom,GBR
s7436,United Kingdom,GBR
s7437,Australia,AUS
s7438,India,IND
s7440,United States,USA
s7441,South Korea,KOR
s7442,Germany,DEU
s7442,United States,USA
s7442,Sweden,SWE
s7443,United States,USA
s7444,United States,USA
s7445,Canada,CAN
s7445,Spain,ESP
s7446,Indonesia,IDN
s7448,Spain,ESP
s7449,Nigeria,NGA
s7450,United States,USA
s7451,India,IND
s7452,United Kingdom,GBR
s7453,United States,USA
s7453,Cambodia,KHM
s7454,India,IND
s7455,United States,USA
s7455,Greece,GRC
s7457,United States,USA
s7458,France,FRA
s7459,India,IND
s7460,United States,USA
s7461,Canada,CAN
s7461,United States,USA
s7462,United States,USA
s7462,Canada,CAN
s7463,India,IND
s7464,Mexico,MEX
s7465,Japan,JPN
s7466,Norway,NOR
s7466,United Kingdom,GBR
s7466,France,FRA
s7466,Ireland,IRL
s7467,United States,USA
s7468,United States,USA
s7469,Taiwan,TWN
s7470,United States,USA
s7471,United States,USA
s7472,United States,USA
s7472,United Kingdom,GBR
s7473,United Kingdom,GBR
s7473,Poland,POL
s7474,Malaysia,MYS
s7475,United States,USA
s7476,India,IND
s7477,United States,USA
s7478,United States,USA
s7479,Nigeria,NGA
s7480,China,CHN
s7480,Canada,CAN
s7480,United States,USA
s7481,South Korea,KOR
s7482,United States,USA
s7483,United States,USA
s7483,Spain,ESP
s7485,United States,USA
s7486,United Kingdom,GBR
s7487,Canada,CAN
s7488,Egypt,EGY
s7489,Germany,DEU
s7489,United Kingdom,GBR
s7490,United States,USA
s7491,United States,USA
s7492,United States,USA
s7493,United States,USA
s7494,United States,USA
s7495,United States,USA
s7496,United States,USA
s7497,United States,USA
s7498,United States,USA
s7499,United States,USA
s7500,United States,USA
s7501,United States,USA
s7502,United States,USA
s7503,Canada,CAN
s7504,United States,USA
s7504,Germany,DEU
s7505,United Kingdom,GBR
s7506,United Kingdom,GBR
s7507,United Kingdom,GBR
s7507,United States,USA
s7508,United States,USA
s7509,France,FRA
s7509,Belgium,BEL
s7510,Pakistan,PAK
s7510,United States,USA
s7511,Germany,DEU
s7511,United States,USA
s7512,United States,USA
s7513,India,IND
s7514,India,IND
s7515,Australia,AUS
s7516,United States,USA
s7517,United States,USA
s7518,United States,USA
s7519,Israel,ISR
s7519,Sweden,SWE
s7519,Germany,DEU
s7519,Netherlands,NLD
s7520,Hong Kong,HKG
s7521,United States,USA
s7522,Canada,CAN
s7523,Egypt,EGY
s7525,India,IND
s7526,France,FRA
s7527,United States,USA
s7528,United States,USA
s7529,United States,USA
s7530,Spain,ESP
s7531,United States,USA
s7532,Canada,CAN
s7533,India,IND
s7534,United States,USA
s7535,Egypt,EGY
s7536,United States,USA
s7537,Canada,CAN
s7538,Italy,ITA
s7539,United Kingdom,GBR
s7540,Switzerland,CHE
s7540,France,FRA
s7542,United States,USA
s7542,Canada,CAN
s7543,United States,USA
s7543,Canada,CAN
s7545,Hong Kong,HKG
s7546,United Kingdom,GBR
s7547,United States,USA
s7548,United Kingdom,GBR
s7549,Thailand,THA
s7550,United Kingdom,GBR
s7550,United States,USA
s7552,United States,USA
s7553,India,IND
s7554,United States,USA
s7554,Mexico,MEX
s7555,Italy,ITA
s7555,India,IND
s7556,Ireland,IRL
s7557,United States,USA
s7557,Botswana,BWA
s7558,India,IND
s7559,United States,USA
s7560,Japan,JPN
s7561,United States,USA
s7562,United States,USA
s7564,United States,USA
s7565,United States,USA
s7566,India,IND
s7567,United States,USA
s7568,United States,USA
s7569,United Kingdom,GBR
s7569,United States,USA
s7570,United States,USA
s7571,United States,USA
s7572,United States,USA
s7572,United Kingdom,GBR
s7573,United States,USA
s7573,United Kingdom,GBR
s7574,United Kingdom,GBR
s7575,United Kingdom,GBR
s7576,United States,USA
s7577,United States,USA
s7578,Chile,CHL
s7578,Argentina,ARG
s7578,France,FRA
s7578,Spain,ESP
s7578,United States,USA
s7579,United States,USA
s7580,United States,USA
s7581,United States,USA
s7582,United States,USA
s7583,India,IND
s7584,United States,USA
s7585,United States,USA
s7586,United States,USA
s7588,United States,USA
s7588,Australia,AUS
s7589,Japan,JPN
s7590,Canada,CAN
s7590,United States,USA
s7591,India,IND
s7592,Chile,CHL
s7593,United States,USA
s7594,Norway,NOR
s7595,United States,USA
s7596,India,IND
s7596,United States,USA
s7597,United States,USA
s7597,India,IND
s7597,South Korea,KOR
s7597,China,CHN
s7598,United Kingdom,GBR
s7599,United States,USA
s7600,United States,USA
s7601,United States,USA
s7602,United States,USA
s7603,United States,USA
s7604,United States,USA
s7605,United States,USA
s7606,United States,USA
s7607,United States,USA
s7608,United States,USA
s7609,United States,USA
s7610,United States,USA
s7611,United States,USA
s7612,United States,USA
s7613,United States,USA
s7614,United States,USA
s7615,United States,USA
s7616,United States,USA
s7617,United States,USA
s7618,United States,USA
s7619,United States,USA
s7620,United States,USA
s7621,United States,USA
s7622,United States,USA
s7623,United Kingdom,GBR
s7623,Canada,CAN
s7624,Germany,DEU
s7626,Israel,ISR
s7627,Italy,ITA
s7628,Japan,JPN
s7629,United States,USA
s7630,United Kingdom,GBR
s7631,Denmark,DNK
s7631,Germany,DEU
s7631,Belgium,BEL
s7631,United Kingdom,GBR
s7631,France,FRA
s7632,Denmark,DNK
s7632,Germany,DEU
s7632,Belgium,BEL
s7632,United Kingdom,GBR
s7632,France,FRA
s7632,Sweden,SWE
s7634,United Kingdom,GBR
s7635,United States,USA
s7636,France,FRA
s7636,Switzerland,CHE
s7636,Spain,ESP
s7636,United States,USA
s7636,United Arab Emirates,ARE
s7637,Australia,AUS
s7638,United States,USA
s7639,United States,USA
s7640,United States,USA
s7641,Hong Kong,HKG
s7642,Spain,ESP
s7643,United States,USA
s7644,Thailand,THA
s7645,Thailand,THA
s7647,Canada,CAN
s7648,United States,USA
s7649,United States,USA
s7650,France,FRA
s7651,Egypt,EGY
s7652,Hong Kong,HKG
s7653,Brazil,BRA
s7653,India,IND
s7653,China,CHN
s7653,United States,USA
s7654,India,IND
s7655,United States,USA
s7656,United States,USA
s7657,United States,USA
s7658,United States,USA
s7659,United Kingdom,GBR
s7660,Italy,ITA
s7660,United States,USA
s7661,Thailand,THA
s7662,United States,USA
s7663,India,IND
s7664,United States,USA
s7665,United States,USA
s7666,India,IND
s7667,United States,USA
s7668,Denmark,DNK
s7668,France,FRA
s7668,United States,USA
s7668,Sweden,SWE
s7669,Australia,AUS
s7669,Iraq,IRQ
s7670,United States,USA
s7671,South Korea,KOR
s7672,United Kingdom,GBR
s7673,China,CHN
s7673,Hong Kong,HKG
s7675,United Kingdom,GBR
s7676,South Korea,KOR
s7677,China,CHN
s7677,Morocco,MAR
s7677,Hong Kong,HKG
s7678,United States,USA
s7679,Hong Kong,HKG
s7680,United States,USA
s7681,India,IND
s7682,Australia,AUS
s7682,United Arab Emirates,ARE
s7683,India,IND
s7684,United Kingdom,GBR
s7685,Canada,CAN
s7685,United States,USA
s7685,Germany,DEU
s7686,China,CHN
s7687,United Kingdom,GBR
s7688,United Kingdom,GBR
s7688,Thailand,THA
s7689,India,IND
s7690,United States,USA
s7691,United States,USA
s7692,India,IND
s7693,Venezuela,VEN
s7693,Colombia,COL
s7694,Australia,AUS
s7695,Thailand,THA
s7696,United States,USA
s7697,United States,USA
s7698,Hong Kong,HKG
s7699,United States,USA
s7700,United Kingdom,GBR
s7701,Spain,ESP
s7702,United States,USA
s7703,India,IND
s7704,Canada,CAN
s7705,United States,USA
s7706,Canada,CAN
s7707,India,IND
s7708,India,IND
s7709,United States,USA
s7710,United States,USA
s7711,Colombia,COL
s7711,United States,USA
s7713,India,IND
s7714,United States,USA
s7715,United States,USA
s7716,Turkey,TUR
s7717,United States,USA
s7718,India,IND
s7719,United States,USA
s7720,India,IND
s7721,Thailand,THA
s7722,United States,USA
s7723,United States,USA
s7724,Malaysia,MYS
s7725,United Kingdom,GBR
s7725,United States,USA
s7726,Ireland,IRL
s7726,United Kingdom,GBR
s7726,United States,USA
s7727,United States,USA
s7727,Spain,ESP
s7728,Canada,CAN
s7729,United States,USA
s7730,United States,USA
s7731,France,FRA
s7731,Germany,DEU
s7731,Czech Republic,CZE
s7731,Belgium,BEL
s7732,United States,USA
s7733,United States,USA
s7733,Australia,AUS
s7735,France,FRA
s7735,Belgium,BEL
s7736,United States,USA
s7737,India,IND
s7738,Thailand,THA
s7739,Nigeria,NGA
s7740,India,IND
s7741,United States,USA
s7742,United States,USA
s7743,India,IND
s7744,United States,USA
s7745,India,IND
s7746,Argentina,ARG
s7747,France,FRA
s7748,United Kingdom,GBR
s7749,United Kingdom,GBR
s7750,United States,USA
s7751,France,FRA
s7751,Belgium,BEL
s7752,United States,USA
s7752,United Kingdom,GBR
s7753,United States,USA
s7754,Canada,CAN
s7754,United States,USA
s7755,Switzerland,CHE
s7755,Vatican City,VAT
s7755,Italy,ITA
s7755,Germany,DEU
s7755,France,FRA
s7756,United States,USA
s7757,United States,USA
s7758,Portugal,PRT
s7758,France,FRA
s7758,Poland,POL
s7758,United States,USA
s7759,United Kingdom,GBR
s7760,India,IND
s7762,United States,USA
s7764,United States,USA
s7765,United States,USA
s7765,France,FRA
s7765,Japan,JPN
s7766,United States,USA
s7767,France,FRA
s7767,Japan,JPN
s7767,United States,USA
s7768,United States,USA
s7768,France,FRA
s7768,Japan,JPN
s7769,United States,USA
s7770,United States,USA
s7770,New Zealand,NZL
s7771,United States,USA
s7771,New Zealand,NZL
s7771,Japan,JPN
s7772,United States,USA
s7773,United States,USA
s7773,New Zealand,NZL
s7774,United States,USA
s7775,United States,USA
s7776,United States,USA
s7777,United States,USA
s7779,United States,USA
s7781,United States,USA
s7782,United States,USA
s7783,United States,USA
s7784,United States,USA
s7784,France,FRA
s7784,Japan,JPN
s7785,United States,USA
s7785,Netherlands,NLD
s7785,Japan,JPN
s7785,France,FRA
s7786,United States,USA
s7786,France,FRA
s7786,Japan,JPN
s7787,United States,USA
s7788,United States,USA
s7789,United States,USA
s7790,India,IND
s7790,Switzerland,CHE
s7791,United States,USA
s7792,India,IND
s7793,United States,USA
s7794,United States,USA
s7795,Hong Kong,HKG
s7797,United States,USA
s7798,United States,USA
s7799,United States,USA
s7800,Canada,CAN
s7801,Argentina,ARG
s7802,India,IND
s7803,United States,USA
s7804,Canada,CAN
s7804,India,IND
s7805,United Kingdom,GBR
s7806,India,IND
s7807,India,IND
s7808,United States,USA
s7809,United States,USA
s7810,United Kingdom,GBR
s7810,United States,USA
s7811,Taiwan,TWN
s7812,United States,USA
s7812,Morocco,MAR
s7815,United States,USA
s7817,United States,USA
s7818,United States,USA
s7819,Brazil,BRA
s7820,India,IND
s7821,United States,USA
s7822,India,IND
s7823,United States,USA
s7824,China,CHN
s7825,India,IND
s7826,India,IND
s7827,United States,USA
s7828,India,IND
s7829,India,IND
s7830,Singapore,SGP
s7830,Japan,JPN
s7830,France,FRA
s7831,India,IND
s7832,South Korea,KOR
s7833,India,IND
s7834,Pakistan,PAK
s7835,United States,USA
s7836,India,IND
s7837,Egypt,EGY
s7838,India,IND
s7840,United States,USA
s7841,Mexico,MEX
s7842,Canada,CAN
s7843,United States,USA
s7844,Australia,AUS
s7845,United States,USA
s7846,India,IND
s7847,United Kingdom,GBR
s7850,Egypt,EGY
s7851,United Kingdom,GBR
s7852,United States,USA
s7853,Malaysia,MYS
s7854,Canada,CAN
s7854,Mexico,MEX
s7854,Germany,DEU
s7854,South Africa,ZAF
s7855,United States,USA
s7856,United Kingdom,GBR
s7856,United States,USA
s7856,Canada,CAN
s7857,Canada,CAN
s7858,Germany,DEU
s7858,France,FRA
s7858,United States,USA
s7858,Canada,CAN
s7858,United Kingdom,GBR
s7859,United States,USA
s7860,United States,USA
s7861,Hong Kong,HKG
s7862,India,IND
s7864,Hong Kong,HKG
s7864,United States,USA
s7865,United Kingdom,GBR
s7866,United States,USA
s7866,United Kingdom,GBR
s7867,Mexico,MEX
s7868,United States,USA
s7869,United States,USA
s7870,India,IND
s7871,United Kingdom,GBR
s7871,Ireland,IRL
s7872,India,IND
s7873,India,IND
s7874,India,IND
s7875,India,IND
s7876,Nigeria,NGA
s7877,Italy,ITA
s7878,United Kingdom,GBR
s7879,United States,USA
s7879,Japan,JPN
s7880,United States,USA
s7881,United States,USA
s7882,United States,USA
s7883,United States,USA
s7884,United States,USA
s7885,United States,USA
s7886,Egypt,EGY
s7887,United States,USA
s7888,United States,USA
s7888,Uruguay,URY
s7889,India,IND
s7889,Canada,CAN
s7890,Ireland,IRL
s7890,Canada,CAN
s7890,United Kingdom,GBR
s7890,United States,USA
s7891,Canada,CAN
s7892,United Kingdom,GBR
s7892,Germany,DEU
s7893,Thailand,THA
s7895,United States,USA
s7896,United States,USA
s7897,United States,USA
s7898,Mexico,MEX
s7899,India,IND
s7900,Mexico,MEX
s7901,Hong Kong,HKG
s7902,United States,USA
s7902,Germany,DEU
s7902,Australia,AUS
s7903,India,IND
s7904,United States,USA
s7905,United States,USA
s7906,United States,USA
s7907,Japan,JPN
s7908,United States,USA
s7909,United States,USA
s7910,United States,USA
s7911,India,IND
s7912,Italy,ITA
s7914,India,IND
s7915,Italy,ITA
s7915,France,FRA
s7916,Turkey,TUR
s7917,Canada,CAN
s7918,India,IND
s7919,Pakistan,PAK
s7920,India,IND
s7921,United States,USA
s7922,India,IND
s7923,India,IND
s7924,India,IND
s7925,Egypt,EGY
s7926,India,IND
s7927,India,IND
s7928,Egypt,EGY
s7929,South Africa,ZAF
s7929,United States,USA
s7931,United States,USA
s7932,India,IND
s7933,India,IND
s7934,United States,USA
s7935,Australia,AUS
s7935,France,FRA
s7935,Ireland,IRL
s7936,France,FRA
s7937,Canada,CAN
s7938,Australia,AUS
s7938,India,IND
s7939,India,IND
s7940,India,IND
s7941,India,IND
s7942,United States,USA
s7944,India,IND
s7945,India,IND
s7946,United States,USA
s7947,United States,USA
s7948,Egypt,EGY
s7949,United States,USA
s7950,United States,USA
s7950,United Kingdom,GBR
s7950,Australia,AUS
s7951,United States,USA
s7952,United States,USA
s7953,United States,USA
s7954,United States,USA
s7955,Italy,ITA
s7955,France,FRA
s7956,United States,USA
s7957,United States,USA
s7958,United States,USA
s7959,United States,USA
s7960,United States,USA
s7961,United States,USA
s7961,United Kingdom,GBR
s7961,Canada,CAN
s7961,Japan,JPN
s7962,United States,USA
s7963,United States,USA
s7964,United States,USA
s7965,United States,USA
s7966,Sweden,SWE
s7966,United Kingdom,GBR
s7966,Finland,FIN
s7967,United States,USA
s7968,Hong Kong,HKG
s7968,Taiwan,TWN
s7969,South Korea,KOR
s7970,United States,USA
s7970,United Kingdom,GBR
s7970,Spain,ESP
s7970,South Korea,KOR
s7971,United States,USA
s7972,United States,USA
s7973,United States,USA
s7974,United Kingdom,GBR
s7975,United States,USA
s7976,United Kingdom,GBR
s7977,United States,USA
s7978,United Kingdom,GBR
s7979,United Kingdom,GBR
s7980,United States,USA
s7980,United Kingdom,GBR
s7981,Turkey,TUR
s7982,United Kingdom,GBR
s7982,France,FRA
s7982,United States,USA
s7983,Canada,CAN
s7984,Guatemala,GTM
s7985,Ukraine,UKR
s7986,United States,USA
s7989,United Kingdom,GBR
s7989,France,FRA
s7990,Mexico,MEX
s7991,United States,USA
s7992,Israel,ISR
s7993,India,IND
s7994,Italy,ITA
s7994,South Africa,ZAF
s7994,West Germany,DEU
s7994,Australia,AUS
s7994,United States,USA
s7995,India,IND
s7996,India,IND
s7997,India,IND
s7998,Hong Kong,HKG
s7999,United States,USA
s8000,India,IND
s8001,United States,USA
s8002,United States,USA
s8003,United Kingdom,GBR
s8003,United States,USA
s8005,India,IND
s8006,United States,USA
s8007,Australia,AUS
s8008,Australia,AUS
s8009,India,IND
s8010,United States,USA
s8011,United States,USA
s8011,United Arab Emirates,ARE
s8012,United Kingdom,GBR
s8012,United States,USA
s8013,India,IND
s8013,United States,USA
s8014,Thailand,THA
s8015,Italy,ITA
s8015,France,FRA
s8015,Switzerland,CHE
s8016,United States,USA
s8017,India,IND
s8018,United States,USA
s8019,Canada,CAN
s8019,France,FRA
s8019,United States,USA
s8020,United States,USA
s8021,Russia,RUS
s8022,Colombia,COL
s8022,Mexico,MEX
s8022,United States,USA
s8023,United States,USA
s8023,Colombia,COL
s8024,India,IND
s8025,Indonesia,IDN
s8026,Switzerland,CHE
s8026,United States,USA
s8027,Peru,PER
s8028,United States,USA
s8029,United States,USA
s8030,Thailand,THA
s8030,Canada,CAN
s8030,United States,USA
s8031,United States,USA
s8032,United States,USA
s8033,China,CHN
s8033,Hong Kong,HKG
s8033,United States,USA
s8034,China,CHN
s8034,Hong Kong,HKG
s8035,United States,USA
s8035,France,FRA
s8036,United States,USA
s8037,United States,USA
s8038,United States,USA
s8039,United States,USA
s8040,United States,USA
s8041,United States,USA
s8042,United Kingdom,GBR
s8042,New Zealand,NZL
s8043,United States,USA
s8044,United States,USA
s8045,United States,USA
s8046,United States,USA
s8047,United States,USA
s8048,India,IND
s8049,United States,USA
s8050,Indonesia,IDN
s8051,Mexico,MEX
s8052,United States,USA
s8053,United States,USA
s8054,Czech Republic,CZE
s8054,United Kingdom,GBR
s8054,France,FRA
s8055,United States,USA
s8056,United States,USA
s8057,Australia,AUS
s8057,United Kingdom,GBR
s8057,Canada,CAN
s8058,United States,USA
s8059,Thailand,THA
s8060,United States,USA
s8061,United States,USA
s8062,United Kingdom,GBR
s8063,United States,USA
s8064,United States,USA
s8065,United States,USA
s8066,United States,USA
s8067,United Kingdom,GBR
s8068,United States,USA
s8069,United States,USA
s8070,United Kingdom,GBR
s8071,United States,USA
s8072,United States,USA
s8074,Jamaica,JAM
s8074,United States,USA
s8075,United States,USA
s8076,United States,USA
s8077,United States,USA
s8078,Spain,ESP
s8079,United States,USA
s8080,United States,USA
s8081,Canada,CAN
s8082,Canada,CAN
s8082,United States,USA
s8082,United Kingdom,GBR
s8083,United States,USA
s8084,United States,USA
s8085,United Kingdom,GBR
s8086,Switzerland,CHE
s8087,United States,USA
s8088,United States,USA
s8089,Egypt,EGY
s8090,United States,USA
s8091,India,IND
s8092,Thailand,THA
s8093,United States,USA
s8094,United States,USA
s8094,Canada,CAN
s8095,South Korea,KOR
s8096,United States,USA
s8097,Australia,AUS
s8097,United Kingdom,GBR
s8097,United States,USA
s8097,New Zealand,NZL
s8097,Italy,ITA
s8097,France,FRA
s8098,United States,USA
s8099,India,IND
s8100,United States,USA
s8101,Canada,CAN
s8102,United States,USA
s8102,United Kingdom,GBR
s8103,France,FRA
s8103,United States,USA
s8103,Canada,CAN
s8104,Australia,AUS
s8104,United Kingdom,GBR
s8105,Netherlands,NLD
s8105,Belgium,BEL
s8106,United States,USA
s8108,South Korea,KOR
s8109,Brazil,BRA
s8111,United States,USA
s8112,United States,USA
s8113,Italy,ITA
s8113,France,FRA
s8114,Thailand,THA
s8115,India,IND
s8116,Israel,ISR
s8117,United Kingdom,GBR
s8117,France,FRA
s8117,Canada,CAN
s8117,Belgium,BEL
s8117,United States,USA
s8118,South Korea,KOR
s8119,United States,USA
s8120,Denmark,DNK
s8120,United Kingdom,GBR
s8120,Sweden,SWE
s8121,India,IND
s8121,France,FRA
s8122,India,IND
s8123,India,IND
s8124,United States,USA
s8125,India,IND
s8126,United States,USA
s8126,South Korea,KOR
s8126,China,CHN
s8128,United States,USA
s8129,United States,USA
s8130,United Kingdom,GBR
s8131,United States,USA
s8132,Indonesia,IDN
s8133,United States,USA
s8134,United States,USA
s8135,United States,USA
s8136,United States,USA
s8137,India,IND
s8139,United States,USA
s8139,United Kingdom,GBR
s8140,United States,USA
s8140,Canada,CAN
s8141,United States,USA
s8141,Sweden,SWE
s8142,China,CHN
s8142,Hong Kong,HKG
s8143,Hong Kong,HKG
s8144,United States,USA
s8145,India,IND
s8146,India,IND
s8147,United States,USA
s8147,Germany,DEU
s8148,France,FRA
s8148,United States,USA
s8149,United Kingdom,GBR
s8149,United States,USA
s8150,India,IND
s8151,France,FRA
s8152,United States,USA
s8153,United States,USA
s8154,Egypt,EGY
s8155,United States,USA
s8156,United States,USA
s8157,India,IND
s8158,United States,USA
s8159,Hong Kong,HKG
s8159,United States,USA
s8160,United States,USA
s8160,Hong Kong,HKG
s8162,India,IND
s8163,United States,USA
s8163,Kazakhstan,KAZ
s8164,Argentina,ARG
s8164,France,FRA
s8164,United States,USA
s8164,Germany,DEU
s8164,Qatar,QAT
s8165,Hong Kong,HKG
s8166,Mexico,MEX
s8167,United States,USA
s8167,Germany,DEU
s8167,United Kingdom,GBR
s8168,United States,USA
s8168,Germany,DEU
s8168,United Kingdom,GBR
s8168,Italy,ITA
s8169,France,FRA
s8170,United States,USA
s8171,India,IND
s8172,United Kingdom,GBR
s8172,India,IND
s8173,India,IND
s8174,India,IND
s8175,United States,USA
s8176,United States,USA
s8177,United States,USA
s8178,Mexico,MEX
s8178,Spain,ESP
s8179,Canada,CAN
s8180,United States,USA
s8182,Canada,CAN
s8184,United States,USA
s8185,United States,USA
s8185,New Zealand,NZL
s8185,United Kingdom,GBR
s8186,Argentina,ARG
s8187,South Korea,KOR
s8189,United States,USA
s8190,United States,USA
s8191,Finland,FIN
s8191,United States,USA
s8192,United States,USA
s8193,Egypt,EGY
s8194,Singapore,SGP
s8195,Spain,ESP
s8195,France,FRA
s8195,Uruguay,URY
s8196,Canada,CAN
s8196,United States,USA
s8197,United States,USA
s8197,Canada,CAN
s8198,France,FRA
s8198,Canada,CAN
s8198,United States,USA
s8199,United Kingdom,GBR
s8199,United States,USA
s8201,United States,USA
s8202,United Kingdom,GBR
s8203,United States,USA
s8204,Hong Kong,HKG
s8205,United States,USA
s8206,United States,USA
s8208,Brazil,BRA
s8209,United Kingdom,GBR
s8210,United Kingdom,GBR
s8211,United States,USA
s8212,United States,USA
s8213,Canada,CAN
s8213,United States,USA
s8214,United States,USA
s8215,United Kingdom,GBR
s8216,United States,USA
s8217,United Kingdom,GBR
s8218,United States,USA
s8219,France,FRA
s8220,United States,USA
s8221,United States,USA
s8222,United States,USA
s8222,Canada,CAN
s8222,China,CHN
s8223,United Kingdom,GBR
s8223,United States,USA
s8224,United States,USA
s8225,United States,USA
s8226,Ireland,IRL
s8226,Canada,CAN
s8226,Luxembourg,LUX
s8226,United States,USA
s8226,United Kingdom,GBR
s8226,Philippines,PHL
s8226,India,IND
s8227,United States,USA
s8228,Nigeria,NGA
s8229,United States,USA
s8229,Czech Republic,CZE
s8229,United Kingdom,GBR
s8230,United States,USA
s8232,Hong Kong,HKG
s8233,United States,USA
s8233,China,CHN
s8234,United States,USA
s8235,Israel,ISR
s8235,Germany,DEU
s8236,India,IND
s8237,Canada,CAN
s8238,United States,USA
s8239,United States,USA
s8240,United States,USA
s8241,Egypt,EGY
s8242,Nigeria,NGA
s8243,United States,USA
s8244,Australia,AUS
s8245,Egypt,EGY
s8246,Spain,ESP
s8246,Mexico,MEX
s8247,Mexico,MEX
s8247,France,FRA
s8248,United Kingdom,GBR
s8248,United States,USA
s8249,United States,USA
s8250,United States,USA
s8251,United Kingdom,GBR
s8252,United States,USA
s8253,United States,USA
s8254,Canada,CAN
s8255,Israel,ISR
s8255,Germany,DEU
s8255,Poland,POL
s8255,Luxembourg,LUX
s8255,Belgium,BEL
s8255,France,FRA
s8255,United States,USA
s8256,Egypt,EGY
s8257,United States,USA
s8258,South Korea,KOR
s8259,United States,USA
s8260,United States,USA
s8261,Poland,POL
s8262,United Kingdom,GBR
s8262,Japan,JPN
s8262,United States,USA
s8263,United States,USA
s8264,United Kingdom,GBR
s8264,United States,USA
s8265,India,IND
s8266,Indonesia,IDN
s8267,United States,USA
s8267,United Kingdom,GBR
s8268,India,IND
s8269,United Kingdom,GBR
s8270,Australia,AUS
s8271,Austria,AUT
s8271,United States,USA
s8272,Canada,CAN
s8272,Australia,AUS
s8274,Argentina,ARG
s8274,Chile,CHL
s8275,United States,USA
s8276,Italy,ITA
s8276,United States,USA
s8277,United States,USA
s8278,Japan,JPN
s8279,United States,USA
s8280,United States,USA
s8281,Indonesia,IDN
s8282,United States,USA
s8282,Hong Kong,HKG
s8283,Canada,CAN
s8284,United States,USA
s8285,United States,USA
s8286,United States,USA
s8287,United Kingdom,GBR
s8287,Lithuania,LTU
s8288,United States,USA
s8289,United States,USA
s8290,United States,USA
s8291,United States,USA
s8292,United Kingdom,GBR
s8292,United States,USA
s8293,United States,USA
s8294,United Kingdom,GBR
s8295,United Kingdom,GBR
s8296,United States,USA
s8297,United States,USA
s8298,Nigeria,NGA
s8299,United States,USA
s8300,United States,USA
s8300,Greece,GRC
s8300,United Kingdom,GBR
s8301,Brazil,BRA
s8302,United States,USA
s8303,United Kingdom,GBR
s8304,Hong Kong,HKG
s8305,United States,USA
s8306,United States,USA
s8307,Hong Kong,HKG
s8308,United States,USA
s8308,China,CHN
s8309,United States,USA
s8310,United Kingdom,GBR
s8310,China,CHN
s8310,United States,USA
s8310,India,IND
s8311,United Kingdom,GBR
s8312,United States,USA
s8313,United States,USA
s8313,Greece,GRC
s8314,New Zealand,NZL
s8315,United States,USA
s8316,United Kingdom,GBR
s8316,United States,USA
s8317,Norway,NOR
s8318,Indonesia,IDN
s8319,United States,USA
s8320,United States,USA
s8322,India,IND
s8323,Israel,ISR
s8324,United States,USA
s8325,United States,USA
s8326,United States,USA
s8327,United Kingdom,GBR
s8327,United States,USA
s8327,Morocco,MAR
s8328,United States,USA
s8328,United Kingdom,GBR
s8328,Morocco,MAR
s8331,South Korea,KOR
s8332,United Kingdom,GBR
s8333,India,IND
s8334,United States,USA
s8334,Australia,AUS
s8335,United Kingdom,GBR
s8336,United States,USA
s8337,United States,USA
s8338,United States,USA
s8339,United States,USA
s8340,Spain,ESP
s8340,Canada,CAN
s8340,United States,USA
s8341,Canada,CAN
s8342,United States,USA
s8343,Canada,CAN
s8344,Spain,ESP
s8345,United States,USA
s8346,United States,USA
s8347,Thailand,THA
s8349,United States,USA
s8350,India,IND
s8351,India,IND
s8352,Canada,CAN
s8353,United States,USA
s8353,India,IND
s8353,United Arab Emirates,ARE
s8354,United Kingdom,GBR
s8355,United Kingdom,GBR
s8355,United States,USA
s8356,United States,USA
s8357,United Kingdom,GBR
s8357,Canada,CAN
s8357,France,FRA
s8357,United States,USA
s8358,United Kingdom,GBR
s8359,Mexico,MEX
s8360,Denmark,DNK
s8361,United States,USA
s8362,United States,USA
s8363,United States,USA
s8364,United Kingdom,GBR
s8365,United Kingdom,GBR
s8366,United States,USA
s8367,United Kingdom,GBR
s8368,United States,USA
s8370,United Kingdom,GBR
s8370,France,FRA
s8371,France,FRA
s8372,United States,USA
s8373,United States,USA
s8374,India,IND
s8374,Germany,DEU
s8374,France,FRA
s8375,Indonesia,IDN
s8376,United States,USA
s8378,United Kingdom,GBR
s8378,United States,USA
s8378,Australia,AUS
s8379,Canada,CAN
s8379,United States,USA
s8380,South Korea,KOR
s8381,United States,USA
s8382,United States,USA
s8383,Belgium,BEL
s8383,Ireland,IRL
s8383,Netherlands,NLD
s8383,Germany,DEU
s8383,Afghanistan,AFG
s8384,Australia,AUS
s8385,France,FRA
s8385,United States,USA
s8386,United States,USA
s8387,Brazil,BRA
s8388,United Kingdom,GBR
s8389,United States,USA
s8390,United States,USA
s8391,United States,USA
s8392,India,IND
s8394,Canada,CAN
s8394,United States,USA
s8395,United States,USA
s8396,France,FRA
s8396,Canada,CAN
s8396,Italy,ITA
s8396,United States,USA
s8396,China,CHN
s8397,Germany,DEU
s8398,United States,USA
s8399,Ireland,IRL
s8399,United Kingdom,GBR
s8399,Greece,GRC
s8399,France,FRA
s8399,Netherlands,NLD
s8400,Ireland,IRL
s8401,United States,USA
s8402,United States,USA
s8403,United States,USA
s8404,Denmark,DNK
s8404,Indonesia,IDN
s8404,Finland,FIN
s8404,Norway,NOR
s8404,United Kingdom,GBR
s8404,Israel,ISR
s8404,France,FRA
s8404,United States,USA
s8404,Germany,DEU
s8404,Netherlands,NLD
s8405,New Zealand,NZL
s8405,United States,USA
s8406,New Zealand,NZL
s8406,United States,USA
s8407,United Kingdom,GBR
s8407,Germany,DEU
s8407,United States,USA
s8408,United Kingdom,GBR
s8409,Poland,POL
s8410,Hong Kong,HKG
s8411,United States,USA
s8411,Australia,AUS
s8411,South Africa,ZAF
s8411,United Kingdom,GBR
s8412,United Kingdom,GBR
s8412,United States,USA
s8412,Spain,ESP
s8412,Germany,DEU
s8412,Greece,GRC
s8412,Canada,CAN
s8413,United States,USA
s8414,United States,USA
s8414,Germany,DEU
s8414,Mexico,MEX
s8415,United States,USA
s8416,United States,USA
s8417,United States,USA
s8418,United States,USA
s8419,South Korea,KOR
s8420,United States,USA
s8421,United States,USA
s8421,United Kingdom,GBR
s8422,United States,USA
s8423,United States,USA
s8424,France,FRA
s8425,Spain,ESP
s8426,Denmark,DNK
s8427,United States,USA
s8427,Canada,CAN
s8428,New Zealand,NZL
s8429,United States,USA
s8430,Sweden,SWE
s8431,United States,USA
s8432,United Kingdom,GBR
s8433,Italy,ITA
s8436,United States,USA
s8437,United States,USA
s8439,Canada,CAN
s8440,United States,USA
s8441,Germany,DEU
s8442,United States,USA
s8443,United States,USA
s8444,United States,USA
s8445,Philippines,PHL
s8446,United States,USA
s8447,United Kingdom,GBR
s8448,United Kingdom,GBR
s8449,United States,USA
s8450,United States,USA
s8452,United States,USA
s8453,United Kingdom,GBR
s8453,United States,USA
s8454,Germany,DEU
s8455,United States,USA
s8455,Czech Republic,CZE
s8456,United States,USA
s8457,Somalia,SOM
s8457,Kenya,KEN
s8457,Sudan,SDN
s8457,South Africa,ZAF
s8457,United States,USA
s8458,United Kingdom,GBR
s8458,United States,USA
s8459,United States,USA
s8460,India,IND
s8461,Egypt,EGY
s8463,Canada,CAN
s8463,United States,USA
s8464,South Korea,KOR
s8465,United States,USA
s8465,United Kingdom,GBR
s8466,United States,USA
s8466,Czech Republic,CZE
s8467,United States,USA
s8468,South Korea,KOR
s8469,United States,USA
s8470,United States,USA
s8471,United States,USA
s8472,Canada,CAN
s8473,Indonesia,IDN
s8474,United States,USA
s8474,Germany,DEU
s8475,United States,USA
s8476,India,IND
s8477,United Kingdom,GBR
s8478,United States,USA
s8478,Canada,CAN
s8478,Japan,JPN
s8478,Panama,PAN
s8479,United States,USA
s8480,United States,USA
s8481,New Zealand,NZL
s8483,France,FRA
s8484,United Kingdom,GBR
s8484,Spain,ESP
s8484,Belgium,BEL
s8485,Serbia,SRB
s8485,South Korea,KOR
s8485,Slovenia,SVN
s8486,Egypt,EGY
s8487,United States,USA
s8488,United Kingdom,GBR
s8489,United States,USA
s8490,United States,USA
s8491,Russia,RUS
s8492,United Kingdom,GBR
s8493,United States,USA
s8494,Australia,AUS
s8494,United States,USA
s8495,United States,USA
s8495,United Kingdom,GBR
s8496,United States,USA
s8497,Denmark,DNK
s8497,United Kingdom,GBR
s8497,South Africa,ZAF
s8497,Sweden,SWE
s8497,Belgium,BEL
s8498,Australia,AUS
s8499,Germany,DEU
s8499,Canada,CAN
s8499,United States,USA
s8500,United States,USA
s8501,United States,USA
s8502,United States,USA
s8502,France,FRA
s8502,Japan,JPN
s8503,United States,USA
s8504,United States,USA
s8505,India,IND
s8506,United States,USA
s8507,Italy,ITA
s8508,United States,USA
s8509,Mexico,MEX
s8510,Indonesia,IDN
s8511,Ukraine,UKR
s8512,United States,USA
s8513,United States,USA
s8514,United States,USA
s8515,Poland,POL
s8516,United States,USA
s8517,United Kingdom,GBR
s8518,United States,USA
s8519,United States,USA
s8520,United States,USA
s8521,United States,USA
s8522,United Kingdom,GBR
s8523,United States,USA
s8524,United States,USA
s8524,Canada,CAN
s8525,United States,USA
s8526,United States,USA
s8526,United Kingdom,GBR
s8527,United States,USA
s8528,United States,USA
s8529,Egypt,EGY
s8530,United States,USA
s8531,United Kingdom,GBR
s8532,United States,USA
s8532,United Arab Emirates,ARE
s8533,United States,USA
s8534,United States,USA
s8535,United States,USA
s8536,United States,USA
s8537,United Kingdom,GBR
s8538,United States,USA
s8539,United Kingdom,GBR
s8540,Ireland,IRL
s8540,Canada,CAN
s8540,United States,USA
s8540,United Kingdom,GBR
s8541,United States,USA
s8542,United States,USA
s8543,United States,USA
s8544,Thailand,THA
s8546,United States,USA
s8547,Belgium,BEL
s8547,France,FRA
s8548,United States,USA
s8549,United States,USA
s8550,United States,USA
s8551,Egypt,EGY
s8552,United States,USA
s8553,Australia,AUS
s8553,United States,USA
s8554,New Zealand,NZL
s8554,United Kingdom,GBR
s8554,Australia,AUS
s8555,United States,USA
s8556,Philippines,PHL
s8557,Nigeria,NGA
s8558,United States,USA
s8559,United Kingdom,GBR
s8559,Canada,CAN
s8559,United States,USA
s8560,United States,USA
s8561,China,CHN
s8562,United Kingdom,GBR
s8563,Israel,ISR
s8564,France,FRA
s8565,United Kingdom,GBR
s8565,United States,USA
s8566,United Kingdom,GBR
s8567,Canada,CAN
s8568,Taiwan,TWN
s8569,Ireland,IRL
s8570,Hong Kong,HKG
s8571,Canada,CAN
s8572,India,IND
s8573,United States,USA
s8574,United States,USA
s8575,Thailand,THA
s8576,South Korea,KOR
s8577,China,CHN
s8578,Belgium,BEL
s8579,India,IND
s8579,United States,USA
s8580,Thailand,THA
s8581,United States,USA
s8582,United States,USA
s8582,Canada,CAN
s8583,United Kingdom,GBR
s8584,United Kingdom,GBR
s8584,Australia,AUS
s8584,Canada,CAN
s8584,United States,USA
s8585,Hong Kong,HKG
s8585,China,CHN
s8587,United States,USA
s8588,United States,USA
s8589,China,CHN
s8590,China,CHN
s8591,India,IND
s8592,India,IND
s8595,United States,USA
s8596,United States,USA
s8597,Germany,DEU
s8597,United States,USA
s8597,Italy,ITA
s8598,United States,USA
s8598,Venezuela,VEN
s8599,United States,USA
s8600,United Kingdom,GBR
s8601,Canada,CAN
s8602,United Kingdom,GBR
s8602,Canada,CAN
s8602,Japan,JPN
s8604,United Kingdom,GBR
s8604,United States,USA
s8605,United Kingdom,GBR
s8605,United States,USA
s8605,Czech Republic,CZE
s8606,United States,USA
s8607,India,IND
s8608,United States,USA
s8609,United States,USA
s8611,United States,USA
s8612,India,IND
s8613,Thailand,THA
s8614,South Korea,KOR
s8615,United Kingdom,GBR
s8616,United States,USA
s8617,United Kingdom,GBR
s8617,China,CHN
s8617,United States,USA
s8618,United Kingdom,GBR
s8618,Brazil,BRA
s8618,Germany,DEU
s8619,United States,USA
s8620,United Kingdom,GBR
s8621,Canada,CAN
s8622,United States,USA
s8624,United States,USA
s8625,United States,USA
s8626,South Africa,ZAF
s8626,United States,USA
s8627,United States,USA
s8627,South Africa,ZAF
s8628,United Kingdom,GBR
s8629,India,IND
s8630,India,IND
s8631,India,IND
s8632,United States,USA
s8633,United Kingdom,GBR
s8633,Namibia,NAM
s8633,South Africa,ZAF
s8633,Zimbabwe,ZWE
s8633,United States,USA
s8634,Russia,RUS
s8635,United States,USA
s8636,United States,USA
s8637,United States,USA
s8638,United States,USA
s8639,Canada,CAN
s8639,United States,USA
s8639,India,IND
s8639,United Kingdom,GBR
s8640,India,IND
s8641,United States,USA
s8641,United Kingdom,GBR
s8642,United States,USA
s8643,United States,USA
s8644,Japan,JPN
s8644,United States,USA
s8645,United States,USA
s8646,United States,USA
s8647,United Kingdom,GBR
s8648,India,IND
s8649,United Kingdom,GBR
s8650,Canada,CAN
s8651,Australia,AUS
s8652,United States,USA
s8652,France,FRA
s8653,India,IND
s8654,Thailand,THA
s8655,United Kingdom,GBR
s8655,Canada,CAN
s8655,United States,USA
s8656,United States,USA
s8657,United States,USA
s8658,United States,USA
s8659,Switzerland,CHE
s8659,United Kingdom,GBR
s8659,United States,USA
s8660,Canada,CAN
s8661,United States,USA
s8662,United Kingdom,GBR
s8662,Germany,DEU
s8663,Canada,CAN
s8663,India,IND
s8664,Egypt,EGY
s8665,United States,USA
s8666,India,IND
s8667,Egypt,EGY
s8668,United States,USA
s8669,United States,USA
s8669,United Kingdom,GBR
s8669,Germany,DEU
s8670,United States,USA
s8671,United States,USA
s8672,India,IND
s8673,India,IND
s8674,United States,USA
s8675,United Kingdom,GBR
s8675,India,IND
s8675,Sweden,SWE
s8676,United States,USA
s8677,United Kingdom,GBR
s8677,Belgium,BEL
s8678,United States,USA
s8679,United States,USA
s8681,India,IND
s8682,India,IND
s8683,Turkey,TUR
s8684,India,IND
s8685,South Korea,KOR
s8686,United Kingdom,GBR
s8687,Pakistan,PAK
s8688,India,IND
s8689,India,IND
s8690,United States,USA
s8692,United States,USA
s8693,United Kingdom,GBR
s8694,United States,USA
s8695,United States,USA
s8695,Canada,CAN
s8696,India,IND
s8697,United States,USA
s8697,India,IND
s8698,United Kingdom,GBR
s8699,Egypt,EGY
s8700,Mexico,MEX
s8701,Poland,POL
s8702,United States,USA
s8703,United States,USA
s8703,Brazil,BRA
s8703,India,IND
s8703,Uganda,UGA
s8703,China,CHN
s8704,United Kingdom,GBR
s8704,France,FRA
s8704,United States,USA
s8705,United States,USA
s8706,Spain,ESP
s8707,United States,USA
s8708,United States,USA
s8709,United States,USA
s8709,Argentina,ARG
s8710,Poland,POL
s8711,United States,USA
s8712,Hong Kong,HKG
s8713,United Kingdom,GBR
s8714,India,IND
s8715,United States,USA
s8716,United States,USA
s8716,France,FRA
s8717,United States,USA
s8718,Poland,POL
s8720,China,CHN
s8721,Turkey,TUR
s8722,Taiwan,TWN
s8723,United States,USA
s8724,United Kingdom,GBR
s8725,United States,USA
s8726,Indonesia,IDN
s8727,United States,USA
s8728,United Kingdom,GBR
s8728,India,IND
s8728,United States,USA
s8729,Peru,PER
s8729,United States,USA
s8729,United Kingdom,GBR
s8730,Germany,DEU
s8730,United States,USA
s8730,United Kingdom,GBR
s8730,Canada,CAN
s8731,United States,USA
s8732,United States,USA
s8733,United Kingdom,GBR
s8734,United Kingdom,GBR
s8735,United States,USA
s8736,United States,USA
s8737,Taiwan,TWN
s8738,United Kingdom,GBR
s8739,Canada,CAN
s8739,India,IND
s8739,Thailand,THA
s8739,United States,USA
s8739,United Arab Emirates,ARE
s8740,United States,USA
s8741,United Kingdom,GBR
s8742,United Kingdom,GBR
s8743,United States,USA
s8744,United States,USA
s8745,United Kingdom,GBR
s8746,United States,USA
s8746,East Germany,DEU
s8746,West Germany,DEU
s8747,France,FRA
s8747,Netherlands,NLD
s8747,South Africa,ZAF
s8747,Finland,FIN
s8748,United States,USA
s8749,Australia,AUS
s8750,Turkey,TUR
s8751,United States,USA
s8752,United States,USA
s8753,United States,USA
s8754,Canada,CAN
s8755,United States,USA
s8756,United States,USA
s8757,United States,USA
s8758,United States,USA
s8759,United Kingdom,GBR
s8761,United States,USA
s8762,Pakistan,PAK
s8763,India,IND
s8764,United States,USA
s8765,United States,USA
s8766,Canada,CAN
s8766,United States,USA
s8767,United States,USA
s8768,United States,USA
s8769,Mexico,MEX
s8770,India,IND
s8771,India,IND
s8772,India,IND
s8773,India,IND
s8774,India,IND
s8775,Egypt,EGY
s8775,Austria,AUT
s8775,United States,USA
s8776,India,IND
s8777,France,FRA
s8777,Belgium,BEL
s8778,Thailand,THA
s8779,Thailand,THA
s8780,Thailand,THA
s8781,United States,USA
s8782,Japan,JPN
s8782,United States,USA
s8783,United States,USA
s8785,Russia,RUS
s8785,Spain,ESP
s8787,United Kingdom,GBR
s8788,United States,USA
s8789,Croatia,HRV
s8789,Slovenia,SVN
s8789,Serbia,SRB
s8789,Montenegro,MNE
s8790,Philippines,PHL
s8791,United States,USA
s8792,United States,USA
s8793,Hong Kong,HKG
s8794,United States,USA
s8795,Egypt,EGY
s8795,France,FRA
s8796,Japan,JPN
s8796,Canada,CAN
s8797,Turkey,TUR
s8798,United States,USA
s8798,France,FRA
s8798,South Korea,KOR
s8798,Indonesia,IDN
s8799,India,IND
s8800,India,IND
s8801,Pakistan,PAK
s8802,United Arab Emirates,ARE
s8802,Jordan,JOR
s8803,United States,USA
s8805,United States,USA
s8806,United States,USA
s8807,India,IND
