date_key,date,year,month,month_name,quarter,quarter_name
20110101,2011-01-01,2011,1,January,1,Q1
20110102,2011-01-02,2011,1,January,1,Q1
20110103,2011-01-03,2011,1,January,1,Q1
20110104,2011-01-04,2011,1,January,1,Q1
20110105,2011-01-05,2011,1,January,1,Q1
20110106,2011-01-06,2011,1,January,1,Q1
20110107,2011-01-07,2011,1,January,1,Q1
20110108,2011-01-08,2011,1,January,1,Q1
20110109,2011-01-09,2011,1,January,1,Q1
20110110,2011-01-10,2011,1,January,1,Q1
20110111,2011-01-11,2011,1,January,1,Q1
20110112,2011-01-12,2011,1,January,1,Q1
20110113,2011-01-13,2011,1,January,1,Q1
20110114,2011-01-14,2011,1,January,1,Q1
20110115,2011-01-15,2011,1,January,1,Q1
20110116,2011-01-16,2011,1,January,1,Q1
20110117,2011-01-17,2011,1,January,1,Q1
20110118,2011-01-18,2011,1,January,1,Q1
20110119,2011-01-19,2011,1,January,1,Q1
20110120,2011-01-20,2011,1,January,1,Q1
20110121,2011-01-21,2011,1,January,1,Q1
20110122,2011-01-22,2011,1,January,1,Q1
20110123,2011-01-23,2011,1,January,1,Q1
20110124,2011-01-24,2011,1,January,1,Q1
20110125,2011-01-25,2011,1,January,1,Q1
20110126,2011-01-26,2011,1,January,1,Q1
20110127,2011-01-27,2011,1,January,1,Q1
20110128,2011-01-28,2011,1,January,1,Q1
20110129,2011-01-29,2011,1,January,1,Q1
20110130,2011-01-30,2011,1,January,1,Q1
20110131,2011-01-31,2011,1,January,1,Q1
20110201,2011-02-01,2011,2,February,1,Q1
20110202,2011-02-02,2011,2,February,1,Q1
20110203,2011-02-03,2011,2,February,1,Q1
20110204,2011-02-04,2011,2,February,1,Q1
20110205,2011-02-05,2011,2,February,1,Q1
20110206,2011-02-06,2011,2,February,1,Q1
20110207,2011-02-07,2011,2,February,1,Q1
20110208,2011-02-08,2011,2,February,1,Q1
20110209,2011-02-09,2011,2,February,1,Q1
20110210,2011-02-10,2011,2,February,1,Q1
20110211,2011-02-11,2011,2,February,1,Q1
20110212,2011-02-12,2011,2,February,1,Q1
20110213,2011-02-13,2011,2,February,1,Q1
20110214,2011-02-14,2011,2,February,1,Q1
20110215,2011-02-15,2011,2,February,1,Q1
20110216,2011-02-16,2011,2,February,1,Q1
20110217,2011-02-17,2011,2,February,1,Q1
20110218,2011-02-18,2011,2,February,1,Q1
20110219,2011-02-19,2011,2,February,1,Q1
20110220,2011-02-20,2011,2,February,1,Q1
20110221,2011-02-21,2011,2,February,1,Q1
20110222,2011-02-22,2011,2,February,1,Q1
20110223,2011-02-23,2011,2,February,1,Q1
20110224,2011-02-24,2011,2,February,1,Q1
20110225,2011-02-25,2011,2,February,1,Q1
20110226,2011-02-26,2011,2,February,1,Q1
20110227,2011-02-27,2011,2,February,1,Q1
20110228,2011-02-28,2011,2,February,1,Q1
20110301,2011-03-01,2011,3,March,1,Q1
20110302,2011-03-02,2011,3,March,1,Q1
20110303,2011-03-03,2011,3,March,1,Q1
20110304,2011-03-04,2011,3,March,1,Q1
20110305,2011-03-05,2011,3,March,1,Q1
20110306,2011-03-06,2011,3,March,1,Q1
20110307,2011-03-07,2011,3,March,1,Q1
20110308,2011-03-08,2011,3,March,1,Q1
20110309,2011-03-09,2011,3,March,1,Q1
20110310,2011-03-10,2011,3,March,1,Q1
20110311,2011-03-11,2011,3,March,1,Q1
20110312,2011-03-12,2011,3,March,1,Q1
20110313,2011-03-13,2011,3,March,1,Q1
20110314,2011-03-14,2011,3,March,1,Q1
20110315,2011-03-15,2011,3,March,1,Q1
20110316,2011-03-16,2011,3,March,1,Q1
20110317,2011-03-17,2011,3,March,1,Q1
20110318,2011-03-18,2011,3,March,1,Q1
20110319,2011-03-19,2011,3,March,1,Q1
20110320,2011-03-20,2011,3,March,1,Q1
20110321,2011-03-21,2011,3,March,1,Q1
20110322,2011-03-22,2011,3,March,1,Q1
20110323,2011-03-23,2011,3,March,1,Q1
20110324,2011-03-24,2011,3,March,1,Q1
20110325,2011-03-25,2011,3,March,1,Q1
20110326,2011-03-26,2011,3,March,1,Q1
20110327,2011-03-27,2011,3,March,1,Q1
20110328,2011-03-28,2011,3,March,1,Q1
20110329,2011-03-29,2011,3,March,1,Q1
20110330,2011-03-30,2011,3,March,1,Q1
20110331,2011-03-31,2011,3,March,1,Q1
20110401,2011-04-01,2011,4,April,2,Q2
20110402,2011-04-02,2011,4,April,2,Q2
20110403,2011-04-03,2011,4,April,2,Q2
20110404,2011-04-04,2011,4,April,2,Q2
20110405,2011-04-05,2011,4,April,2,Q2
20110406,2011-04-06,2011,4,April,2,Q2
20110407,2011-04-07,2011,4,April,2,Q2
20110408,2011-04-08,2011,4,April,2,Q2
20110409,2011-04-09,2011,4,April,2,Q2
20110410,2011-04-10,2011,4,April,2,Q2
20110411,2011-04-11,2011,4,April,2,Q2
20110412,2011-04-12,2011,4,April,2,Q2
20110413,2011-04-13,2011,4,April,2,Q2
20110414,2011-04-14,2011,4,April,2,Q2
20110415,2011-04-15,2011,4,April,2,Q2
20110416,2011-04-16,2011,4,April,2,Q2
20110417,2011-04-17,2011,4,April,2,Q2
20110418,2011-04-18,2011,4,April,2,Q2
20110419,2011-04-19,2011,4,April,2,Q2
20110420,2011-04-20,2011,4,April,2,Q2
20110421,2011-04-21,2011,4,April,2,Q2
20110422,2011-04-22,2011,4,April,2,Q2
20110423,2011-04-23,2011,4,April,2,Q2
20110424,2011-04-24,2011,4,April,2,Q2
20110425,2011-04-25,2011,4,April,2,Q2
20110426,2011-04-26,2011,4,April,2,Q2
20110427,2011-04-27,2011,4,April,2,Q2
20110428,2011-04-28,2011,4,April,2,Q2
20110429,2011-04-29,2011,4,April,2,Q2
20110430,2011-04-30,2011,4,April,2,Q2
20110501,2011-05-01,2011,5,May,2,Q2
20110502,2011-05-02,2011,5,May,2,Q2
20110503,2011-05-03,2011,5,May,2,Q2
20110504,2011-05-04,2011,5,May,2,Q2
20110505,2011-05-05,2011,5,May,2,Q2
20110506,2011-05-06,2011,5,May,2,Q2
20110507,2011-05-07,2011,5,May,2,Q2
20110508,2011-05-08,2011,5,May,2,Q2
20110509,2011-05-09,2011,5,May,2,Q2
20110510,2011-05-10,2011,5,May,2,Q2
20110511,2011-05-11,2011,5,May,2,Q2
20110512,2011-05-12,2011,5,May,2,Q2
20110513,2011-05-13,2011,5,May,2,Q2
20110514,2011-05-14,2011,5,May,2,Q2
20110515,2011-05-15,2011,5,May,2,Q2
20110516,2011-05-16,2011,5,May,2,Q2
20110517,2011-05-17,2011,5,May,2,Q2
20110518,2011-05-18,2011,5,May,2,Q2
20110519,2011-05-19,2011,5,May,2,Q2
20110520,2011-05-20,2011,5,May,2,Q2
20110521,2011-05-21,2011,5,May,2,Q2
20110522,2011-05-22,2011,5,May,2,Q2
20110523,2011-05-23,2011,5,May,2,Q2
20110524,2011-05-24,2011,5,May,2,Q2
20110525,2011-05-25,2011,5,May,2,Q2
20110526,2011-05-26,2011,5,May,2,Q2
20110527,2011-05-27,2011,5,May,2,Q2
20110528,2011-05-28,2011,5,May,2,Q2
20110529,2011-05-29,2011,5,May,2,Q2
20110530,2011-05-30,2011,5,May,2,Q2
20110531,2011-05-31,2011,5,May,2,Q2
20110601,2011-06-01,2011,6,June,2,Q2
20110602,2011-06-02,2011,6,June,2,Q2
20110603,2011-06-03,2011,6,June,2,Q2
20110604,2011-06-04,2011,6,June,2,Q2
20110605,2011-06-05,2011,6,June,2,Q2
20110606,2011-06-06,2011,6,June,2,Q2
20110607,2011-06-07,2011,6,June,2,Q2
20110608,2011-06-08,2011,6,June,2,Q2
20110609,2011-06-09,2011,6,June,2,Q2
20110610,2011-06-10,2011,6,June,2,Q2
20110611,2011-06-11,2011,6,June,2,Q2
20110612,2011-06-12,2011,6,June,2,Q2
20110613,2011-06-13,2011,6,June,2,Q2
20110614,2011-06-14,2011,6,June,2,Q2
20110615,2011-06-15,2011,6,June,2,Q2
20110616,2011-06-16,2011,6,June,2,Q2
20110617,2011-06-17,2011,6,June,2,Q2
20110618,2011-06-18,2011,6,June,2,Q2
20110619,2011-06-19,2011,6,June,2,Q2
20110620,2011-06-20,2011,6,June,2,Q2
20110621,2011-06-21,2011,6,June,2,Q2
20110622,2011-06-22,2011,6,June,2,Q2
20110623,2011-06-23,2011,6,June,2,Q2
20110624,2011-06-24,2011,6,June,2,Q2
20110625,2011-06-25,2011,6,June,2,Q2
20110626,2011-06-26,2011,6,June,2,Q2
20110627,2011-06-27,2011,6,June,2,Q2
20110628,2011-06-28,2011,6,June,2,Q2
20110629,2011-06-29,2011,6,June,2,Q2
20110630,2011-06-30,2011,6,June,2,Q2
20110701,2011-07-01,2011,7,July,3,Q3
20110702,2011-07-02,2011,7,July,3,Q3
20110703,2011-07-03,2011,7,July,3,Q3
20110704,2011-07-04,2011,7,July,3,Q3
20110705,2011-07-05,2011,7,July,3,Q3
20110706,2011-07-06,2011,7,July,3,Q3
20110707,2011-07-07,2011,7,July,3,Q3
20110708,2011-07-08,2011,7,July,3,Q3
20110709,2011-07-09,2011,7,July,3,Q3
20110710,2011-07-10,2011,7,July,3,Q3
20110711,2011-07-11,2011,7,July,3,Q3
20110712,2011-07-12,2011,7,July,3,Q3
20110713,2011-07-13,2011,7,July,3,Q3
20110714,2011-07-14,2011,7,July,3,Q3
20110715,2011-07-15,2011,7,July,3,Q3
20110716,2011-07-16,2011,7,July,3,Q3
20110717,2011-07-17,2011,7,July,3,Q3
20110718,2011-07-18,2011,7,July,3,Q3
20110719,2011-07-19,2011,7,July,3,Q3
20110720,2011-07-20,2011,7,July,3,Q3
20110721,2011-07-21,2011,7,July,3,Q3
20110722,2011-07-22,2011,7,July,3,Q3
20110723,2011-07-23,2011,7,July,3,Q3
20110724,2011-07-24,2011,7,July,3,Q3
20110725,2011-07-25,2011,7,July,3,Q3
20110726,2011-07-26,2011,7,July,3,Q3
20110727,2011-07-27,2011,7,July,3,Q3
20110728,2011-07-28,2011,7,July,3,Q3
20110729,2011-07-29,2011,7,July,3,Q3
20110730,2011-07-30,2011,7,July,3,Q3
20110731,2011-07-31,2011,7,July,3,Q3
20110801,2011-08-01,2011,8,August,3,Q3
20110802,2011-08-02,2011,8,August,3,Q3
20110803,2011-08-03,2011,8,August,3,Q3
20110804,2011-08-04,2011,8,August,3,Q3
20110805,2011-08-05,2011,8,August,3,Q3
20110806,2011-08-06,2011,8,August,3,Q3
20110807,2011-08-07,2011,8,August,3,Q3
20110808,2011-08-08,2011,8,August,3,Q3
20110809,2011-08-09,2011,8,August,3,Q3
20110810,2011-08-10,2011,8,August,3,Q3
20110811,2011-08-11,2011,8,August,3,Q3
20110812,2011-08-12,2011,8,August,3,Q3
20110813,2011-08-13,2011,8,August,3,Q3
20110814,2011-08-14,2011,8,August,3,Q3
20110815,2011-08-15,2011,8,August,3,Q3
20110816,2011-08-16,2011,8,August,3,Q3
20110817,2011-08-17,2011,8,August,3,Q3
20110818,2011-08-18,2011,8,August,3,Q3
20110819,2011-08-19,2011,8,August,3,Q3
20110820,2011-08-20,2011,8,August,3,Q3
20110821,2011-08-21,2011,8,August,3,Q3
20110822,2011-08-22,2011,8,August,3,Q3
20110823,2011-08-23,2011,8,August,3,Q3
20110824,2011-08-24,2011,8,August,3,Q3
20110825,2011-08-25,2011,8,August,3,Q3
20110826,2011-08-26,2011,8,August,3,Q3
20110827,2011-08-27,2011,8,August,3,Q3
20110828,2011-08-28,2011,8,August,3,Q3
20110829,2011-08-29,2011,8,August,3,Q3
20110830,2011-08-30,2011,8,August,3,Q3
20110831,2011-08-31,2011,8,August,3,Q3
20110901,2011-09-01,2011,9,September,3,Q3
20110902,2011-09-02,2011,9,September,3,Q3
20110903,2011-09-03,2011,9,September,3,Q3
20110904,2011-09-04,2011,9,September,3,Q3
20110905,2011-09-05,2011,9,September,3,Q3
20110906,2011-09-06,2011,9,September,3,Q3
20110907,2011-09-07,2011,9,September,3,Q3
20110908,2011-09-08,2011,9,September,3,Q3
20110909,2011-09-09,2011,9,September,3,Q3
20110910,2011-09-10,2011,9,September,3,Q3
20110911,2011-09-11,2011,9,September,3,Q3
20110912,2011-09-12,2011,9,September,3,Q3
20110913,2011-09-13,2011,9,September,3,Q3
20110914,2011-09-14,2011,9,September,3,Q3
20110915,2011-09-15,2011,9,September,3,Q3
20110916,2011-09-16,2011,9,September,3,Q3
20110917,2011-09-17,2011,9,September,3,Q3
20110918,2011-09-18,2011,9,September,3,Q3
20110919,2011-09-19,2011,9,September,3,Q3
20110920,2011-09-20,2011,9,September,3,Q3
20110921,2011-09-21,2011,9,September,3,Q3
20110922,2011-09-22,2011,9,September,3,Q3
20110923,2011-09-23,2011,9,September,3,Q3
20110924,2011-09-24,2011,9,September,3,Q3
20110925,2011-09-25,2011,9,September,3,Q3
20110926,2011-09-26,2011,9,September,3,Q3
20110927,2011-09-27,2011,9,September,3,Q3
20110928,2011-09-28,2011,9,September,3,Q3
20110929,2011-09-29,2011,9,September,3,Q3
20110930,2011-09-30,2011,9,September,3,Q3
20111001,2011-10-01,2011,10,October,4,Q4
20111002,2011-10-02,2011,10,October,4,Q4
20111003,2011-10-03,2011,10,October,4,Q4
20111004,2011-10-04,2011,10,October,4,Q4
20111005,2011-10-05,2011,10,October,4,Q4
20111006,2011-10-06,2011,10,October,4,Q4
20111007,2011-10-07,2011,10,October,4,Q4
20111008,2011-10-08,2011,10,October,4,Q4
20111009,2011-10-09,2011,10,October,4,Q4
20111010,2011-10-10,2011,10,October,4,Q4
20111011,2011-10-11,2011,10,October,4,Q4
20111012,2011-10-12,2011,10,October,4,Q4
20111013,2011-10-13,2011,10,October,4,Q4
20111014,2011-10-14,2011,10,October,4,Q4
20111015,2011-10-15,2011,10,October,4,Q4
20111016,2011-10-16,2011,10,October,4,Q4
20111017,2011-10-17,2011,10,October,4,Q4
20111018,2011-10-18,2011,10,October,4,Q4
20111019,2011-10-19,2011,10,October,4,Q4
20111020,2011-10-20,2011,10,October,4,Q4
20111021,2011-10-21,2011,10,October,4,Q4
20111022,2011-10-22,2011,10,October,4,Q4
20111023,2011-10-23,2011,10,October,4,Q4
20111024,2011-10-24,2011,10,October,4,Q4
20111025,2011-10-25,2011,10,October,4,Q4
20111026,2011-10-26,2011,10,October,4,Q4
20111027,2011-10-27,2011,10,October,4,Q4
20111028,2011-10-28,2011,10,October,4,Q4
20111029,2011-10-29,2011,10,October,4,Q4
20111030,2011-10-30,2011,10,October,4,Q4
20111031,2011-10-31,2011,10,October,4,Q4
20111101,2011-11-01,2011,11,November,4,Q4
20111102,2011-11-02,2011,11,November,4,Q4
20111103,2011-11-03,2011,11,November,4,Q4
20111104,2011-11-04,2011,11,November,4,Q4
20111105,2011-11-05,2011,11,November,4,Q4
20111106,2011-11-06,2011,11,November,4,Q4
20111107,2011-11-07,2011,11,November,4,Q4
20111108,2011-11-08,2011,11,November,4,Q4
20111109,2011-11-09,2011,11,November,4,Q4
20111110,2011-11-10,2011,11,November,4,Q4
20111111,2011-11-11,2011,11,November,4,Q4
20111112,2011-11-12,2011,11,November,4,Q4
20111113,2011-11-13,2011,11,November,4,Q4
20111114,2011-11-14,2011,11,November,4,Q4
20111115,2011-11-15,2011,11,November,4,Q4
20111116,2011-11-16,2011,11,November,4,Q4
20111117,2011-11-17,2011,11,November,4,Q4
20111118,2011-11-18,2011,11,November,4,Q4
20111119,2011-11-19,2011,11,November,4,Q4
20111120,2011-11-20,2011,11,November,4,Q4
20111121,2011-11-21,2011,11,November,4,Q4
20111122,2011-11-22,2011,11,November,4,Q4
20111123,2011-11-23,2011,11,November,4,Q4
20111124,2011-11-24,2011,11,November,4,Q4
20111125,2011-11-25,2011,11,November,4,Q4
20111126,2011-11-26,2011,11,November,4,Q4
20111127,2011-11-27,2011,11,November,4,Q4
20111128,2011-11-28,2011,11,November,4,Q4
20111129,2011-11-29,2011,11,November,4,Q4
20111130,2011-11-30,2011,11,November,4,Q4
20111201,2011-12-01,2011,12,December,4,Q4
20111202,2011-12-02,2011,12,December,4,Q4
20111203,2011-12-03,2011,12,December,4,Q4
20111204,2011-12-04,2011,12,December,4,Q4
20111205,2011-12-05,2011,12,December,4,Q4
20111206,2011-12-06,2011,12,December,4,Q4
20111207,2011-12-07,2011,12,December,4,Q4
20111208,2011-12-08,2011,12,December,4,Q4
20111209,2011-12-09,2011,12,December,4,Q4
20111210,2011-12-10,2011,12,December,4,Q4
20111211,2011-12-11,2011,12,December,4,Q4
20111212,2011-12-12,2011,12,December,4,Q4
20111213,2011-12-13,2011,12,December,4,Q4
20111214,2011-12-14,2011,12,December,4,Q4
20111215,2011-12-15,2011,12,December,4,Q4
20111216,2011-12-16,2011,12,December,4,Q4
20111217,2011-12-17,2011,12,December,4,Q4
20111218,2011-12-18,2011,12,December,4,Q4
20111219,2011-12-19,2011,12,December,4,Q4
20111220,2011-12-20,2011,12,December,4,Q4
20111221,2011-12-21,2011,12,December,4,Q4
20111222,2011-12-22,2011,12,December,4,Q4
20111223,2011-12-23,2011,12,December,4,Q4
20111224,2011-12-24,2011,12,December,4,Q4
20111225,2011-12-25,2011,12,December,4,Q4
20111226,2011-12-26,2011,12,December,4,Q4
20111227,2011-12-27,2011,12,December,4,Q4
20111228,2011-12-28,2011,12,December,4,Q4
20111229,2011-12-29,2011,12,December,4,Q4
20111230,2011-12-30,2011,12,December,4,Q4
20111231,2011-12-31,2011,12,December,4,Q4
20120101,2012-01-01,2012,1,January,1,Q1
20120102,2012-01-02,2012,1,January,1,Q1
20120103,2012-01-03,2012,1,January,1,Q1
20120104,2012-01-04,2012,1,January,1,Q1
20120105,2012-01-05,2012,1,January,1,Q1
20120106,2012-01-06,2012,1,January,1,Q1
20120107,2012-01-07,2012,1,January,1,Q1
20120108,2012-01-08,2012,1,January,1,Q1
20120109,2012-01-09,2012,1,January,1,Q1
20120110,2012-01-10,2012,1,January,1,Q1
20120111,2012-01-11,2012,1,January,1,Q1
20120112,2012-01-12,2012,1,January,1,Q1
20120113,2012-01-13,2012,1,January,1,Q1
20120114,2012-01-14,2012,1,January,1,Q1
20120115,2012-01-15,2012,1,January,1,Q1
20120116,2012-01-16,2012,1,January,1,Q1
20120117,2012-01-17,2012,1,January,1,Q1
20120118,2012-01-18,2012,1,January,1,Q1
20120119,2012-01-19,2012,1,January,1,Q1
20120120,2012-01-20,2012,1,January,1,Q1
20120121,2012-01-21,2012,1,January,1,Q1
20120122,2012-01-22,2012,1,January,1,Q1
20120123,2012-01-23,2012,1,January,1,Q1
20120124,2012-01-24,2012,1,January,1,Q1
20120125,2012-01-25,2012,1,January,1,Q1
20120126,2012-01-26,2012,1,January,1,Q1
20120127,2012-01-27,2012,1,January,1,Q1
20120128,2012-01-28,2012,1,January,1,Q1
20120129,2012-01-29,2012,1,January,1,Q1
20120130,2012-01-30,2012,1,January,1,Q1
20120131,2012-01-31,2012,1,January,1,Q1
20120201,2012-02-01,2012,2,February,1,Q1
20120202,2012-02-02,2012,2,February,1,Q1
20120203,2012-02-03,2012,2,February,1,Q1
20120204,2012-02-04,2012,2,February,1,Q1
20120205,2012-02-05,2012,2,February,1,Q1
20120206,2012-02-06,2012,2,February,1,Q1
20120207,2012-02-07,2012,2,February,1,Q1
20120208,2012-02-08,2012,2,February,1,Q1
20120209,2012-02-09,2012,2,February,1,Q1
20120210,2012-02-10,2012,2,February,1,Q1
20120211,2012-02-11,2012,2,February,1,Q1
20120212,2012-02-12,2012,2,February,1,Q1
20120213,2012-02-13,2012,2,February,1,Q1
20120214,2012-02-14,2012,2,February,1,Q1
20120215,2012-02-15,2012,2,February,1,Q1
20120216,2012-02-16,2012,2,February,1,Q1
20120217,2012-02-17,2012,2,February,1,Q1
20120218,2012-02-18,2012,2,February,1,Q1
20120219,2012-02-19,2012,2,February,1,Q1
20120220,2012-02-20,2012,2,February,1,Q1
20120221,2012-02-21,2012,2,February,1,Q1
20120222,2012-02-22,2012,2,February,1,Q1
20120223,2012-02-23,2012,2,February,1,Q1
20120224,2012-02-24,2012,2,February,1,Q1
20120225,2012-02-25,2012,2,February,1,Q1
20120226,2012-02-26,2012,2,February,1,Q1
20120227,2012-02-27,2012,2,February,1,Q1
20120228,2012-02-28,2012,2,February,1,Q1
20120229,2012-02-29,2012,2,February,1,Q1
20120301,2012-03-01,2012,3,March,1,Q1
20120302,2012-03-02,2012,3,March,1,Q1
20120303,2012-03-03,2012,3,March,1,Q1
20120304,2012-03-04,2012,3,March,1,Q1
20120305,2012-03-05,2012,3,March,1,Q1
20120306,2012-03-06,2012,3,March,1,Q1
20120307,2012-03-07,2012,3,March,1,Q1
20120308,2012-03-08,2012,3,March,1,Q1
20120309,2012-03-09,2012,3,March,1,Q1
20120310,2012-03-10,2012,3,March,1,Q1
20120311,2012-03-11,2012,3,March,1,Q1
20120312,2012-03-12,2012,3,March,1,Q1
20120313,2012-03-13,2012,3,March,1,Q1
20120314,2012-03-14,2012,3,March,1,Q1
20120315,2012-03-15,2012,3,March,1,Q1
20120316,2012-03-16,2012,3,March,1,Q1
20120317,2012-03-17,2012,3,March,1,Q1
20120318,2012-03-18,2012,3,March,1,Q1
20120319,2012-03-19,2012,3,March,1,Q1
20120320,2012-03-20,2012,3,March,1,Q1
20120321,2012-03-21,2012,3,March,1,Q1
20120322,2012-03-22,2012,3,March,1,Q1
20120323,2012-03-23,2012,3,March,1,Q1
20120324,2012-03-24,2012,3,March,1,Q1
20120325,2012-03-25,2012,3,March,1,Q1
20120326,2012-03-26,2012,3,March,1,Q1
20120327,2012-03-27,2012,3,March,1,Q1
20120328,2012-03-28,2012,3,March,1,Q1
20120329,2012-03-29,2012,3,March,1,Q1
20120330,2012-03-30,2012,3,March,1,Q1
20120331,2012-03-31,2012,3,March,1,Q1
20120401,2012-04-01,2012,4,April,2,Q2
20120402,2012-04-02,2012,4,April,2,Q2
20120403,2012-04-03,2012,4,April,2,Q2
20120404,2012-04-04,2012,4,April,2,Q2
20120405,2012-04-05,2012,4,April,2,Q2
20120406,2012-04-06,2012,4,April,2,Q2
20120407,2012-04-07,2012,4,April,2,Q2
20120408,2012-04-08,2012,4,April,2,Q2
20120409,2012-04-09,2012,4,April,2,Q2
20120410,2012-04-10,2012,4,April,2,Q2
20120411,2012-04-11,2012,4,April,2,Q2
20120412,2012-04-12,2012,4,April,2,Q2
20120413,2012-04-13,2012,4,April,2,Q2
20120414,2012-04-14,2012,4,April,2,Q2
20120415,2012-04-15,2012,4,April,2,Q2
20120416,2012-04-16,2012,4,April,2,Q2
20120417,2012-04-17,2012,4,April,2,Q2
20120418,2012-04-18,2012,4,April,2,Q2
20120419,2012-04-19,2012,4,April,2,Q2
20120420,2012-04-20,2012,4,April,2,Q2
20120421,2012-04-21,2012,4,April,2,Q2
20120422,2012-04-22,2012,4,April,2,Q2
20120423,2012-04-23,2012,4,April,2,Q2
20120424,2012-04-24,2012,4,April,2,Q2
20120425,2012-04-25,2012,4,April,2,Q2
20120426,2012-04-26,2012,4,April,2,Q2
20120427,2012-04-27,2012,4,April,2,Q2
20120428,2012-04-28,2012,4,April,2,Q2
20120429,2012-04-29,2012,4,April,2,Q2
20120430,2012-04-30,2012,4,April,2,Q2
20120501,2012-05-01,2012,5,May,2,Q2
20120502,2012-05-02,2012,5,May,2,Q2
20120503,2012-05-03,2012,5,May,2,Q2
20120504,2012-05-04,2012,5,May,2,Q2
20120505,2012-05-05,2012,5,May,2,Q2
20120506,2012-05-06,2012,5,May,2,Q2
20120507,2012-05-07,2012,5,May,2,Q2
20120508,2012-05-08,2012,5,May,2,Q2
20120509,2012-05-09,2012,5,May,2,Q2
20120510,2012-05-10,2012,5,May,2,Q2
20120511,2012-05-11,2012,5,May,2,Q2
20120512,2012-05-12,2012,5,May,2,Q2
20120513,2012-05-13,2012,5,May,2,Q2
20120514,2012-05-14,2012,5,May,2,Q2
20120515,2012-05-15,2012,5,May,2,Q2
20120516,2012-05-16,2012,5,May,2,Q2
20120517,2012-05-17,2012,5,May,2,Q2
20120518,2012-05-18,2012,5,May,2,Q2
20120519,2012-05-19,2012,5,May,2,Q2
20120520,2012-05-20,2012,5,May,2,Q2
20120521,2012-05-21,2012,5,May,2,Q2
20120522,2012-05-22,2012,5,May,2,Q2
20120523,2012-05-23,2012,5,May,2,Q2
20120524,2012-05-24,2012,5,May,2,Q2
20120525,2012-05-25,2012,5,May,2,Q2
20120526,2012-05-26,2012,5,May,2,Q2
20120527,2012-05-27,2012,5,May,2,Q2
20120528,2012-05-28,2012,5,May,2,Q2
20120529,2012-05-29,2012,5,May,2,Q2
20120530,2012-05-30,2012,5,May,2,Q2
20120531,2012-05-31,2012,5,May,2,Q2
20120601,2012-06-01,2012,6,June,2,Q2
20120602,2012-06-02,2012,6,June,2,Q2
20120603,2012-06-03,2012,6,June,2,Q2
20120604,2012-06-04,2012,6,June,2,Q2
20120605,2012-06-05,2012,6,June,2,Q2
20120606,2012-06-06,2012,6,June,2,Q2
20120607,2012-06-07,2012,6,June,2,Q2
20120608,2012-06-08,2012,6,June,2,Q2
20120609,2012-06-09,2012,6,June,2,Q2
20120610,2012-06-10,2012,6,June,2,Q2
20120611,2012-06-11,2012,6,June,2,Q2
20120612,2012-06-12,2012,6,June,2,Q2
20120613,2012-06-13,2012,6,June,2,Q2
20120614,2012-06-14,2012,6,June,2,Q2
20120615,2012-06-15,2012,6,June,2,Q2
20120616,2012-06-16,2012,6,June,2,Q2
20120617,2012-06-17,2012,6,June,2,Q2
20120618,2012-06-18,2012,6,June,2,Q2
20120619,2012-06-19,2012,6,June,2,Q2
20120620,2012-06-20,2012,6,June,2,Q2
20120621,2012-06-21,2012,6,June,2,Q2
20120622,2012-06-22,2012,6,June,2,Q2
20120623,2012-06-23,2012,6,June,2,Q2
20120624,2012-06-24,2012,6,June,2,Q2
20120625,2012-06-25,2012,6,June,2,Q2
20120626,2012-06-26,2012,6,June,2,Q2
20120627,2012-06-27,2012,6,June,2,Q2
20120628,2012-06-28,2012,6,June,2,Q2
20120629,2012-06-29,2012,6,June,2,Q2
20120630,2012-06-30,2012,6,June,2,Q2
20120701,2012-07-01,2012,7,July,3,Q3
20120702,2012-07-02,2012,7,July,3,Q3
20120703,2012-07-03,2012,7,July,3,Q3
20120704,2012-07-04,2012,7,July,3,Q3
20120705,2012-07-05,2012,7,July,3,Q3
20120706,2012-07-06,2012,7,July,3,Q3
20120707,2012-07-07,2012,7,July,3,Q3
20120708,2012-07-08,2012,7,July,3,Q3
20120709,2012-07-09,2012,7,July,3,Q3
20120710,2012-07-10,2012,7,July,3,Q3
20120711,2012-07-11,2012,7,July,3,Q3
20120712,2012-07-12,2012,7,July,3,Q3
20120713,2012-07-13,2012,7,July,3,Q3
20120714,2012-07-14,2012,7,July,3,Q3
20120715,2012-07-15,2012,7,July,3,Q3
20120716,2012-07-16,2012,7,July,3,Q3
20120717,2012-07-17,2012,7,July,3,Q3
20120718,2012-07-18,2012,7,July,3,Q3
20120719,2012-07-19,2012,7,July,3,Q3
20120720,2012-07-20,2012,7,July,3,Q3
20120721,2012-07-21,2012,7,July,3,Q3
20120722,2012-07-22,2012,7,July,3,Q3
20120723,2012-07-23,2012,7,July,3,Q3
20120724,2012-07-24,2012,7,July,3,Q3
20120725,2012-07-25,2012,7,July,3,Q3
20120726,2012-07-26,2012,7,July,3,Q3
20120727,2012-07-27,2012,7,July,3,Q3
20120728,2012-07-28,2012,7,July,3,Q3
20120729,2012-07-29,2012,7,July,3,Q3
20120730,2012-07-30,2012,7,July,3,Q3
20120731,2012-07-31,2012,7,July,3,Q3
20120801,2012-08-01,2012,8,August,3,Q3
20120802,2012-08-02,2012,8,August,3,Q3
20120803,2012-08-03,2012,8,August,3,Q3
20120804,2012-08-04,2012,8,August,3,Q3
20120805,2012-08-05,2012,8,August,3,Q3
20120806,2012-08-06,2012,8,August,3,Q3
20120807,2012-08-07,2012,8,August,3,Q3
20120808,2012-08-08,2012,8,August,3,Q3
20120809,2012-08-09,2012,8,August,3,Q3
20120810,2012-08-10,2012,8,August,3,Q3
20120811,2012-08-11,2012,8,August,3,Q3
20120812,2012-08-12,2012,8,August,3,Q3
20120813,2012-08-13,2012,8,August,3,Q3
20120814,2012-08-14,2012,8,August,3,Q3
20120815,2012-08-15,2012,8,August,3,Q3
20120816,2012-08-16,2012,8,August,3,Q3
20120817,2012-08-17,2012,8,August,3,Q3
20120818,2012-08-18,2012,8,August,3,Q3
20120819,2012-08-19,2012,8,August,3,Q3
20120820,2012-08-20,2012,8,August,3,Q3
20120821,2012-08-21,2012,8,August,3,Q3
20120822,2012-08-22,2012,8,August,3,Q3
20120823,2012-08-23,2012,8,August,3,Q3
20120824,2012-08-24,2012,8,August,3,Q3
20120825,2012-08-25,2012,8,August,3,Q3
20120826,2012-08-26,2012,8,August,3,Q3
20120827,2012-08-27,2012,8,August,3,Q3
20120828,2012-08-28,2012,8,August,3,Q3
20120829,2012-08-29,2012,8,August,3,Q3
20120830,2012-08-30,2012,8,August,3,Q3
20120831,2012-08-31,2012,8,August,3,Q3
20120901,2012-09-01,2012,9,September,3,Q3
20120902,2012-09-02,2012,9,September,3,Q3
20120903,2012-09-03,2012,9,September,3,Q3
20120904,2012-09-04,2012,9,September,3,Q3
20120905,2012-09-05,2012,9,September,3,Q3
20120906,2012-09-06,2012,9,September,3,Q3
20120907,2012-09-07,2012,9,September,3,Q3
20120908,2012-09-08,2012,9,September,3,Q3
20120909,2012-09-09,2012,9,September,3,Q3
20120910,2012-09-10,2012,9,September,3,Q3
20120911,2012-09-11,2012,9,September,3,Q3
20120912,2012-09-12,2012,9,September,3,Q3
20120913,2012-09-13,2012,9,September,3,Q3
20120914,2012-09-14,2012,9,September,3,Q3
20120915,2012-09-15,2012,9,September,3,Q3
20120916,2012-09-16,2012,9,September,3,Q3
20120917,2012-09-17,2012,9,September,3,Q3
20120918,2012-09-18,2012,9,September,3,Q3
20120919,2012-09-19,2012,9,September,3,Q3
20120920,2012-09-20,2012,9,September,3,Q3
20120921,2012-09-21,2012,9,September,3,Q3
20120922,2012-09-22,2012,9,September,3,Q3
20120923,2012-09-23,2012,9,September,3,Q3
20120924,2012-09-24,2012,9,September,3,Q3
20120925,2012-09-25,2012,9,September,3,Q3
20120926,2012-09-26,2012,9,September,3,Q3
20120927,2012-09-27,2012,9,September,3,Q3
20120928,2012-09-28,2012,9,September,3,Q3
20120929,2012-09-29,2012,9,September,3,Q3
20120930,2012-09-30,2012,9,September,3,Q3
20121001,2012-10-01,2012,10,October,4,Q4
20121002,2012-10-02,2012,10,October,4,Q4
20121003,2012-10-03,2012,10,October,4,Q4
20121004,2012-10-04,2012,10,October,4,Q4
20121005,2012-10-05,2012,10,October,4,Q4
20121006,2012-10-06,2012,10,October,4,Q4
20121007,2012-10-07,2012,10,October,4,Q4
20121008,2012-10-08,2012,10,October,4,Q4
20121009,2012-10-09,2012,10,October,4,Q4
20121010,2012-10-10,2012,10,October,4,Q4
20121011,2012-10-11,2012,10,October,4,Q4
20121012,2012-10-12,2012,10,October,4,Q4
20121013,2012-10-13,2012,10,October,4,Q4
20121014,2012-10-14,2012,10,October,4,Q4
20121015,2012-10-15,2012,10,October,4,Q4
20121016,2012-10-16,2012,10,October,4,Q4
20121017,2012-10-17,2012,10,October,4,Q4
20121018,2012-10-18,2012,10,October,4,Q4
20121019,2012-10-19,2012,10,October,4,Q4
20121020,2012-10-20,2012,10,October,4,Q4
20121021,2012-10-21,2012,10,October,4,Q4
20121022,2012-10-22,2012,10,October,4,Q4
20121023,2012-10-23,2012,10,October,4,Q4
20121024,2012-10-24,2012,10,October,4,Q4
20121025,2012-10-25,2012,10,October,4,Q4
20121026,2012-10-26,2012,10,October,4,Q4
20121027,2012-10-27,2012,10,October,4,Q4
20121028,2012-10-28,2012,10,October,4,Q4
20121029,2012-10-29,2012,10,October,4,Q4
20121030,2012-10-30,2012,10,October,4,Q4
20121031,2012-10-31,2012,10,October,4,Q4
20121101,2012-11-01,2012,11,November,4,Q4
20121102,2012-11-02,2012,11,November,4,Q4
20121103,2012-11-03,2012,11,November,4,Q4
20121104,2012-11-04,2012,11,November,4,Q4
20121105,2012-11-05,2012,11,November,4,Q4
20121106,2012-11-06,2012,11,November,4,Q4
20121107,2012-11-07,2012,11,November,4,Q4
20121108,2012-11-08,2012,11,November,4,Q4
20121109,2012-11-09,2012,11,November,4,Q4
20121110,2012-11-10,2012,11,November,4,Q4
20121111,2012-11-11,2012,11,November,4,Q4
20121112,2012-11-12,2012,11,November,4,Q4
20121113,2012-11-13,2012,11,November,4,Q4
20121114,2012-11-14,2012,11,November,4,Q4
20121115,2012-11-15,2012,11,November,4,Q4
20121116,2012-11-16,2012,11,November,4,Q4
20121117,2012-11-17,2012,11,November,4,Q4
20121118,2012-11-18,2012,11,November,4,Q4
20121119,2012-11-19,2012,11,November,4,Q4
20121120,2012-11-20,2012,11,November,4,Q4
20121121,2012-11-21,2012,11,November,4,Q4
20121122,2012-11-22,2012,11,November,4,Q4
20121123,2012-11-23,2012,11,November,4,Q4
20121124,2012-11-24,2012,11,November,4,Q4
20121125,2012-11-25,2012,11,November,4,Q4
20121126,2012-11-26,2012,11,November,4,Q4
20121127,2012-11-27,2012,11,November,4,Q4
20121128,2012-11-28,2012,11,November,4,Q4
20121129,2012-11-29,2012,11,November,4,Q4
20121130,2012-11-30,2012,11,November,4,Q4
20121201,2012-12-01,2012,12,December,4,Q4
20121202,2012-12-02,2012,12,December,4,Q4
20121203,2012-12-03,2012,12,December,4,Q4
20121204,2012-12-04,2012,12,December,4,Q4
20121205,2012-12-05,2012,12,December,4,Q4
20121206,2012-12-06,2012,12,December,4,Q4
20121207,2012-12-07,2012,12,December,4,Q4
20121208,2012-12-08,2012,12,December,4,Q4
20121209,2012-12-09,2012,12,December,4,Q4
20121210,2012-12-10,2012,12,December,4,Q4
20121211,2012-12-11,2012,12,December,4,Q4
20121212,2012-12-12,2012,12,December,4,Q4
20121213,2012-12-13,2012,12,December,4,Q4
20121214,2012-12-14,2012,12,December,4,Q4
20121215,2012-12-15,2012,12,December,4,Q4
20121216,2012-12-16,2012,12,December,4,Q4
20121217,2012-12-17,2012,12,December,4,Q4
20121218,2012-12-18,2012,12,December,4,Q4
20121219,2012-12-19,2012,12,December,4,Q4
20121220,2012-12-20,2012,12,December,4,Q4
20121221,2012-12-21,2012,12,December,4,Q4
20121222,2012-12-22,2012,12,December,4,Q4
20121223,2012-12-23,2012,12,December,4,Q4
20121224,2012-12-24,2012,12,December,4,Q4
20121225,2012-12-25,2012,12,December,4,Q4
20121226,2012-12-26,2012,12,December,4,Q4
20121227,2012-12-27,2012,12,December,4,Q4
20121228,2012-12-28,2012,12,December,4,Q4
20121229,2012-12-29,2012,12,December,4,Q4
20121230,2012-12-30,2012,12,December,4,Q4
20121231,2012-12-31,2012,12,December,4,Q4
20130101,2013-01-01,2013,1,January,1,Q1
20130102,2013-01-02,2013,1,January,1,Q1
20130103,2013-01-03,2013,1,January,1,Q1
20130104,2013-01-04,2013,1,January,1,Q1
20130105,2013-01-05,2013,1,January,1,Q1
20130106,2013-01-06,2013,1,January,1,Q1
20130107,2013-01-07,2013,1,January,1,Q1
20130108,2013-01-08,2013,1,January,1,Q1
20130109,2013-01-09,2013,1,January,1,Q1
20130110,2013-01-10,2013,1,January,1,Q1
20130111,2013-01-11,2013,1,January,1,Q1
20130112,2013-01-12,2013,1,January,1,Q1
20130113,2013-01-13,2013,1,January,1,Q1
20130114,2013-01-14,2013,1,January,1,Q1
20130115,2013-01-15,2013,1,January,1,Q1
20130116,2013-01-16,2013,1,January,1,Q1
20130117,2013-01-17,2013,1,January,1,Q1
20130118,2013-01-18,2013,1,January,1,Q1
20130119,2013-01-19,2013,1,January,1,Q1
20130120,2013-01-20,2013,1,January,1,Q1
20130121,2013-01-21,2013,1,January,1,Q1
20130122,2013-01-22,2013,1,January,1,Q1
20130123,2013-01-23,2013,1,January,1,Q1
20130124,2013-01-24,2013,1,January,1,Q1
20130125,2013-01-25,2013,1,January,1,Q1
20130126,2013-01-26,2013,1,January,1,Q1
20130127,2013-01-27,2013,1,January,1,Q1
20130128,2013-01-28,2013,1,January,1,Q1
20130129,2013-01-29,2013,1,January,1,Q1
20130130,2013-01-30,2013,1,January,1,Q1
20130131,2013-01-31,2013,1,January,1,Q1
20130201,2013-02-01,2013,2,February,1,Q1
20130202,2013-02-02,2013,2,February,1,Q1
20130203,2013-02-03,2013,2,February,1,Q1
20130204,2013-02-04,2013,2,February,1,Q1
20130205,2013-02-05,2013,2,February,1,Q1
20130206,2013-02-06,2013,2,February,1,Q1
20130207,2013-02-07,2013,2,February,1,Q1
20130208,2013-02-08,2013,2,February,1,Q1
20130209,2013-02-09,2013,2,February,1,Q1
20130210,2013-02-10,2013,2,February,1,Q1
20130211,2013-02-11,2013,2,February,1,Q1
20130212,2013-02-12,2013,2,February,1,Q1
20130213,2013-02-13,2013,2,February,1,Q1
20130214,2013-02-14,2013,2,February,1,Q1
20130215,2013-02-15,2013,2,February,1,Q1
20130216,2013-02-16,2013,2,February,1,Q1
20130217,2013-02-17,2013,2,February,1,Q1
20130218,2013-02-18,2013,2,February,1,Q1
20130219,2013-02-19,2013,2,February,1,Q1
20130220,2013-02-20,2013,2,February,1,Q1
20130221,2013-02-21,2013,2,February,1,Q1
20130222,2013-02-22,2013,2,February,1,Q1
20130223,2013-02-23,2013,2,February,1,Q1
20130224,2013-02-24,2013,2,February,1,Q1
20130225,2013-02-25,2013,2,February,1,Q1
20130226,2013-02-26,2013,2,February,1,Q1
20130227,2013-02-27,2013,2,February,1,Q1
20130228,2013-02-28,2013,2,February,1,Q1
20130301,2013-03-01,2013,3,March,1,Q1
20130302,2013-03-02,2013,3,March,1,Q1
20130303,2013-03-03,2013,3,March,1,Q1
20130304,2013-03-04,2013,3,March,1,Q1
20130305,2013-03-05,2013,3,March,1,Q1
20130306,2013-03-06,2013,3,March,1,Q1
20130307,2013-03-07,2013,3,March,1,Q1
20130308,2013-03-08,2013,3,March,1,Q1
20130309,2013-03-09,2013,3,March,1,Q1
20130310,2013-03-10,2013,3,March,1,Q1
20130311,2013-03-11,2013,3,March,1,Q1
20130312,2013-03-12,2013,3,March,1,Q1
20130313,2013-03-13,2013,3,March,1,Q1
20130314,2013-03-14,2013,3,March,1,Q1
20130315,2013-03-15,2013,3,March,1,Q1
20130316,2013-03-16,2013,3,March,1,Q1
20130317,2013-03-17,2013,3,March,1,Q1
20130318,2013-03-18,2013,3,March,1,Q1
20130319,2013-03-19,2013,3,March,1,Q1
20130320,2013-03-20,2013,3,March,1,Q1
20130321,2013-03-21,2013,3,March,1,Q1
20130322,2013-03-22,2013,3,March,1,Q1
20130323,2013-03-23,2013,3,March,1,Q1
20130324,2013-03-24,2013,3,March,1,Q1
20130325,2013-03-25,2013,3,March,1,Q1
20130326,2013-03-26,2013,3,March,1,Q1
20130327,2013-03-27,2013,3,March,1,Q1
20130328,2013-03-28,2013,3,March,1,Q1
20130329,2013-03-29,2013,3,March,1,Q1
20130330,2013-03-30,2013,3,March,1,Q1
20130331,2013-03-31,2013,3,March,1,Q1
20130401,2013-04-01,2013,4,April,2,Q2
20130402,2013-04-02,2013,4,April,2,Q2
20130403,2013-04-03,2013,4,April,2,Q2
20130404,2013-04-04,2013,4,April,2,Q2
20130405,2013-04-05,2013,4,April,2,Q2
20130406,2013-04-06,2013,4,April,2,Q2
20130407,2013-04-07,2013,4,April,2,Q2
20130408,2013-04-08,2013,4,April,2,Q2
20130409,2013-04-09,2013,4,April,2,Q2
20130410,2013-04-10,2013,4,April,2,Q2
20130411,2013-04-11,2013,4,April,2,Q2
20130412,2013-04-12,2013,4,April,2,Q2
20130413,2013-04-13,2013,4,April,2,Q2
20130414,2013-04-14,2013,4,April,2,Q2
20130415,2013-04-15,2013,4,April,2,Q2
20130416,2013-04-16,2013,4,April,2,Q2
20130417,2013-04-17,2013,4,April,2,Q2
20130418,2013-04-18,2013,4,April,2,Q2
20130419,2013-04-19,2013,4,April,2,Q2
20130420,2013-04-20,2013,4,April,2,Q2
20130421,2013-04-21,2013,4,April,2,Q2
20130422,2013-04-22,2013,4,April,2,Q2
20130423,2013-04-23,2013,4,April,2,Q2
20130424,2013-04-24,2013,4,April,2,Q2
20130425,2013-04-25,2013,4,April,2,Q2
20130426,2013-04-26,2013,4,April,2,Q2
20130427,2013-04-27,2013,4,April,2,Q2
20130428,2013-04-28,2013,4,April,2,Q2
20130429,2013-04-29,2013,4,April,2,Q2
20130430,2013-04-30,2013,4,April,2,Q2
20130501,2013-05-01,2013,5,May,2,Q2
20130502,2013-05-02,2013,5,May,2,Q2
20130503,2013-05-03,2013,5,May,2,Q2
20130504,2013-05-04,2013,5,May,2,Q2
20130505,2013-05-05,2013,5,May,2,Q2
20130506,2013-05-06,2013,5,May,2,Q2
20130507,2013-05-07,2013,5,May,2,Q2
20130508,2013-05-08,2013,5,May,2,Q2
20130509,2013-05-09,2013,5,May,2,Q2
20130510,2013-05-10,2013,5,May,2,Q2
20130511,2013-05-11,2013,5,May,2,Q2
20130512,2013-05-12,2013,5,May,2,Q2
20130513,2013-05-13,2013,5,May,2,Q2
20130514,2013-05-14,2013,5,May,2,Q2
20130515,2013-05-15,2013,5,May,2,Q2
20130516,2013-05-16,2013,5,May,2,Q2
20130517,2013-05-17,2013,5,May,2,Q2
20130518,2013-05-18,2013,5,May,2,Q2
20130519,2013-05-19,2013,5,May,2,Q2
20130520,2013-05-20,2013,5,May,2,Q2
20130521,2013-05-21,2013,5,May,2,Q2
20130522,2013-05-22,2013,5,May,2,Q2
20130523,2013-05-23,2013,5,May,2,Q2
20130524,2013-05-24,2013,5,May,2,Q2
20130525,2013-05-25,2013,5,May,2,Q2
20130526,2013-05-26,2013,5,May,2,Q2
20130527,2013-05-27,2013,5,May,2,Q2
20130528,2013-05-28,2013,5,May,2,Q2
20130529,2013-05-29,2013,5,May,2,Q2
20130530,2013-05-30,2013,5,May,2,Q2
20130531,2013-05-31,2013,5,May,2,Q2
20130601,2013-06-01,2013,6,June,2,Q2
20130602,2013-06-02,2013,6,June,2,Q2
20130603,2013-06-03,2013,6,June,2,Q2
20130604,2013-06-04,2013,6,June,2,Q2
20130605,2013-06-05,2013,6,June,2,Q2
20130606,2013-06-06,2013,6,June,2,Q2
20130607,2013-06-07,2013,6,June,2,Q2
20130608,2013-06-08,2013,6,June,2,Q2
20130609,2013-06-09,2013,6,June,2,Q2
20130610,2013-06-10,2013,6,June,2,Q2
20130611,2013-06-11,2013,6,June,2,Q2
20130612,2013-06-12,2013,6,June,2,Q2
20130613,2013-06-13,2013,6,June,2,Q2
20130614,2013-06-14,2013,6,June,2,Q2
20130615,2013-06-15,2013,6,June,2,Q2
20130616,2013-06-16,2013,6,June,2,Q2
20130617,2013-06-17,2013,6,June,2,Q2
20130618,2013-06-18,2013,6,June,2,Q2
20130619,2013-06-19,2013,6,June,2,Q2
20130620,2013-06-20,2013,6,June,2,Q2
20130621,2013-06-21,2013,6,June,2,Q2
20130622,2013-06-22,2013,6,June,2,Q2
20130623,2013-06-23,2013,6,June,2,Q2
20130624,2013-06-24,2013,6,June,2,Q2
20130625,2013-06-25,2013,6,June,2,Q2
20130626,2013-06-26,2013,6,June,2,Q2
20130627,2013-06-27,2013,6,June,2,Q2
20130628,2013-06-28,2013,6,June,2,Q2
20130629,2013-06-29,2013,6,June,2,Q2
20130630,2013-06-30,2013,6,June,2,Q2
20130701,2013-07-01,2013,7,July,3,Q3
20130702,2013-07-02,2013,7,July,3,Q3
20130703,2013-07-03,2013,7,July,3,Q3
20130704,2013-07-04,2013,7,July,3,Q3
20130705,2013-07-05,2013,7,July,3,Q3
20130706,2013-07-06,2013,7,July,3,Q3
20130707,2013-07-07,2013,7,July,3,Q3
20130708,2013-07-08,2013,7,July,3,Q3
20130709,2013-07-09,2013,7,July,3,Q3
20130710,2013-07-10,2013,7,July,3,Q3
20130711,2013-07-11,2013,7,July,3,Q3
20130712,2013-07-12,2013,7,July,3,Q3
20130713,2013-07-13,2013,7,July,3,Q3
20130714,2013-07-14,2013,7,July,3,Q3
20130715,2013-07-15,2013,7,July,3,Q3
20130716,2013-07-16,2013,7,July,3,Q3
20130717,2013-07-17,2013,7,July,3,Q3
20130718,2013-07-18,2013,7,July,3,Q3
20130719,2013-07-19,2013,7,July,3,Q3
20130720,2013-07-20,2013,7,July,3,Q3
20130721,2013-07-21,2013,7,July,3,Q3
20130722,2013-07-22,2013,7,July,3,Q3
20130723,2013-07-23,2013,7,July,3,Q3
20130724,2013-07-24,2013,7,July,3,Q3
20130725,2013-07-25,2013,7,July,3,Q3
20130726,2013-07-26,2013,7,July,3,Q3
20130727,2013-07-27,2013,7,July,3,Q3
20130728,2013-07-28,2013,7,July,3,Q3
20130729,2013-07-29,2013,7,July,3,Q3
20130730,2013-07-30,2013,7,July,3,Q3
20130731,2013-07-31,2013,7,July,3,Q3
20130801,2013-08-01,2013,8,August,3,Q3
20130802,2013-08-02,2013,8,August,3,Q3
20130803,2013-08-03,2013,8,August,3,Q3
20130804,2013-08-04,2013,8,August,3,Q3
20130805,2013-08-05,2013,8,August,3,Q3
20130806,2013-08-06,2013,8,August,3,Q3
20130807,2013-08-07,2013,8,August,3,Q3
20130808,2013-08-08,2013,8,August,3,Q3
20130809,2013-08-09,2013,8,August,3,Q3
20130810,2013-08-10,2013,8,August,3,Q3
20130811,2013-08-11,2013,8,August,3,Q3
20130812,2013-08-12,2013,8,August,3,Q3
20130813,2013-08-13,2013,8,August,3,Q3
20130814,2013-08-14,2013,8,August,3,Q3
20130815,2013-08-15,2013,8,August,3,Q3
20130816,2013-08-16,2013,8,August,3,Q3
20130817,2013-08-17,2013,8,August,3,Q3
20130818,2013-08-18,2013,8,August,3,Q3
20130819,2013-08-19,2013,8,August,3,Q3
20130820,2013-08-20,2013,8,August,3,Q3
20130821,2013-08-21,2013,8,August,3,Q3
20130822,2013-08-22,2013,8,August,3,Q3
20130823,2013-08-23,2013,8,August,3,Q3
20130824,2013-08-24,2013,8,August,3,Q3
20130825,2013-08-25,2013,8,August,3,Q3
20130826,2013-08-26,2013,8,August,3,Q3
20130827,2013-08-27,2013,8,August,3,Q3
20130828,2013-08-28,2013,8,August,3,Q3
20130829,2013-08-29,2013,8,August,3,Q3
20130830,2013-08-30,2013,8,August,3,Q3
20130831,2013-08-31,2013,8,August,3,Q3
20130901,2013-09-01,2013,9,September,3,Q3
20130902,2013-09-02,2013,9,September,3,Q3
20130903,2013-09-03,2013,9,September,3,Q3
20130904,2013-09-04,2013,9,September,3,Q3
20130905,2013-09-05,2013,9,September,3,Q3
20130906,2013-09-06,2013,9,September,3,Q3
20130907,2013-09-07,2013,9,September,3,Q3
20130908,2013-09-08,2013,9,September,3,Q3
20130909,2013-09-09,2013,9,September,3,Q3
20130910,2013-09-10,2013,9,September,3,Q3
20130911,2013-09-11,2013,9,September,3,Q3
20130912,2013-09-12,2013,9,September,3,Q3
20130913,2013-09-13,2013,9,September,3,Q3
20130914,2013-09-14,2013,9,September,3,Q3
20130915,2013-09-15,2013,9,September,3,Q3
20130916,2013-09-16,2013,9,September,3,Q3
20130917,2013-09-17,2013,9,September,3,Q3
20130918,2013-09-18,2013,9,September,3,Q3
20130919,2013-09-19,2013,9,September,3,Q3
20130920,2013-09-20,2013,9,September,3,Q3
20130921,2013-09-21,2013,9,September,3,Q3
20130922,2013-09-22,2013,9,September,3,Q3
20130923,2013-09-23,2013,9,September,3,Q3
20130924,2013-09-24,2013,9,September,3,Q3
20130925,2013-09-25,2013,9,September,3,Q3
20130926,2013-09-26,2013,9,September,3,Q3
20130927,2013-09-27,2013,9,September,3,Q3
20130928,2013-09-28,2013,9,September,3,Q3
20130929,2013-09-29,2013,9,September,3,Q3
20130930,2013-09-30,2013,9,September,3,Q3
20131001,2013-10-01,2013,10,October,4,Q4
20131002,2013-10-02,2013,10,October,4,Q4
20131003,2013-10-03,2013,10,October,4,Q4
20131004,2013-10-04,2013,10,October,4,Q4
20131005,2013-10-05,2013,10,October,4,Q4
20131006,2013-10-06,2013,10,October,4,Q4
20131007,2013-10-07,2013,10,October,4,Q4
20131008,2013-10-08,2013,10,October,4,Q4
20131009,2013-10-09,2013,10,October,4,Q4
20131010,2013-10-10,2013,10,October,4,Q4
20131011,2013-10-11,2013,10,October,4,Q4
20131012,2013-10-12,2013,10,October,4,Q4
20131013,2013-10-13,2013,10,October,4,Q4
20131014,2013-10-14,2013,10,October,4,Q4
20131015,2013-10-15,2013,10,October,4,Q4
20131016,2013-10-16,2013,10,October,4,Q4
20131017,2013-10-17,2013,10,October,4,Q4
20131018,2013-10-18,2013,10,October,4,Q4
20131019,2013-10-19,2013,10,October,4,Q4
20131020,2013-10-20,2013,10,October,4,Q4
20131021,2013-10-21,2013,10,October,4,Q4
20131022,2013-10-22,2013,10,October,4,Q4
20131023,2013-10-23,2013,10,October,4,Q4
20131024,2013-10-24,2013,10,October,4,Q4
20131025,2013-10-25,2013,10,October,4,Q4
20131026,2013-10-26,2013,10,October,4,Q4
20131027,2013-10-27,2013,10,October,4,Q4
20131028,2013-10-28,2013,10,October,4,Q4
20131029,2013-10-29,2013,10,October,4,Q4
20131030,2013-10-30,2013,10,October,4,Q4
20131031,2013-10-31,2013,10,October,4,Q4
20131101,2013-11-01,2013,11,November,4,Q4
20131102,2013-11-02,2013,11,November,4,Q4
20131103,2013-11-03,2013,11,November,4,Q4
20131104,2013-11-04,2013,11,November,4,Q4
20131105,2013-11-05,2013,11,November,4,Q4
20131106,2013-11-06,2013,11,November,4,Q4
20131107,2013-11-07,2013,11,November,4,Q4
20131108,2013-11-08,2013,11,November,4,Q4
20131109,2013-11-09,2013,11,November,4,Q4
20131110,2013-11-10,2013,11,November,4,Q4
20131111,2013-11-11,2013,11,November,4,Q4
20131112,2013-11-12,2013,11,November,4,Q4
20131113,2013-11-13,2013,11,November,4,Q4
20131114,2013-11-14,2013,11,November,4,Q4
20131115,2013-11-15,2013,11,November,4,Q4
20131116,2013-11-16,2013,11,November,4,Q4
20131117,2013-11-17,2013,11,November,4,Q4
20131118,2013-11-18,2013,11,November,4,Q4
20131119,2013-11-19,2013,11,November,4,Q4
20131120,2013-11-20,2013,11,November,4,Q4
20131121,2013-11-21,2013,11,November,4,Q4
20131122,2013-11-22,2013,11,November,4,Q4
20131123,2013-11-23,2013,11,November,4,Q4
20131124,2013-11-24,2013,11,November,4,Q4
20131125,2013-11-25,2013,11,November,4,Q4
20131126,2013-11-26,2013,11,November,4,Q4
20131127,2013-11-27,2013,11,November,4,Q4
20131128,2013-11-28,2013,11,November,4,Q4
20131129,2013-11-29,2013,11,November,4,Q4
20131130,2013-11-30,2013,11,November,4,Q4
20131201,2013-12-01,2013,12,December,4,Q4
20131202,2013-12-02,2013,12,December,4,Q4
20131203,2013-12-03,2013,12,December,4,Q4
20131204,2013-12-04,2013,12,December,4,Q4
20131205,2013-12-05,2013,12,December,4,Q4
20131206,2013-12-06,2013,12,December,4,Q4
20131207,2013-12-07,2013,12,December,4,Q4
20131208,2013-12-08,2013,12,December,4,Q4
20131209,2013-12-09,2013,12,December,4,Q4
20131210,2013-12-10,2013,12,December,4,Q4
20131211,2013-12-11,2013,12,December,4,Q4
20131212,2013-12-12,2013,12,December,4,Q4
20131213,2013-12-13,2013,12,December,4,Q4
20131214,2013-12-14,2013,12,December,4,Q4
20131215,2013-12-15,2013,12,December,4,Q4
20131216,2013-12-16,2013,12,December,4,Q4
20131217,2013-12-17,2013,12,December,4,Q4
20131218,2013-12-18,2013,12,December,4,Q4
20131219,2013-12-19,2013,12,December,4,Q4
20131220,2013-12-20,2013,12,December,4,Q4
20131221,2013-12-21,2013,12,December,4,Q4
20131222,2013-12-22,2013,12,December,4,Q4
20131223,2013-12-23,2013,12,December,4,Q4
20131224,2013-12-24,2013,12,December,4,Q4
20131225,2013-12-25,2013,12,December,4,Q4
20131226,2013-12-26,2013,12,December,4,Q4
20131227,2013-12-27,2013,12,December,4,Q4
20131228,2013-12-28,2013,12,December,4,Q4
20131229,2013-12-29,2013,12,December,4,Q4
20131230,2013-12-30,2013,12,December,4,Q4
20131231,2013-12-31,2013,12,December,4,Q4
20140101,2014-01-01,2014,1,January,1,Q1
20140102,2014-01-02,2014,1,January,1,Q1
20140103,2014-01-03,2014,1,January,1,Q1
20140104,2014-01-04,2014,1,January,1,Q1
20140105,2014-01-05,2014,1,January,1,Q1
20140106,2014-01-06,2014,1,January,1,Q1
20140107,2014-01-07,2014,1,January,1,Q1
20140108,2014-01-08,2014,1,January,1,Q1
20140109,2014-01-09,2014,1,January,1,Q1
20140110,2014-01-10,2014,1,January,1,Q1
20140111,2014-01-11,2014,1,January,1,Q1
20140112,2014-01-12,2014,1,January,1,Q1
20140113,2014-01-13,2014,1,January,1,Q1
20140114,2014-01-14,2014,1,January,1,Q1
20140115,2014-01-15,2014,1,January,1,Q1
20140116,2014-01-16,2014,1,January,1,Q1
20140117,2014-01-17,2014,1,January,1,Q1
20140118,2014-01-18,2014,1,January,1,Q1
20140119,2014-01-19,2014,1,January,1,Q1
20140120,2014-01-20,2014,1,January,1,Q1
20140121,2014-01-21,2014,1,January,1,Q1
20140122,2014-01-22,2014,1,January,1,Q1
20140123,2014-01-23,2014,1,January,1,Q1
20140124,2014-01-24,2014,1,January,1,Q1
20140125,2014-01-25,2014,1,January,1,Q1
20140126,2014-01-26,2014,1,January,1,Q1
20140127,2014-01-27,2014,1,January,1,Q1
20140128,2014-01-28,2014,1,January,1,Q1
20140129,2014-01-29,2014,1,January,1,Q1
20140130,2014-01-30,2014,1,January,1,Q1
20140131,2014-01-31,2014,1,January,1,Q1
20140201,2014-02-01,2014,2,February,1,Q1
20140202,2014-02-02,2014,2,February,1,Q1
20140203,2014-02-03,2014,2,February,1,Q1
20140204,2014-02-04,2014,2,February,1,Q1
20140205,2014-02-05,2014,2,February,1,Q1
20140206,2014-02-06,2014,2,February,1,Q1
20140207,2014-02-07,2014,2,February,1,Q1
20140208,2014-02-08,2014,2,February,1,Q1
20140209,2014-02-09,2014,2,February,1,Q1
20140210,2014-02-10,2014,2,February,1,Q1
20140211,2014-02-11,2014,2,February,1,Q1
20140212,2014-02-12,2014,2,February,1,Q1
20140213,2014-02-13,2014,2,February,1,Q1
20140214,2014-02-14,2014,2,February,1,Q1
20140215,2014-02-15,2014,2,February,1,Q1
20140216,2014-02-16,2014,2,February,1,Q1
20140217,2014-02-17,2014,2,February,1,Q1
20140218,2014-02-18,2014,2,February,1,Q1
20140219,2014-02-19,2014,2,February,1,Q1
20140220,2014-02-20,2014,2,February,1,Q1
20140221,2014-02-21,2014,2,February,1,Q1
20140222,2014-02-22,2014,2,February,1,Q1
20140223,2014-02-23,2014,2,February,1,Q1
20140224,2014-02-24,2014,2,February,1,Q1
20140225,2014-02-25,2014,2,February,1,Q1
20140226,2014-02-26,2014,2,February,1,Q1
20140227,2014-02-27,2014,2,February,1,Q1
20140228,2014-02-28,2014,2,February,1,Q1
20140301,2014-03-01,2014,3,March,1,Q1
20140302,2014-03-02,2014,3,March,1,Q1
20140303,2014-03-03,2014,3,March,1,Q1
20140304,2014-03-04,2014,3,March,1,Q1
20140305,2014-03-05,2014,3,March,1,Q1
20140306,2014-03-06,2014,3,March,1,Q1
20140307,2014-03-07,2014,3,March,1,Q1
20140308,2014-03-08,2014,3,March,1,Q1
20140309,2014-03-09,2014,3,March,1,Q1
20140310,2014-03-10,2014,3,March,1,Q1
20140311,2014-03-11,2014,3,March,1,Q1
20140312,2014-03-12,2014,3,March,1,Q1
20140313,2014-03-13,2014,3,March,1,Q1
20140314,2014-03-14,2014,3,March,1,Q1
20140315,2014-03-15,2014,3,March,1,Q1
20140316,2014-03-16,2014,3,March,1,Q1
20140317,2014-03-17,2014,3,March,1,Q1
20140318,2014-03-18,2014,3,March,1,Q1
20140319,2014-03-19,2014,3,March,1,Q1
20140320,2014-03-20,2014,3,March,1,Q1
20140321,2014-03-21,2014,3,March,1,Q1
20140322,2014-03-22,2014,3,March,1,Q1
20140323,2014-03-23,2014,3,March,1,Q1
20140324,2014-03-24,2014,3,March,1,Q1
20140325,2014-03-25,2014,3,March,1,Q1
20140326,2014-03-26,2014,3,March,1,Q1
20140327,2014-03-27,2014,3,March,1,Q1
20140328,2014-03-28,2014,3,March,1,Q1
20140329,2014-03-29,2014,3,March,1,Q1
20140330,2014-03-30,2014,3,March,1,Q1
20140331,2014-03-31,2014,3,March,1,Q1
20140401,2014-04-01,2014,4,April,2,Q2
20140402,2014-04-02,2014,4,April,2,Q2
20140403,2014-04-03,2014,4,April,2,Q2
20140404,2014-04-04,2014,4,April,2,Q2
20140405,2014-04-05,2014,4,April,2,Q2
20140406,2014-04-06,2014,4,April,2,Q2
20140407,2014-04-07,2014,4,April,2,Q2
20140408,2014-04-08,2014,4,April,2,Q2
20140409,2014-04-09,2014,4,April,2,Q2
20140410,2014-04-10,2014,4,April,2,Q2
20140411,2014-04-11,2014,4,April,2,Q2
20140412,2014-04-12,2014,4,April,2,Q2
20140413,2014-04-13,2014,4,April,2,Q2
20140414,2014-04-14,2014,4,April,2,Q2
20140415,2014-04-15,2014,4,April,2,Q2
20140416,2014-04-16,2014,4,April,2,Q2
20140417,2014-04-17,2014,4,April,2,Q2
20140418,2014-04-18,2014,4,April,2,Q2
20140419,2014-04-19,2014,4,April,2,Q2
20140420,2014-04-20,2014,4,April,2,Q2
20140421,2014-04-21,2014,4,April,2,Q2
20140422,2014-04-22,2014,4,April,2,Q2
20140423,2014-04-23,2014,4,April,2,Q2
20140424,2014-04-24,2014,4,April,2,Q2
20140425,2014-04-25,2014,4,April,2,Q2
20140426,2014-04-26,2014,4,April,2,Q2
20140427,2014-04-27,2014,4,April,2,Q2
20140428,2014-04-28,2014,4,April,2,Q2
20140429,2014-04-29,2014,4,April,2,Q2
20140430,2014-04-30,2014,4,April,2,Q2
20140501,2014-05-01,2014,5,May,2,Q2
20140502,2014-05-02,2014,5,May,2,Q2
20140503,2014-05-03,2014,5,May,2,Q2
20140504,2014-05-04,2014,5,May,2,Q2
20140505,2014-05-05,2014,5,May,2,Q2
20140506,2014-05-06,2014,5,May,2,Q2
20140507,2014-05-07,2014,5,May,2,Q2
20140508,2014-05-08,2014,5,May,2,Q2
20140509,2014-05-09,2014,5,May,2,Q2
20140510,2014-05-10,2014,5,May,2,Q2
20140511,2014-05-11,2014,5,May,2,Q2
20140512,2014-05-12,2014,5,May,2,Q2
20140513,2014-05-13,2014,5,May,2,Q2
20140514,2014-05-14,2014,5,May,2,Q2
20140515,2014-05-15,2014,5,May,2,Q2
20140516,2014-05-16,2014,5,May,2,Q2
20140517,2014-05-17,2014,5,May,2,Q2
20140518,2014-05-18,2014,5,May,2,Q2
20140519,2014-05-19,2014,5,May,2,Q2
20140520,2014-05-20,2014,5,May,2,Q2
20140521,2014-05-21,2014,5,May,2,Q2
20140522,2014-05-22,2014,5,May,2,Q2
20140523,2014-05-23,2014,5,May,2,Q2
20140524,2014-05-24,2014,5,May,2,Q2
20140525,2014-05-25,2014,5,May,2,Q2
20140526,2014-05-26,2014,5,May,2,Q2
20140527,2014-05-27,2014,5,May,2,Q2
20140528,2014-05-28,2014,5,May,2,Q2
20140529,2014-05-29,2014,5,May,2,Q2
20140530,2014-05-30,2014,5,May,2,Q2
20140531,2014-05-31,2014,5,May,2,Q2
20140601,2014-06-01,2014,6,June,2,Q2
20140602,2014-06-02,2014,6,June,2,Q2
20140603,2014-06-03,2014,6,June,2,Q2
20140604,2014-06-04,2014,6,June,2,Q2
20140605,2014-06-05,2014,6,June,2,Q2
20140606,2014-06-06,2014,6,June,2,Q2
20140607,2014-06-07,2014,6,June,2,Q2
20140608,2014-06-08,2014,6,June,2,Q2
20140609,2014-06-09,2014,6,June,2,Q2
20140610,2014-06-10,2014,6,June,2,Q2
20140611,2014-06-11,2014,6,June,2,Q2
20140612,2014-06-12,2014,6,June,2,Q2
20140613,2014-06-13,2014,6,June,2,Q2
20140614,2014-06-14,2014,6,June,2,Q2
20140615,2014-06-15,2014,6,June,2,Q2
20140616,2014-06-16,2014,6,June,2,Q2
20140617,2014-06-17,2014,6,June,2,Q2
20140618,2014-06-18,2014,6,June,2,Q2
20140619,2014-06-19,2014,6,June,2,Q2
20140620,2014-06-20,2014,6,June,2,Q2
20140621,2014-06-21,2014,6,June,2,Q2
20140622,2014-06-22,2014,6,June,2,Q2
20140623,2014-06-23,2014,6,June,2,Q2
20140624,2014-06-24,2014,6,June,2,Q2
20140625,2014-06-25,2014,6,June,2,Q2
20140626,2014-06-26,2014,6,June,2,Q2
20140627,2014-06-27,2014,6,June,2,Q2
20140628,2014-06-28,2014,6,June,2,Q2
20140629,2014-06-29,2014,6,June,2,Q2
20140630,2014-06-30,2014,6,June,2,Q2
20140701,2014-07-01,2014,7,July,3,Q3
20140702,2014-07-02,2014,7,July,3,Q3
20140703,2014-07-03,2014,7,July,3,Q3
20140704,2014-07-04,2014,7,July,3,Q3
20140705,2014-07-05,2014,7,July,3,Q3
20140706,2014-07-06,2014,7,July,3,Q3
20140707,2014-07-07,2014,7,July,3,Q3
20140708,2014-07-08,2014,7,July,3,Q3
20140709,2014-07-09,2014,7,July,3,Q3
20140710,2014-07-10,2014,7,July,3,Q3
20140711,2014-07-11,2014,7,July,3,Q3
20140712,2014-07-12,2014,7,July,3,Q3
20140713,2014-07-13,2014,7,July,3,Q3
20140714,2014-07-14,2014,7,July,3,Q3
20140715,2014-07-15,2014,7,July,3,Q3
20140716,2014-07-16,2014,7,July,3,Q3
20140717,2014-07-17,2014,7,July,3,Q3
20140718,2014-07-18,2014,7,July,3,Q3
20140719,2014-07-19,2014,7,July,3,Q3
20140720,2014-07-20,2014,7,July,3,Q3
20140721,2014-07-21,2014,7,July,3,Q3
20140722,2014-07-22,2014,7,July,3,Q3
20140723,2014-07-23,2014,7,July,3,Q3
20140724,2014-07-24,2014,7,July,3,Q3
20140725,2014-07-25,2014,7,July,3,Q3
20140726,2014-07-26,2014,7,July,3,Q3
20140727,2014-07-27,2014,7,July,3,Q3
20140728,2014-07-28,2014,7,July,3,Q3
20140729,2014-07-29,2014,7,July,3,Q3
20140730,2014-07-30,2014,7,July,3,Q3
20140731,2014-07-31,2014,7,July,3,Q3
20140801,2014-08-01,2014,8,August,3,Q3
20140802,2014-08-02,2014,8,August,3,Q3
20140803,2014-08-03,2014,8,August,3,Q3
20140804,2014-08-04,2014,8,August,3,Q3
20140805,2014-08-05,2014,8,August,3,Q3
20140806,2014-08-06,2014,8,August,3,Q3
20140807,2014-08-07,2014,8,August,3,Q3
20140808,2014-08-08,2014,8,August,3,Q3
20140809,2014-08-09,2014,8,August,3,Q3
20140810,2014-08-10,2014,8,August,3,Q3
20140811,2014-08-11,2014,8,August,3,Q3
20140812,2014-08-12,2014,8,August,3,Q3
20140813,2014-08-13,2014,8,August,3,Q3
20140814,2014-08-14,2014,8,August,3,Q3
20140815,2014-08-15,2014,8,August,3,Q3
20140816,2014-08-16,2014,8,August,3,Q3
20140817,2014-08-17,2014,8,August,3,Q3
20140818,2014-08-18,2014,8,August,3,Q3
20140819,2014-08-19,2014,8,August,3,Q3
20140820,2014-08-20,2014,8,August,3,Q3
20140821,2014-08-21,2014,8,August,3,Q3
20140822,2014-08-22,2014,8,August,3,Q3
20140823,2014-08-23,2014,8,August,3,Q3
20140824,2014-08-24,2014,8,August,3,Q3
20140825,2014-08-25,2014,8,August,3,Q3
20140826,2014-08-26,2014,8,August,3,Q3
20140827,2014-08-27,2014,8,August,3,Q3
20140828,2014-08-28,2014,8,August,3,Q3
20140829,2014-08-29,2014,8,August,3,Q3
20140830,2014-08-30,2014,8,August,3,Q3
20140831,2014-08-31,2014,8,August,3,Q3
20140901,2014-09-01,2014,9,September,3,Q3
20140902,2014-09-02,2014,9,September,3,Q3
20140903,2014-09-03,2014,9,September,3,Q3
20140904,2014-09-04,2014,9,September,3,Q3
20140905,2014-09-05,2014,9,September,3,Q3
20140906,2014-09-06,2014,9,September,3,Q3
20140907,2014-09-07,2014,9,September,3,Q3
20140908,2014-09-08,2014,9,September,3,Q3
20140909,2014-09-09,2014,9,September,3,Q3
20140910,2014-09-10,2014,9,September,3,Q3
20140911,2014-09-11,2014,9,September,3,Q3
20140912,2014-09-12,2014,9,September,3,Q3
20140913,2014-09-13,2014,9,September,3,Q3
20140914,2014-09-14,2014,9,September,3,Q3
20140915,2014-09-15,2014,9,September,3,Q3
20140916,2014-09-16,2014,9,September,3,Q3
20140917,2014-09-17,2014,9,September,3,Q3
20140918,2014-09-18,2014,9,September,3,Q3
20140919,2014-09-19,2014,9,September,3,Q3
20140920,2014-09-20,2014,9,September,3,Q3
20140921,2014-09-21,2014,9,September,3,Q3
20140922,2014-09-22,2014,9,September,3,Q3
20140923,2014-09-23,2014,9,September,3,Q3
20140924,2014-09-24,2014,9,September,3,Q3
20140925,2014-09-25,2014,9,September,3,Q3
20140926,2014-09-26,2014,9,September,3,Q3
20140927,2014-09-27,2014,9,September,3,Q3
20140928,2014-09-28,2014,9,September,3,Q3
20140929,2014-09-29,2014,9,September,3,Q3
20140930,2014-09-30,2014,9,September,3,Q3
20141001,2014-10-01,2014,10,October,4,Q4
20141002,2014-10-02,2014,10,October,4,Q4
20141003,2014-10-03,2014,10,October,4,Q4
20141004,2014-10-04,2014,10,October,4,Q4
20141005,2014-10-05,2014,10,October,4,Q4
20141006,2014-10-06,2014,10,October,4,Q4
20141007,2014-10-07,2014,10,October,4,Q4
20141008,2014-10-08,2014,10,October,4,Q4
20141009,2014-10-09,2014,10,October,4,Q4
20141010,2014-10-10,2014,10,October,4,Q4
20141011,2014-10-11,2014,10,October,4,Q4
20141012,2014-10-12,2014,10,October,4,Q4
20141013,2014-10-13,2014,10,October,4,Q4
20141014,2014-10-14,2014,10,October,4,Q4
20141015,2014-10-15,2014,10,October,4,Q4
20141016,2014-10-16,2014,10,October,4,Q4
20141017,2014-10-17,2014,10,October,4,Q4
20141018,2014-10-18,2014,10,October,4,Q4
20141019,2014-10-19,2014,10,October,4,Q4
20141020,2014-10-20,2014,10,October,4,Q4
20141021,2014-10-21,2014,10,October,4,Q4
20141022,2014-10-22,2014,10,October,4,Q4
20141023,2014-10-23,2014,10,October,4,Q4
20141024,2014-10-24,2014,10,October,4,Q4
20141025,2014-10-25,2014,10,October,4,Q4
20141026,2014-10-26,2014,10,October,4,Q4
20141027,2014-10-27,2014,10,October,4,Q4
20141028,2014-10-28,2014,10,October,4,Q4
20141029,2014-10-29,2014,10,October,4,Q4
20141030,2014-10-30,2014,10,October,4,Q4
20141031,2014-10-31,2014,10,October,4,Q4
20141101,2014-11-01,2014,11,November,4,Q4
20141102,2014-11-02,2014,11,November,4,Q4
20141103,2014-11-03,2014,11,November,4,Q4
20141104,2014-11-04,2014,11,November,4,Q4
20141105,2014-11-05,2014,11,November,4,Q4
20141106,2014-11-06,2014,11,November,4,Q4
20141107,2014-11-07,2014,11,November,4,Q4
20141108,2014-11-08,2014,11,November,4,Q4
20141109,2014-11-09,2014,11,November,4,Q4
20141110,2014-11-10,2014,11,November,4,Q4
20141111,2014-11-11,2014,11,November,4,Q4
20141112,2014-11-12,2014,11,November,4,Q4
20141113,2014-11-13,2014,11,November,4,Q4
20141114,2014-11-14,2014,11,November,4,Q4
20141115,2014-11-15,2014,11,November,4,Q4
20141116,2014-11-16,2014,11,November,4,Q4
20141117,2014-11-17,2014,11,November,4,Q4
20141118,2014-11-18,2014,11,November,4,Q4
20141119,2014-11-19,2014,11,November,4,Q4
20141120,2014-11-20,2014,11,November,4,Q4
20141121,2014-11-21,2014,11,November,4,Q4
20141122,2014-11-22,2014,11,November,4,Q4
20141123,2014-11-23,2014,11,November,4,Q4
20141124,2014-11-24,2014,11,November,4,Q4
20141125,2014-11-25,2014,11,November,4,Q4
20141126,2014-11-26,2014,11,November,4,Q4
20141127,2014-11-27,2014,11,November,4,Q4
20141128,2014-11-28,2014,11,November,4,Q4
20141129,2014-11-29,2014,11,November,4,Q4
20141130,2014-11-30,2014,11,November,4,Q4
20141201,2014-12-01,2014,12,December,4,Q4
20141202,2014-12-02,2014,12,December,4,Q4
20141203,2014-12-03,2014,12,December,4,Q4
20141204,2014-12-04,2014,12,December,4,Q4
20141205,2014-12-05,2014,12,December,4,Q4
20141206,2014-12-06,2014,12,December,4,Q4
20141207,2014-12-07,2014,12,December,4,Q4
20141208,2014-12-08,2014,12,December,4,Q4
20141209,2014-12-09,2014,12,December,4,Q4
20141210,2014-12-10,2014,12,December,4,Q4
20141211,2014-12-11,2014,12,December,4,Q4
20141212,2014-12-12,2014,12,December,4,Q4
20141213,2014-12-13,2014,12,December,4,Q4
20141214,2014-12-14,2014,12,December,4,Q4
20141215,2014-12-15,2014,12,December,4,Q4
20141216,2014-12-16,2014,12,December,4,Q4
20141217,2014-12-17,2014,12,December,4,Q4
20141218,2014-12-18,2014,12,December,4,Q4
20141219,2014-12-19,2014,12,December,4,Q4
20141220,2014-12-20,2014,12,December,4,Q4
20141221,2014-12-21,2014,12,December,4,Q4
20141222,2014-12-22,2014,12,December,4,Q4
20141223,2014-12-23,2014,12,December,4,Q4
20141224,2014-12-24,2014,12,December,4,Q4
20141225,2014-12-25,2014,12,December,4,Q4
20141226,2014-12-26,2014,12,December,4,Q4
20141227,2014-12-27,2014,12,December,4,Q4
20141228,2014-12-28,2014,12,December,4,Q4
20141229,2014-12-29,2014,12,December,4,Q4
20141230,2014-12-30,2014,12,December,4,Q4
20141231,2014-12-31,2014,12,December,4,Q4
20150101,2015-01-01,2015,1,January,1,Q1
20150102,2015-01-02,2015,1,January,1,Q1
20150103,2015-01-03,2015,1,January,1,Q1
20150104,2015-01-04,2015,1,January,1,Q1
20150105,2015-01-05,2015,1,January,1,Q1
20150106,2015-01-06,2015,1,January,1,Q1
20150107,2015-01-07,2015,1,January,1,Q1
20150108,2015-01-08,2015,1,January,1,Q1
20150109,2015-01-09,2015,1,January,1,Q1
20150110,2015-01-10,2015,1,January,1,Q1
20150111,2015-01-11,2015,1,January,1,Q1
20150112,2015-01-12,2015,1,January,1,Q1
20150113,2015-01-13,2015,1,January,1,Q1
20150114,2015-01-14,2015,1,January,1,Q1
20150115,2015-01-15,2015,1,January,1,Q1
20150116,2015-01-16,2015,1,January,1,Q1
20150117,2015-01-17,2015,1,January,1,Q1
20150118,2015-01-18,2015,1,January,1,Q1
20150119,2015-01-19,2015,1,January,1,Q1
20150120,2015-01-20,2015,1,January,1,Q1
20150121,2015-01-21,2015,1,January,1,Q1
20150122,2015-01-22,2015,1,January,1,Q1
20150123,2015-01-23,2015,1,January,1,Q1
20150124,2015-01-24,2015,1,January,1,Q1
20150125,2015-01-25,2015,1,January,1,Q1
20150126,2015-01-26,2015,1,January,1,Q1
20150127,2015-01-27,2015,1,January,1,Q1
20150128,2015-01-28,2015,1,January,1,Q1
20150129,2015-01-29,2015,1,January,1,Q1
20150130,2015-01-30,2015,1,January,1,Q1
20150131,2015-01-31,2015,1,January,1,Q1
20150201,2015-02-01,2015,2,February,1,Q1
20150202,2015-02-02,2015,2,February,1,Q1
20150203,2015-02-03,2015,2,February,1,Q1
20150204,2015-02-04,2015,2,February,1,Q1
20150205,2015-02-05,2015,2,February,1,Q1
20150206,2015-02-06,2015,2,February,1,Q1
20150207,2015-02-07,2015,2,February,1,Q1
20150208,2015-02-08,2015,2,February,1,Q1
20150209,2015-02-09,2015,2,February,1,Q1
20150210,2015-02-10,2015,2,February,1,Q1
20150211,2015-02-11,2015,2,February,1,Q1
20150212,2015-02-12,2015,2,February,1,Q1
20150213,2015-02-13,2015,2,February,1,Q1
20150214,2015-02-14,2015,2,February,1,Q1
20150215,2015-02-15,2015,2,February,1,Q1
20150216,2015-02-16,2015,2,February,1,Q1
20150217,2015-02-17,2015,2,February,1,Q1
20150218,2015-02-18,2015,2,February,1,Q1
20150219,2015-02-19,2015,2,February,1,Q1
20150220,2015-02-20,2015,2,February,1,Q1
20150221,2015-02-21,2015,2,February,1,Q1
20150222,2015-02-22,2015,2,February,1,Q1
20150223,2015-02-23,2015,2,February,1,Q1
20150224,2015-02-24,2015,2,February,1,Q1
20150225,2015-02-25,2015,2,February,1,Q1
20150226,2015-02-26,2015,2,February,1,Q1
20150227,2015-02-27,2015,2,February,1,Q1
20150228,2015-02-28,2015,2,February,1,Q1
20150301,2015-03-01,2015,3,March,1,Q1
20150302,2015-03-02,2015,3,March,1,Q1
20150303,2015-03-03,2015,3,March,1,Q1
20150304,2015-03-04,2015,3,March,1,Q1
20150305,2015-03-05,2015,3,March,1,Q1
20150306,2015-03-06,2015,3,March,1,Q1
20150307,2015-03-07,2015,3,March,1,Q1
20150308,2015-03-08,2015,3,March,1,Q1
20150309,2015-03-09,2015,3,March,1,Q1
20150310,2015-03-10,2015,3,March,1,Q1
20150311,2015-03-11,2015,3,March,1,Q1
20150312,2015-03-12,2015,3,March,1,Q1
20150313,2015-03-13,2015,3,March,1,Q1
20150314,2015-03-14,2015,3,March,1,Q1
20150315,2015-03-15,2015,3,March,1,Q1
20150316,2015-03-16,2015,3,March,1,Q1
20150317,2015-03-17,2015,3,March,1,Q1
20150318,2015-03-18,2015,3,March,1,Q1
20150319,2015-03-19,2015,3,March,1,Q1
20150320,2015-03-20,2015,3,March,1,Q1
20150321,2015-03-21,2015,3,March,1,Q1
20150322,2015-03-22,2015,3,March,1,Q1
20150323,2015-03-23,2015,3,March,1,Q1
20150324,2015-03-24,2015,3,March,1,Q1
20150325,2015-03-25,2015,3,March,1,Q1
20150326,2015-03-26,2015,3,March,1,Q1
20150327,2015-03-27,2015,3,March,1,Q1
20150328,2015-03-28,2015,3,March,1,Q1
20150329,2015-03-29,2015,3,March,1,Q1
20150330,2015-03-30,2015,3,March,1,Q1
20150331,2015-03-31,2015,3,March,1,Q1
20150401,2015-04-01,2015,4,April,2,Q2
20150402,2015-04-02,2015,4,April,2,Q2
20150403,2015-04-03,2015,4,April,2,Q2
20150404,2015-04-04,2015,4,April,2,Q2
20150405,2015-04-05,2015,4,April,2,Q2
20150406,2015-04-06,2015,4,April,2,Q2
20150407,2015-04-07,2015,4,April,2,Q2
20150408,2015-04-08,2015,4,April,2,Q2
20150409,2015-04-09,2015,4,April,2,Q2
20150410,2015-04-10,2015,4,April,2,Q2
20150411,2015-04-11,2015,4,April,2,Q2
20150412,2015-04-12,2015,4,April,2,Q2
20150413,2015-04-13,2015,4,April,2,Q2
20150414,2015-04-14,2015,4,April,2,Q2
20150415,2015-04-15,2015,4,April,2,Q2
20150416,2015-04-16,2015,4,April,2,Q2
20150417,2015-04-17,2015,4,April,2,Q2
20150418,2015-04-18,2015,4,April,2,Q2
20150419,2015-04-19,2015,4,April,2,Q2
20150420,2015-04-20,2015,4,April,2,Q2
20150421,2015-04-21,2015,4,April,2,Q2
20150422,2015-04-22,2015,4,April,2,Q2
20150423,2015-04-23,2015,4,April,2,Q2
20150424,2015-04-24,2015,4,April,2,Q2
20150425,2015-04-25,2015,4,April,2,Q2
20150426,2015-04-26,2015,4,April,2,Q2
20150427,2015-04-27,2015,4,April,2,Q2
20150428,2015-04-28,2015,4,April,2,Q2
20150429,2015-04-29,2015,4,April,2,Q2
20150430,2015-04-30,2015,4,April,2,Q2
20150501,2015-05-01,2015,5,May,2,Q2
20150502,2015-05-02,2015,5,May,2,Q2
20150503,2015-05-03,2015,5,May,2,Q2
20150504,2015-05-04,2015,5,May,2,Q2
20150505,2015-05-05,2015,5,May,2,Q2
20150506,2015-05-06,2015,5,May,2,Q2
20150507,2015-05-07,2015,5,May,2,Q2
20150508,2015-05-08,2015,5,May,2,Q2
20150509,2015-05-09,2015,5,May,2,Q2
20150510,2015-05-10,2015,5,May,2,Q2
20150511,2015-05-11,2015,5,May,2,Q2
20150512,2015-05-12,2015,5,May,2,Q2
20150513,2015-05-13,2015,5,May,2,Q2
20150514,2015-05-14,2015,5,May,2,Q2
20150515,2015-05-15,2015,5,May,2,Q2
20150516,2015-05-16,2015,5,May,2,Q2
20150517,2015-05-17,2015,5,May,2,Q2
20150518,2015-05-18,2015,5,May,2,Q2
20150519,2015-05-19,2015,5,May,2,Q2
20150520,2015-05-20,2015,5,May,2,Q2
20150521,2015-05-21,2015,5,May,2,Q2
20150522,2015-05-22,2015,5,May,2,Q2
20150523,2015-05-23,2015,5,May,2,Q2
20150524,2015-05-24,2015,5,May,2,Q2
20150525,2015-05-25,2015,5,May,2,Q2
20150526,2015-05-26,2015,5,May,2,Q2
20150527,2015-05-27,2015,5,May,2,Q2
20150528,2015-05-28,2015,5,May,2,Q2
20150529,2015-05-29,2015,5,May,2,Q2
20150530,2015-05-30,2015,5,May,2,Q2
20150531,2015-05-31,2015,5,May,2,Q2
20150601,2015-06-01,2015,6,June,2,Q2
20150602,2015-06-02,2015,6,June,2,Q2
20150603,2015-06-03,2015,6,June,2,Q2
20150604,2015-06-04,2015,6,June,2,Q2
20150605,2015-06-05,2015,6,June,2,Q2
20150606,2015-06-06,2015,6,June,2,Q2
20150607,2015-06-07,2015,6,June,2,Q2
20150608,2015-06-08,2015,6,June,2,Q2
20150609,2015-06-09,2015,6,June,2,Q2
20150610,2015-06-10,2015,6,June,2,Q2
20150611,2015-06-11,2015,6,June,2,Q2
20150612,2015-06-12,2015,6,June,2,Q2
20150613,2015-06-13,2015,6,June,2,Q2
20150614,2015-06-14,2015,6,June,2,Q2
20150615,2015-06-15,2015,6,June,2,Q2
20150616,2015-06-16,2015,6,June,2,Q2
20150617,2015-06-17,2015,6,June,2,Q2
20150618,2015-06-18,2015,6,June,2,Q2
20150619,2015-06-19,2015,6,June,2,Q2
20150620,2015-06-20,2015,6,June,2,Q2
20150621,2015-06-21,2015,6,June,2,Q2
20150622,2015-06-22,2015,6,June,2,Q2
20150623,2015-06-23,2015,6,June,2,Q2
20150624,2015-06-24,2015,6,June,2,Q2
20150625,2015-06-25,2015,6,June,2,Q2
20150626,2015-06-26,2015,6,June,2,Q2
20150627,2015-06-27,2015,6,June,2,Q2
20150628,2015-06-28,2015,6,June,2,Q2
20150629,2015-06-29,2015,6,June,2,Q2
20150630,2015-06-30,2015,6,June,2,Q2
20150701,2015-07-01,2015,7,July,3,Q3
20150702,2015-07-02,2015,7,July,3,Q3
20150703,2015-07-03,2015,7,July,3,Q3
20150704,2015-07-04,2015,7,July,3,Q3
20150705,2015-07-05,2015,7,July,3,Q3
20150706,2015-07-06,2015,7,July,3,Q3
20150707,2015-07-07,2015,7,July,3,Q3
20150708,2015-07-08,2015,7,July,3,Q3
20150709,2015-07-09,2015,7,July,3,Q3
20150710,2015-07-10,2015,7,July,3,Q3
20150711,2015-07-11,2015,7,July,3,Q3
20150712,2015-07-12,2015,7,July,3,Q3
20150713,2015-07-13,2015,7,July,3,Q3
20150714,2015-07-14,2015,7,July,3,Q3
20150715,2015-07-15,2015,7,July,3,Q3
20150716,2015-07-16,2015,7,July,3,Q3
20150717,2015-07-17,2015,7,July,3,Q3
20150718,2015-07-18,2015,7,July,3,Q3
20150719,2015-07-19,2015,7,July,3,Q3
20150720,2015-07-20,2015,7,July,3,Q3
20150721,2015-07-21,2015,7,July,3,Q3
20150722,2015-07-22,2015,7,July,3,Q3
20150723,2015-07-23,2015,7,July,3,Q3
20150724,2015-07-24,2015,7,July,3,Q3
20150725,2015-07-25,2015,7,July,3,Q3
20150726,2015-07-26,2015,7,July,3,Q3
20150727,2015-07-27,2015,7,July,3,Q3
20150728,2015-07-28,2015,7,July,3,Q3
20150729,2015-07-29,2015,7,July,3,Q3
20150730,2015-07-30,2015,7,July,3,Q3
20150731,2015-07-31,2015,7,July,3,Q3
20150801,2015-08-01,2015,8,August,3,Q3
20150802,2015-08-02,2015,8,August,3,Q3
20150803,2015-08-03,2015,8,August,3,Q3
20150804,2015-08-04,2015,8,August,3,Q3
20150805,2015-08-05,2015,8,August,3,Q3
20150806,2015-08-06,2015,8,August,3,Q3
20150807,2015-08-07,2015,8,August,3,Q3
20150808,2015-08-08,2015,8,August,3,Q3
20150809,2015-08-09,2015,8,August,3,Q3
20150810,2015-08-10,2015,8,August,3,Q3
20150811,2015-08-11,2015,8,August,3,Q3
20150812,2015-08-12,2015,8,August,3,Q3
20150813,2015-08-13,2015,8,August,3,Q3
20150814,2015-08-14,2015,8,August,3,Q3
20150815,2015-08-15,2015,8,August,3,Q3
20150816,2015-08-16,2015,8,August,3,Q3
20150817,2015-08-17,2015,8,August,3,Q3
20150818,2015-08-18,2015,8,August,3,Q3
20150819,2015-08-19,2015,8,August,3,Q3
20150820,2015-08-20,2015,8,August,3,Q3
20150821,2015-08-21,2015,8,August,3,Q3
20150822,2015-08-22,2015,8,August,3,Q3
20150823,2015-08-23,2015,8,August,3,Q3
20150824,2015-08-24,2015,8,August,3,Q3
20150825,2015-08-25,2015,8,August,3,Q3
20150826,2015-08-26,2015,8,August,3,Q3
20150827,2015-08-27,2015,8,August,3,Q3
20150828,2015-08-28,2015,8,August,3,Q3
20150829,2015-08-29,2015,8,August,3,Q3
20150830,2015-08-30,2015,8,August,3,Q3
20150831,2015-08-31,2015,8,August,3,Q3
20150901,2015-09-01,2015,9,September,3,Q3
20150902,2015-09-02,2015,9,September,3,Q3
20150903,2015-09-03,2015,9,September,3,Q3
20150904,2015-09-04,2015,9,September,3,Q3
20150905,2015-09-05,2015,9,September,3,Q3
20150906,2015-09-06,2015,9,September,3,Q3
20150907,2015-09-07,2015,9,September,3,Q3
20150908,2015-09-08,2015,9,September,3,Q3
20150909,2015-09-09,2015,9,September,3,Q3
20150910,2015-09-10,2015,9,September,3,Q3
20150911,2015-09-11,2015,9,September,3,Q3
20150912,2015-09-12,2015,9,September,3,Q3
20150913,2015-09-13,2015,9,September,3,Q3
20150914,2015-09-14,2015,9,September,3,Q3
20150915,2015-09-15,2015,9,September,3,Q3
20150916,2015-09-16,2015,9,September,3,Q3
20150917,2015-09-17,2015,9,September,3,Q3
20150918,2015-09-18,2015,9,September,3,Q3
20150919,2015-09-19,2015,9,September,3,Q3
20150920,2015-09-20,2015,9,September,3,Q3
20150921,2015-09-21,2015,9,September,3,Q3
20150922,2015-09-22,2015,9,September,3,Q3
20150923,2015-09-23,2015,9,September,3,Q3
20150924,2015-09-24,2015,9,September,3,Q3
20150925,2015-09-25,2015,9,September,3,Q3
20150926,2015-09-26,2015,9,September,3,Q3
20150927,2015-09-27,2015,9,September,3,Q3
20150928,2015-09-28,2015,9,September,3,Q3
20150929,2015-09-29,2015,9,September,3,Q3
20150930,2015-09-30,2015,9,September,3,Q3
20151001,2015-10-01,2015,10,October,4,Q4
20151002,2015-10-02,2015,10,October,4,Q4
20151003,2015-10-03,2015,10,October,4,Q4
20151004,2015-10-04,2015,10,October,4,Q4
20151005,2015-10-05,2015,10,October,4,Q4
20151006,2015-10-06,2015,10,October,4,Q4
20151007,2015-10-07,2015,10,October,4,Q4
20151008,2015-10-08,2015,10,October,4,Q4
20151009,2015-10-09,2015,10,October,4,Q4
20151010,2015-10-10,2015,10,October,4,Q4
20151011,2015-10-11,2015,10,October,4,Q4
20151012,2015-10-12,2015,10,October,4,Q4
20151013,2015-10-13,2015,10,October,4,Q4
20151014,2015-10-14,2015,10,October,4,Q4
20151015,2015-10-15,2015,10,October,4,Q4
20151016,2015-10-16,2015,10,October,4,Q4
20151017,2015-10-17,2015,10,October,4,Q4
20151018,2015-10-18,2015,10,October,4,Q4
20151019,2015-10-19,2015,10,October,4,Q4
20151020,2015-10-20,2015,10,October,4,Q4
20151021,2015-10-21,2015,10,October,4,Q4
20151022,2015-10-22,2015,10,October,4,Q4
20151023,2015-10-23,2015,10,October,4,Q4
20151024,2015-10-24,2015,10,October,4,Q4
20151025,2015-10-25,2015,10,October,4,Q4
20151026,2015-10-26,2015,10,October,4,Q4
20151027,2015-10-27,2015,10,October,4,Q4
20151028,2015-10-28,2015,10,October,4,Q4
20151029,2015-10-29,2015,10,October,4,Q4
20151030,2015-10-30,2015,10,October,4,Q4
20151031,2015-10-31,2015,10,October,4,Q4
20151101,2015-11-01,2015,11,November,4,Q4
20151102,2015-11-02,2015,11,November,4,Q4
20151103,2015-11-03,2015,11,November,4,Q4
20151104,2015-11-04,2015,11,November,4,Q4
20151105,2015-11-05,2015,11,November,4,Q4
20151106,2015-11-06,2015,11,November,4,Q4
20151107,2015-11-07,2015,11,November,4,Q4
20151108,2015-11-08,2015,11,November,4,Q4
20151109,2015-11-09,2015,11,November,4,Q4
20151110,2015-11-10,2015,11,November,4,Q4
20151111,2015-11-11,2015,11,November,4,Q4
20151112,2015-11-12,2015,11,November,4,Q4
20151113,2015-11-13,2015,11,November,4,Q4
20151114,2015-11-14,2015,11,November,4,Q4
20151115,2015-11-15,2015,11,November,4,Q4
20151116,2015-11-16,2015,11,November,4,Q4
20151117,2015-11-17,2015,11,November,4,Q4
20151118,2015-11-18,2015,11,November,4,Q4
20151119,2015-11-19,2015,11,November,4,Q4
20151120,2015-11-20,2015,11,November,4,Q4
20151121,2015-11-21,2015,11,November,4,Q4
20151122,2015-11-22,2015,11,November,4,Q4
20151123,2015-11-23,2015,11,November,4,Q4
20151124,2015-11-24,2015,11,November,4,Q4
20151125,2015-11-25,2015,11,November,4,Q4
20151126,2015-11-26,2015,11,November,4,Q4
20151127,2015-11-27,2015,11,November,4,Q4
20151128,2015-11-28,2015,11,November,4,Q4
20151129,2015-11-29,2015,11,November,4,Q4
20151130,2015-11-30,2015,11,November,4,Q4
20151201,2015-12-01,2015,12,December,4,Q4
20151202,2015-12-02,2015,12,December,4,Q4
20151203,2015-12-03,2015,12,December,4,Q4
20151204,2015-12-04,2015,12,December,4,Q4
20151205,2015-12-05,2015,12,December,4,Q4
20151206,2015-12-06,2015,12,December,4,Q4
20151207,2015-12-07,2015,12,December,4,Q4
20151208,2015-12-08,2015,12,December,4,Q4
20151209,2015-12-09,2015,12,December,4,Q4
20151210,2015-12-10,2015,12,December,4,Q4
20151211,2015-12-11,2015,12,December,4,Q4
20151212,2015-12-12,2015,12,December,4,Q4
20151213,2015-12-13,2015,12,December,4,Q4
20151214,2015-12-14,2015,12,December,4,Q4
20151215,2015-12-15,2015,12,December,4,Q4
20151216,2015-12-16,2015,12,December,4,Q4
20151217,2015-12-17,2015,12,December,4,Q4
20151218,2015-12-18,2015,12,December,4,Q4
20151219,2015-12-19,2015,12,December,4,Q4
20151220,2015-12-20,2015,12,December,4,Q4
20151221,2015-12-21,2015,12,December,4,Q4
20151222,2015-12-22,2015,12,December,4,Q4
20151223,2015-12-23,2015,12,December,4,Q4
20151224,2015-12-24,2015,12,December,4,Q4
20151225,2015-12-25,2015,12,December,4,Q4
20151226,2015-12-26,2015,12,December,4,Q4
20151227,2015-12-27,2015,12,December,4,Q4
20151228,2015-12-28,2015,12,December,4,Q4
20151229,2015-12-29,2015,12,December,4,Q4
20151230,2015-12-30,2015,12,December,4,Q4
20151231,2015-12-31,2015,12,December,4,Q4
20160101,2016-01-01,2016,1,January,1,Q1
20160102,2016-01-02,2016,1,January,1,Q1
20160103,2016-01-03,2016,1,January,1,Q1
20160104,2016-01-04,2016,1,January,1,Q1
20160105,2016-01-05,2016,1,January,1,Q1
20160106,2016-01-06,2016,1,January,1,Q1
20160107,2016-01-07,2016,1,January,1,Q1
20160108,2016-01-08,2016,1,January,1,Q1
20160109,2016-01-09,2016,1,January,1,Q1
20160110,2016-01-10,2016,1,January,1,Q1
20160111,2016-01-11,2016,1,January,1,Q1
20160112,2016-01-12,2016,1,January,1,Q1
20160113,2016-01-13,2016,1,January,1,Q1
20160114,2016-01-14,2016,1,January,1,Q1
20160115,2016-01-15,2016,1,January,1,Q1
20160116,2016-01-16,2016,1,January,1,Q1
20160117,2016-01-17,2016,1,January,1,Q1
20160118,2016-01-18,2016,1,January,1,Q1
20160119,2016-01-19,2016,1,January,1,Q1
20160120,2016-01-20,2016,1,January,1,Q1
20160121,2016-01-21,2016,1,January,1,Q1
20160122,2016-01-22,2016,1,January,1,Q1
20160123,2016-01-23,2016,1,January,1,Q1
20160124,2016-01-24,2016,1,January,1,Q1
20160125,2016-01-25,2016,1,January,1,Q1
20160126,2016-01-26,2016,1,January,1,Q1
20160127,2016-01-27,2016,1,January,1,Q1
20160128,2016-01-28,2016,1,January,1,Q1
20160129,2016-01-29,2016,1,January,1,Q1
20160130,2016-01-30,2016,1,January,1,Q1
20160131,2016-01-31,2016,1,January,1,Q1
20160201,2016-02-01,2016,2,February,1,Q1
20160202,2016-02-02,2016,2,February,1,Q1
20160203,2016-02-03,2016,2,February,1,Q1
20160204,2016-02-04,2016,2,February,1,Q1
20160205,2016-02-05,2016,2,February,1,Q1
20160206,2016-02-06,2016,2,February,1,Q1
20160207,2016-02-07,2016,2,February,1,Q1
20160208,2016-02-08,2016,2,February,1,Q1
20160209,2016-02-09,2016,2,February,1,Q1
20160210,2016-02-10,2016,2,February,1,Q1
20160211,2016-02-11,2016,2,February,1,Q1
20160212,2016-02-12,2016,2,February,1,Q1
20160213,2016-02-13,2016,2,February,1,Q1
20160214,2016-02-14,2016,2,February,1,Q1
20160215,2016-02-15,2016,2,February,1,Q1
20160216,2016-02-16,2016,2,February,1,Q1
20160217,2016-02-17,2016,2,February,1,Q1
20160218,2016-02-18,2016,2,February,1,Q1
20160219,2016-02-19,2016,2,February,1,Q1
20160220,2016-02-20,2016,2,February,1,Q1
20160221,2016-02-21,2016,2,February,1,Q1
20160222,2016-02-22,2016,2,February,1,Q1
20160223,2016-02-23,2016,2,February,1,Q1
20160224,2016-02-24,2016,2,February,1,Q1
20160225,2016-02-25,2016,2,February,1,Q1
20160226,2016-02-26,2016,2,February,1,Q1
20160227,2016-02-27,2016,2,February,1,Q1
20160228,2016-02-28,2016,2,February,1,Q1
20160229,2016-02-29,2016,2,February,1,Q1
20160301,2016-03-01,2016,3,March,1,Q1
20160302,2016-03-02,2016,3,March,1,Q1
20160303,2016-03-03,2016,3,March,1,Q1
20160304,2016-03-04,2016,3,March,1,Q1
20160305,2016-03-05,2016,3,March,1,Q1
20160306,2016-03-06,2016,3,March,1,Q1
20160307,2016-03-07,2016,3,March,1,Q1
20160308,2016-03-08,2016,3,March,1,Q1
20160309,2016-03-09,2016,3,March,1,Q1
20160310,2016-03-10,2016,3,March,1,Q1
20160311,2016-03-11,2016,3,March,1,Q1
20160312,2016-03-12,2016,3,March,1,Q1
20160313,2016-03-13,2016,3,March,1,Q1
20160314,2016-03-14,2016,3,March,1,Q1
20160315,2016-03-15,2016,3,March,1,Q1
20160316,2016-03-16,2016,3,March,1,Q1
20160317,2016-03-17,2016,3,March,1,Q1
20160318,2016-03-18,2016,3,March,1,Q1
20160319,2016-03-19,2016,3,March,1,Q1
20160320,2016-03-20,2016,3,March,1,Q1
20160321,2016-03-21,2016,3,March,1,Q1
20160322,2016-03-22,2016,3,March,1,Q1
20160323,2016-03-23,2016,3,March,1,Q1
20160324,2016-03-24,2016,3,March,1,Q1
20160325,2016-03-25,2016,3,March,1,Q1
20160326,2016-03-26,2016,3,March,1,Q1
20160327,2016-03-27,2016,3,March,1,Q1
20160328,2016-03-28,2016,3,March,1,Q1
20160329,2016-03-29,2016,3,March,1,Q1
20160330,2016-03-30,2016,3,March,1,Q1
20160331,2016-03-31,2016,3,March,1,Q1
20160401,2016-04-01,2016,4,April,2,Q2
20160402,2016-04-02,2016,4,April,2,Q2
20160403,2016-04-03,2016,4,April,2,Q2
20160404,2016-04-04,2016,4,April,2,Q2
20160405,2016-04-05,2016,4,April,2,Q2
20160406,2016-04-06,2016,4,April,2,Q2
20160407,2016-04-07,2016,4,April,2,Q2
20160408,2016-04-08,2016,4,April,2,Q2
20160409,2016-04-09,2016,4,April,2,Q2
20160410,2016-04-10,2016,4,April,2,Q2
20160411,2016-04-11,2016,4,April,2,Q2
20160412,2016-04-12,2016,4,April,2,Q2
20160413,2016-04-13,2016,4,April,2,Q2
20160414,2016-04-14,2016,4,April,2,Q2
20160415,2016-04-15,2016,4,April,2,Q2
20160416,2016-04-16,2016,4,April,2,Q2
20160417,2016-04-17,2016,4,April,2,Q2
20160418,2016-04-18,2016,4,April,2,Q2
20160419,2016-04-19,2016,4,April,2,Q2
20160420,2016-04-20,2016,4,April,2,Q2
20160421,2016-04-21,2016,4,April,2,Q2
20160422,2016-04-22,2016,4,April,2,Q2
20160423,2016-04-23,2016,4,April,2,Q2
20160424,2016-04-24,2016,4,April,2,Q2
20160425,2016-04-25,2016,4,April,2,Q2
20160426,2016-04-26,2016,4,April,2,Q2
20160427,2016-04-27,2016,4,April,2,Q2
20160428,2016-04-28,2016,4,April,2,Q2
20160429,2016-04-29,2016,4,April,2,Q2
20160430,2016-04-30,2016,4,April,2,Q2
20160501,2016-05-01,2016,5,May,2,Q2
20160502,2016-05-02,2016,5,May,2,Q2
20160503,2016-05-03,2016,5,May,2,Q2
20160504,2016-05-04,2016,5,May,2,Q2
20160505,2016-05-05,2016,5,May,2,Q2
20160506,2016-05-06,2016,5,May,2,Q2
20160507,2016-05-07,2016,5,May,2,Q2
20160508,2016-05-08,2016,5,May,2,Q2
20160509,2016-05-09,2016,5,May,2,Q2
20160510,2016-05-10,2016,5,May,2,Q2
20160511,2016-05-11,2016,5,May,2,Q2
20160512,2016-05-12,2016,5,May,2,Q2
20160513,2016-05-13,2016,5,May,2,Q2
20160514,2016-05-14,2016,5,May,2,Q2
20160515,2016-05-15,2016,5,May,2,Q2
20160516,2016-05-16,2016,5,May,2,Q2
20160517,2016-05-17,2016,5,May,2,Q2
20160518,2016-05-18,2016,5,May,2,Q2
20160519,2016-05-19,2016,5,May,2,Q2
20160520,2016-05-20,2016,5,May,2,Q2
20160521,2016-05-21,2016,5,May,2,Q2
20160522,2016-05-22,2016,5,May,2,Q2
20160523,2016-05-23,2016,5,May,2,Q2
20160524,2016-05-24,2016,5,May,2,Q2
20160525,2016-05-25,2016,5,May,2,Q2
20160526,2016-05-26,2016,5,May,2,Q2
20160527,2016-05-27,2016,5,May,2,Q2
20160528,2016-05-28,2016,5,May,2,Q2
20160529,2016-05-29,2016,5,May,2,Q2
20160530,2016-05-30,2016,5,May,2,Q2
20160531,2016-05-31,2016,5,May,2,Q2
20160601,2016-06-01,2016,6,June,2,Q2
20160602,2016-06-02,2016,6,June,2,Q2
20160603,2016-06-03,2016,6,June,2,Q2
20160604,2016-06-04,2016,6,June,2,Q2
20160605,2016-06-05,2016,6,June,2,Q2
20160606,2016-06-06,2016,6,June,2,Q2
20160607,2016-06-07,2016,6,June,2,Q2
20160608,2016-06-08,2016,6,June,2,Q2
20160609,2016-06-09,2016,6,June,2,Q2
20160610,2016-06-10,2016,6,June,2,Q2
20160611,2016-06-11,2016,6,June,2,Q2
20160612,2016-06-12,2016,6,June,2,Q2
20160613,2016-06-13,2016,6,June,2,Q2
20160614,2016-06-14,2016,6,June,2,Q2
20160615,2016-06-15,2016,6,June,2,Q2
20160616,2016-06-16,2016,6,June,2,Q2
20160617,2016-06-17,2016,6,June,2,Q2
20160618,2016-06-18,2016,6,June,2,Q2
20160619,2016-06-19,2016,6,June,2,Q2
20160620,2016-06-20,2016,6,June,2,Q2
20160621,2016-06-21,2016,6,June,2,Q2
20160622,2016-06-22,2016,6,June,2,Q2
20160623,2016-06-23,2016,6,June,2,Q2
20160624,2016-06-24,2016,6,June,2,Q2
20160625,2016-06-25,2016,6,June,2,Q2
20160626,2016-06-26,2016,6,June,2,Q2
20160627,2016-06-27,2016,6,June,2,Q2
20160628,2016-06-28,2016,6,June,2,Q2
20160629,2016-06-29,2016,6,June,2,Q2
20160630,2016-06-30,2016,6,June,2,Q2
20160701,2016-07-01,2016,7,July,3,Q3
20160702,2016-07-02,2016,7,July,3,Q3
20160703,2016-07-03,2016,7,July,3,Q3
20160704,2016-07-04,2016,7,July,3,Q3
20160705,2016-07-05,2016,7,July,3,Q3
20160706,2016-07-06,2016,7,July,3,Q3
20160707,2016-07-07,2016,7,July,3,Q3
20160708,2016-07-08,2016,7,July,3,Q3
20160709,2016-07-09,2016,7,July,3,Q3
20160710,2016-07-10,2016,7,July,3,Q3
20160711,2016-07-11,2016,7,July,3,Q3
20160712,2016-07-12,2016,7,July,3,Q3
20160713,2016-07-13,2016,7,July,3,Q3
20160714,2016-07-14,2016,7,July,3,Q3
20160715,2016-07-15,2016,7,July,3,Q3
20160716,2016-07-16,2016,7,July,3,Q3
20160717,2016-07-17,2016,7,July,3,Q3
20160718,2016-07-18,2016,7,July,3,Q3
20160719,2016-07-19,2016,7,July,3,Q3
20160720,2016-07-20,2016,7,July,3,Q3
20160721,2016-07-21,2016,7,July,3,Q3
20160722,2016-07-22,2016,7,July,3,Q3
20160723,2016-07-23,2016,7,July,3,Q3
20160724,2016-07-24,2016,7,July,3,Q3
20160725,2016-07-25,2016,7,July,3,Q3
20160726,2016-07-26,2016,7,July,3,Q3
20160727,2016-07-27,2016,7,July,3,Q3
20160728,2016-07-28,2016,7,July,3,Q3
20160729,2016-07-29,2016,7,July,3,Q3
20160730,2016-07-30,2016,7,July,3,Q3
20160731,2016-07-31,2016,7,July,3,Q3
20160801,2016-08-01,2016,8,August,3,Q3
20160802,2016-08-02,2016,8,August,3,Q3
20160803,2016-08-03,2016,8,August,3,Q3
20160804,2016-08-04,2016,8,August,3,Q3
20160805,2016-08-05,2016,8,August,3,Q3
20160806,2016-08-06,2016,8,August,3,Q3
20160807,2016-08-07,2016,8,August,3,Q3
20160808,2016-08-08,2016,8,August,3,Q3
20160809,2016-08-09,2016,8,August,3,Q3
20160810,2016-08-10,2016,8,August,3,Q3
20160811,2016-08-11,2016,8,August,3,Q3
20160812,2016-08-12,2016,8,August,3,Q3
20160813,2016-08-13,2016,8,August,3,Q3
20160814,2016-08-14,2016,8,August,3,Q3
20160815,2016-08-15,2016,8,August,3,Q3
20160816,2016-08-16,2016,8,August,3,Q3
20160817,2016-08-17,2016,8,August,3,Q3
20160818,2016-08-18,2016,8,August,3,Q3
20160819,2016-08-19,2016,8,August,3,Q3
20160820,2016-08-20,2016,8,August,3,Q3
20160821,2016-08-21,2016,8,August,3,Q3
20160822,2016-08-22,2016,8,August,3,Q3
20160823,2016-08-23,2016,8,August,3,Q3
20160824,2016-08-24,2016,8,August,3,Q3
20160825,2016-08-25,2016,8,August,3,Q3
20160826,2016-08-26,2016,8,August,3,Q3
20160827,2016-08-27,2016,8,August,3,Q3
20160828,2016-08-28,2016,8,August,3,Q3
20160829,2016-08-29,2016,8,August,3,Q3
20160830,2016-08-30,2016,8,August,3,Q3
20160831,2016-08-31,2016,8,August,3,Q3
20160901,2016-09-01,2016,9,September,3,Q3
20160902,2016-09-02,2016,9,September,3,Q3
20160903,2016-09-03,2016,9,September,3,Q3
20160904,2016-09-04,2016,9,September,3,Q3
20160905,2016-09-05,2016,9,September,3,Q3
20160906,2016-09-06,2016,9,September,3,Q3
20160907,2016-09-07,2016,9,September,3,Q3
20160908,2016-09-08,2016,9,September,3,Q3
20160909,2016-09-09,2016,9,September,3,Q3
20160910,2016-09-10,2016,9,September,3,Q3
20160911,2016-09-11,2016,9,September,3,Q3
20160912,2016-09-12,2016,9,September,3,Q3
20160913,2016-09-13,2016,9,September,3,Q3
20160914,2016-09-14,2016,9,September,3,Q3
20160915,2016-09-15,2016,9,September,3,Q3
20160916,2016-09-16,2016,9,September,3,Q3
20160917,2016-09-17,2016,9,September,3,Q3
20160918,2016-09-18,2016,9,September,3,Q3
20160919,2016-09-19,2016,9,September,3,Q3
20160920,2016-09-20,2016,9,September,3,Q3
20160921,2016-09-21,2016,9,September,3,Q3
20160922,2016-09-22,2016,9,September,3,Q3
20160923,2016-09-23,2016,9,September,3,Q3
20160924,2016-09-24,2016,9,September,3,Q3
20160925,2016-09-25,2016,9,September,3,Q3
20160926,2016-09-26,2016,9,September,3,Q3
20160927,2016-09-27,2016,9,September,3,Q3
20160928,2016-09-28,2016,9,September,3,Q3
20160929,2016-09-29,2016,9,September,3,Q3
20160930,2016-09-30,2016,9,September,3,Q3
20161001,2016-10-01,2016,10,October,4,Q4
20161002,2016-10-02,2016,10,October,4,Q4
20161003,2016-10-03,2016,10,October,4,Q4
20161004,2016-10-04,2016,10,October,4,Q4
20161005,2016-10-05,2016,10,October,4,Q4
20161006,2016-10-06,2016,10,October,4,Q4
20161007,2016-10-07,2016,10,October,4,Q4
20161008,2016-10-08,2016,10,October,4,Q4
20161009,2016-10-09,2016,10,October,4,Q4
20161010,2016-10-10,2016,10,October,4,Q4
20161011,2016-10-11,2016,10,October,4,Q4
20161012,2016-10-12,2016,10,October,4,Q4
20161013,2016-10-13,2016,10,October,4,Q4
20161014,2016-10-14,2016,10,October,4,Q4
20161015,2016-10-15,2016,10,October,4,Q4
20161016,2016-10-16,2016,10,October,4,Q4
20161017,2016-10-17,2016,10,October,4,Q4
20161018,2016-10-18,2016,10,October,4,Q4
20161019,2016-10-19,2016,10,October,4,Q4
20161020,2016-10-20,2016,10,October,4,Q4
20161021,2016-10-21,2016,10,October,4,Q4
20161022,2016-10-22,2016,10,October,4,Q4
20161023,2016-10-23,2016,10,October,4,Q4
20161024,2016-10-24,2016,10,October,4,Q4
20161025,2016-10-25,2016,10,October,4,Q4
20161026,2016-10-26,2016,10,October,4,Q4
20161027,2016-10-27,2016,10,October,4,Q4
20161028,2016-10-28,2016,10,October,4,Q4
20161029,2016-10-29,2016,10,October,4,Q4
20161030,2016-10-30,2016,10,October,4,Q4
20161031,2016-10-31,2016,10,October,4,Q4
20161101,2016-11-01,2016,11,November,4,Q4
20161102,2016-11-02,2016,11,November,4,Q4
20161103,2016-11-03,2016,11,November,4,Q4
20161104,2016-11-04,2016,11,November,4,Q4
20161105,2016-11-05,2016,11,November,4,Q4
20161106,2016-11-06,2016,11,November,4,Q4
20161107,2016-11-07,2016,11,November,4,Q4
20161108,2016-11-08,2016,11,November,4,Q4
20161109,2016-11-09,2016,11,November,4,Q4
20161110,2016-11-10,2016,11,November,4,Q4
20161111,2016-11-11,2016,11,November,4,Q4
20161112,2016-11-12,2016,11,November,4,Q4
20161113,2016-11-13,2016,11,November,4,Q4
20161114,2016-11-14,2016,11,November,4,Q4
20161115,2016-11-15,2016,11,November,4,Q4
20161116,2016-11-16,2016,11,November,4,Q4
20161117,2016-11-17,2016,11,November,4,Q4
20161118,2016-11-18,2016,11,November,4,Q4
20161119,2016-11-19,2016,11,November,4,Q4
20161120,2016-11-20,2016,11,November,4,Q4
20161121,2016-11-21,2016,11,November,4,Q4
20161122,2016-11-22,2016,11,November,4,Q4
20161123,2016-11-23,2016,11,November,4,Q4
20161124,2016-11-24,2016,11,November,4,Q4
20161125,2016-11-25,2016,11,November,4,Q4
20161126,2016-11-26,2016,11,November,4,Q4
20161127,2016-11-27,2016,11,November,4,Q4
20161128,2016-11-28,2016,11,November,4,Q4
20161129,2016-11-29,2016,11,November,4,Q4
20161130,2016-11-30,2016,11,November,4,Q4
20161201,2016-12-01,2016,12,December,4,Q4
20161202,2016-12-02,2016,12,December,4,Q4
20161203,2016-12-03,2016,12,December,4,Q4
20161204,2016-12-04,2016,12,December,4,Q4
20161205,2016-12-05,2016,12,December,4,Q4
20161206,2016-12-06,2016,12,December,4,Q4
20161207,2016-12-07,2016,12,December,4,Q4
20161208,2016-12-08,2016,12,December,4,Q4
20161209,2016-12-09,2016,12,December,4,Q4
20161210,2016-12-10,2016,12,December,4,Q4
20161211,2016-12-11,2016,12,December,4,Q4
20161212,2016-12-12,2016,12,December,4,Q4
20161213,2016-12-13,2016,12,December,4,Q4
20161214,2016-12-14,2016,12,December,4,Q4
20161215,2016-12-15,2016,12,December,4,Q4
20161216,2016-12-16,2016,12,December,4,Q4
20161217,2016-12-17,2016,12,December,4,Q4
20161218,2016-12-18,2016,12,December,4,Q4
20161219,2016-12-19,2016,12,December,4,Q4
20161220,2016-12-20,2016,12,December,4,Q4
20161221,2016-12-21,2016,12,December,4,Q4
20161222,2016-12-22,2016,12,December,4,Q4
20161223,2016-12-23,2016,12,December,4,Q4
20161224,2016-12-24,2016,12,December,4,Q4
20161225,2016-12-25,2016,12,December,4,Q4
20161226,2016-12-26,2016,12,December,4,Q4
20161227,2016-12-27,2016,12,December,4,Q4
20161228,2016-12-28,2016,12,December,4,Q4
20161229,2016-12-29,2016,12,December,4,Q4
20161230,2016-12-30,2016,12,December,4,Q4
20161231,2016-12-31,2016,12,December,4,Q4
20170101,2017-01-01,2017,1,January,1,Q1
20170102,2017-01-02,2017,1,January,1,Q1
20170103,2017-01-03,2017,1,January,1,Q1
20170104,2017-01-04,2017,1,January,1,Q1
20170105,2017-01-05,2017,1,January,1,Q1
20170106,2017-01-06,2017,1,January,1,Q1
20170107,2017-01-07,2017,1,January,1,Q1
20170108,2017-01-08,2017,1,January,1,Q1
20170109,2017-01-09,2017,1,January,1,Q1
20170110,2017-01-10,2017,1,January,1,Q1
20170111,2017-01-11,2017,1,January,1,Q1
20170112,2017-01-12,2017,1,January,1,Q1
20170113,2017-01-13,2017,1,January,1,Q1
20170114,2017-01-14,2017,1,January,1,Q1
20170115,2017-01-15,2017,1,January,1,Q1
20170116,2017-01-16,2017,1,January,1,Q1
20170117,2017-01-17,2017,1,January,1,Q1
20170118,2017-01-18,2017,1,January,1,Q1
20170119,2017-01-19,2017,1,January,1,Q1
20170120,2017-01-20,2017,1,January,1,Q1
20170121,2017-01-21,2017,1,January,1,Q1
20170122,2017-01-22,2017,1,January,1,Q1
20170123,2017-01-23,2017,1,January,1,Q1
20170124,2017-01-24,2017,1,January,1,Q1
20170125,2017-01-25,2017,1,January,1,Q1
20170126,2017-01-26,2017,1,January,1,Q1
20170127,2017-01-27,2017,1,January,1,Q1
20170128,2017-01-28,2017,1,January,1,Q1
20170129,2017-01-29,2017,1,January,1,Q1
20170130,2017-01-30,2017,1,January,1,Q1
20170131,2017-01-31,2017,1,January,1,Q1
20170201,2017-02-01,2017,2,February,1,Q1
20170202,2017-02-02,2017,2,February,1,Q1
20170203,2017-02-03,2017,2,February,1,Q1
20170204,2017-02-04,2017,2,February,1,Q1
20170205,2017-02-05,2017,2,February,1,Q1
20170206,2017-02-06,2017,2,February,1,Q1
20170207,2017-02-07,2017,2,February,1,Q1
20170208,2017-02-08,2017,2,February,1,Q1
20170209,2017-02-09,2017,2,February,1,Q1
20170210,2017-02-10,2017,2,February,1,Q1
20170211,2017-02-11,2017,2,February,1,Q1
20170212,2017-02-12,2017,2,February,1,Q1
20170213,2017-02-13,2017,2,February,1,Q1
20170214,2017-02-14,2017,2,February,1,Q1
20170215,2017-02-15,2017,2,February,1,Q1
20170216,2017-02-16,2017,2,February,1,Q1
20170217,2017-02-17,2017,2,February,1,Q1
20170218,2017-02-18,2017,2,February,1,Q1
20170219,2017-02-19,2017,2,February,1,Q1
20170220,2017-02-20,2017,2,February,1,Q1
20170221,2017-02-21,2017,2,February,1,Q1
20170222,2017-02-22,2017,2,February,1,Q1
20170223,2017-02-23,2017,2,February,1,Q1
20170224,2017-02-24,2017,2,February,1,Q1
20170225,2017-02-25,2017,2,February,1,Q1
20170226,2017-02-26,2017,2,February,1,Q1
20170227,2017-02-27,2017,2,February,1,Q1
20170228,2017-02-28,2017,2,February,1,Q1
20170301,2017-03-01,2017,3,March,1,Q1
20170302,2017-03-02,2017,3,March,1,Q1
20170303,2017-03-03,2017,3,March,1,Q1
20170304,2017-03-04,2017,3,March,1,Q1
20170305,2017-03-05,2017,3,March,1,Q1
20170306,2017-03-06,2017,3,March,1,Q1
20170307,2017-03-07,2017,3,March,1,Q1
20170308,2017-03-08,2017,3,March,1,Q1
20170309,2017-03-09,2017,3,March,1,Q1
20170310,2017-03-10,2017,3,March,1,Q1
20170311,2017-03-11,2017,3,March,1,Q1
20170312,2017-03-12,2017,3,March,1,Q1
20170313,2017-03-13,2017,3,March,1,Q1
20170314,2017-03-14,2017,3,March,1,Q1
20170315,2017-03-15,2017,3,March,1,Q1
20170316,2017-03-16,2017,3,March,1,Q1
20170317,2017-03-17,2017,3,March,1,Q1
20170318,2017-03-18,2017,3,March,1,Q1
20170319,2017-03-19,2017,3,March,1,Q1
20170320,2017-03-20,2017,3,March,1,Q1
20170321,2017-03-21,2017,3,March,1,Q1
20170322,2017-03-22,2017,3,March,1,Q1
20170323,2017-03-23,2017,3,March,1,Q1
20170324,2017-03-24,2017,3,March,1,Q1
20170325,2017-03-25,2017,3,March,1,Q1
20170326,2017-03-26,2017,3,March,1,Q1
20170327,2017-03-27,2017,3,March,1,Q1
20170328,2017-03-28,2017,3,March,1,Q1
20170329,2017-03-29,2017,3,March,1,Q1
20170330,2017-03-30,2017,3,March,1,Q1
20170331,2017-03-31,2017,3,March,1,Q1
20170401,2017-04-01,2017,4,April,2,Q2
20170402,2017-04-02,2017,4,April,2,Q2
20170403,2017-04-03,2017,4,April,2,Q2
20170404,2017-04-04,2017,4,April,2,Q2
20170405,2017-04-05,2017,4,April,2,Q2
20170406,2017-04-06,2017,4,April,2,Q2
20170407,2017-04-07,2017,4,April,2,Q2
20170408,2017-04-08,2017,4,April,2,Q2
20170409,2017-04-09,2017,4,April,2,Q2
20170410,2017-04-10,2017,4,April,2,Q2
20170411,2017-04-11,2017,4,April,2,Q2
20170412,2017-04-12,2017,4,April,2,Q2
20170413,2017-04-13,2017,4,April,2,Q2
20170414,2017-04-14,2017,4,April,2,Q2
20170415,2017-04-15,2017,4,April,2,Q2
20170416,2017-04-16,2017,4,April,2,Q2
20170417,2017-04-17,2017,4,April,2,Q2
20170418,2017-04-18,2017,4,April,2,Q2
20170419,2017-04-19,2017,4,April,2,Q2
20170420,2017-04-20,2017,4,April,2,Q2
20170421,2017-04-21,2017,4,April,2,Q2
20170422,2017-04-22,2017,4,April,2,Q2
20170423,2017-04-23,2017,4,April,2,Q2
20170424,2017-04-24,2017,4,April,2,Q2
20170425,2017-04-25,2017,4,April,2,Q2
20170426,2017-04-26,2017,4,April,2,Q2
20170427,2017-04-27,2017,4,April,2,Q2
20170428,2017-04-28,2017,4,April,2,Q2
20170429,2017-04-29,2017,4,April,2,Q2
20170430,2017-04-30,2017,4,April,2,Q2
20170501,2017-05-01,2017,5,May,2,Q2
20170502,2017-05-02,2017,5,May,2,Q2
20170503,2017-05-03,2017,5,May,2,Q2
20170504,2017-05-04,2017,5,May,2,Q2
20170505,2017-05-05,2017,5,May,2,Q2
20170506,2017-05-06,2017,5,May,2,Q2
20170507,2017-05-07,2017,5,May,2,Q2
20170508,2017-05-08,2017,5,May,2,Q2
20170509,2017-05-09,2017,5,May,2,Q2
20170510,2017-05-10,2017,5,May,2,Q2
20170511,2017-05-11,2017,5,May,2,Q2
20170512,2017-05-12,2017,5,May,2,Q2
20170513,2017-05-13,2017,5,May,2,Q2
20170514,2017-05-14,2017,5,May,2,Q2
20170515,2017-05-15,2017,5,May,2,Q2
20170516,2017-05-16,2017,5,May,2,Q2
20170517,2017-05-17,2017,5,May,2,Q2
20170518,2017-05-18,2017,5,May,2,Q2
20170519,2017-05-19,2017,5,May,2,Q2
20170520,2017-05-20,2017,5,May,2,Q2
20170521,2017-05-21,2017,5,May,2,Q2
20170522,2017-05-22,2017,5,May,2,Q2
20170523,2017-05-23,2017,5,May,2,Q2
20170524,2017-05-24,2017,5,May,2,Q2
20170525,2017-05-25,2017,5,May,2,Q2
20170526,2017-05-26,2017,5,May,2,Q2
20170527,2017-05-27,2017,5,May,2,Q2
20170528,2017-05-28,2017,5,May,2,Q2
20170529,2017-05-29,2017,5,May,2,Q2
20170530,2017-05-30,2017,5,May,2,Q2
20170531,2017-05-31,2017,5,May,2,Q2
20170601,2017-06-01,2017,6,June,2,Q2
20170602,2017-06-02,2017,6,June,2,Q2
20170603,2017-06-03,2017,6,June,2,Q2
20170604,2017-06-04,2017,6,June,2,Q2
20170605,2017-06-05,2017,6,June,2,Q2
20170606,2017-06-06,2017,6,June,2,Q2
20170607,2017-06-07,2017,6,June,2,Q2
20170608,2017-06-08,2017,6,June,2,Q2
20170609,2017-06-09,2017,6,June,2,Q2
20170610,2017-06-10,2017,6,June,2,Q2
20170611,2017-06-11,2017,6,June,2,Q2
20170612,2017-06-12,2017,6,June,2,Q2
20170613,2017-06-13,2017,6,June,2,Q2
20170614,2017-06-14,2017,6,June,2,Q2
20170615,2017-06-15,2017,6,June,2,Q2
20170616,2017-06-16,2017,6,June,2,Q2
20170617,2017-06-17,2017,6,June,2,Q2
20170618,2017-06-18,2017,6,June,2,Q2
20170619,2017-06-19,2017,6,June,2,Q2
20170620,2017-06-20,2017,6,June,2,Q2
20170621,2017-06-21,2017,6,June,2,Q2
20170622,2017-06-22,2017,6,June,2,Q2
20170623,2017-06-23,2017,6,June,2,Q2
20170624,2017-06-24,2017,6,June,2,Q2
20170625,2017-06-25,2017,6,June,2,Q2
20170626,2017-06-26,2017,6,June,2,Q2
20170627,2017-06-27,2017,6,June,2,Q2
20170628,2017-06-28,2017,6,June,2,Q2
20170629,2017-06-29,2017,6,June,2,Q2
20170630,2017-06-30,2017,6,June,2,Q2
20170701,2017-07-01,2017,7,July,3,Q3
20170702,2017-07-02,2017,7,July,3,Q3
20170703,2017-07-03,2017,7,July,3,Q3
20170704,2017-07-04,2017,7,July,3,Q3
20170705,2017-07-05,2017,7,July,3,Q3
20170706,2017-07-06,2017,7,July,3,Q3
20170707,2017-07-07,2017,7,July,3,Q3
20170708,2017-07-08,2017,7,July,3,Q3
20170709,2017-07-09,2017,7,July,3,Q3
20170710,2017-07-10,2017,7,July,3,Q3
20170711,2017-07-11,2017,7,July,3,Q3
20170712,2017-07-12,2017,7,July,3,Q3
20170713,2017-07-13,2017,7,July,3,Q3
20170714,2017-07-14,2017,7,July,3,Q3
20170715,2017-07-15,2017,7,July,3,Q3
20170716,2017-07-16,2017,7,July,3,Q3
20170717,2017-07-17,2017,7,July,3,Q3
20170718,2017-07-18,2017,7,July,3,Q3
20170719,2017-07-19,2017,7,July,3,Q3
20170720,2017-07-20,2017,7,July,3,Q3
20170721,2017-07-21,2017,7,July,3,Q3
20170722,2017-07-22,2017,7,July,3,Q3
20170723,2017-07-23,2017,7,July,3,Q3
20170724,2017-07-24,2017,7,July,3,Q3
20170725,2017-07-25,2017,7,July,3,Q3
20170726,2017-07-26,2017,7,July,3,Q3
20170727,2017-07-27,2017,7,July,3,Q3
20170728,2017-07-28,2017,7,July,3,Q3
20170729,2017-07-29,2017,7,July,3,Q3
20170730,2017-07-30,2017,7,July,3,Q3
20170731,2017-07-31,2017,7,July,3,Q3
20170801,2017-08-01,2017,8,August,3,Q3
20170802,2017-08-02,2017,8,August,3,Q3
20170803,2017-08-03,2017,8,August,3,Q3
20170804,2017-08-04,2017,8,August,3,Q3
20170805,2017-08-05,2017,8,August,3,Q3
20170806,2017-08-06,2017,8,August,3,Q3
20170807,2017-08-07,2017,8,August,3,Q3
20170808,2017-08-08,2017,8,August,3,Q3
20170809,2017-08-09,2017,8,August,3,Q3
20170810,2017-08-10,2017,8,August,3,Q3
20170811,2017-08-11,2017,8,August,3,Q3
20170812,2017-08-12,2017,8,August,3,Q3
20170813,2017-08-13,2017,8,August,3,Q3
20170814,2017-08-14,2017,8,August,3,Q3
20170815,2017-08-15,2017,8,August,3,Q3
20170816,2017-08-16,2017,8,August,3,Q3
20170817,2017-08-17,2017,8,August,3,Q3
20170818,2017-08-18,2017,8,August,3,Q3
20170819,2017-08-19,2017,8,August,3,Q3
20170820,2017-08-20,2017,8,August,3,Q3
20170821,2017-08-21,2017,8,August,3,Q3
20170822,2017-08-22,2017,8,August,3,Q3
20170823,2017-08-23,2017,8,August,3,Q3
20170824,2017-08-24,2017,8,August,3,Q3
20170825,2017-08-25,2017,8,August,3,Q3
20170826,2017-08-26,2017,8,August,3,Q3
20170827,2017-08-27,2017,8,August,3,Q3
20170828,2017-08-28,2017,8,August,3,Q3
20170829,2017-08-29,2017,8,August,3,Q3
20170830,2017-08-30,2017,8,August,3,Q3
20170831,2017-08-31,2017,8,August,3,Q3
20170901,2017-09-01,2017,9,September,3,Q3
20170902,2017-09-02,2017,9,September,3,Q3
20170903,2017-09-03,2017,9,September,3,Q3
20170904,2017-09-04,2017,9,September,3,Q3
20170905,2017-09-05,2017,9,September,3,Q3
20170906,2017-09-06,2017,9,September,3,Q3
20170907,2017-09-07,2017,9,September,3,Q3
20170908,2017-09-08,2017,9,September,3,Q3
20170909,2017-09-09,2017,9,September,3,Q3
20170910,2017-09-10,2017,9,September,3,Q3
20170911,2017-09-11,2017,9,September,3,Q3
20170912,2017-09-12,2017,9,September,3,Q3
20170913,2017-09-13,2017,9,September,3,Q3
20170914,2017-09-14,2017,9,September,3,Q3
20170915,2017-09-15,2017,9,September,3,Q3
20170916,2017-09-16,2017,9,September,3,Q3
20170917,2017-09-17,2017,9,September,3,Q3
20170918,2017-09-18,2017,9,September,3,Q3
20170919,2017-09-19,2017,9,September,3,Q3
20170920,2017-09-20,2017,9,September,3,Q3
20170921,2017-09-21,2017,9,September,3,Q3
20170922,2017-09-22,2017,9,September,3,Q3
20170923,2017-09-23,2017,9,September,3,Q3
20170924,2017-09-24,2017,9,September,3,Q3
20170925,2017-09-25,2017,9,September,3,Q3
20170926,2017-09-26,2017,9,September,3,Q3
20170927,2017-09-27,2017,9,September,3,Q3
20170928,2017-09-28,2017,9,September,3,Q3
20170929,2017-09-29,2017,9,September,3,Q3
20170930,2017-09-30,2017,9,September,3,Q3
20171001,2017-10-01,2017,10,October,4,Q4
20171002,2017-10-02,2017,10,October,4,Q4
20171003,2017-10-03,2017,10,October,4,Q4
20171004,2017-10-04,2017,10,October,4,Q4
20171005,2017-10-05,2017,10,October,4,Q4
20171006,2017-10-06,2017,10,October,4,Q4
20171007,2017-10-07,2017,10,October,4,Q4
20171008,2017-10-08,2017,10,October,4,Q4
20171009,2017-10-09,2017,10,October,4,Q4
20171010,2017-10-10,2017,10,October,4,Q4
20171011,2017-10-11,2017,10,October,4,Q4
20171012,2017-10-12,2017,10,October,4,Q4
20171013,2017-10-13,2017,10,October,4,Q4
20171014,2017-10-14,2017,10,October,4,Q4
20171015,2017-10-15,2017,10,October,4,Q4
20171016,2017-10-16,2017,10,October,4,Q4
20171017,2017-10-17,2017,10,October,4,Q4
20171018,2017-10-18,2017,10,October,4,Q4
20171019,2017-10-19,2017,10,October,4,Q4
20171020,2017-10-20,2017,10,October,4,Q4
20171021,2017-10-21,2017,10,October,4,Q4
20171022,2017-10-22,2017,10,October,4,Q4
20171023,2017-10-23,2017,10,October,4,Q4
20171024,2017-10-24,2017,10,October,4,Q4
20171025,2017-10-25,2017,10,October,4,Q4
20171026,2017-10-26,2017,10,October,4,Q4
20171027,2017-10-27,2017,10,October,4,Q4
20171028,2017-10-28,2017,10,October,4,Q4
20171029,2017-10-29,2017,10,October,4,Q4
20171030,2017-10-30,2017,10,October,4,Q4
20171031,2017-10-31,2017,10,October,4,Q4
20171101,2017-11-01,2017,11,November,4,Q4
20171102,2017-11-02,2017,11,November,4,Q4
20171103,2017-11-03,2017,11,November,4,Q4
20171104,2017-11-04,2017,11,November,4,Q4
20171105,2017-11-05,2017,11,November,4,Q4
20171106,2017-11-06,2017,11,November,4,Q4
20171107,2017-11-07,2017,11,November,4,Q4
20171108,2017-11-08,2017,11,November,4,Q4
20171109,2017-11-09,2017,11,November,4,Q4
20171110,2017-11-10,2017,11,November,4,Q4
20171111,2017-11-11,2017,11,November,4,Q4
20171112,2017-11-12,2017,11,November,4,Q4
20171113,2017-11-13,2017,11,November,4,Q4
20171114,2017-11-14,2017,11,November,4,Q4
20171115,2017-11-15,2017,11,November,4,Q4
20171116,2017-11-16,2017,11,November,4,Q4
20171117,2017-11-17,2017,11,November,4,Q4
20171118,2017-11-18,2017,11,November,4,Q4
20171119,2017-11-19,2017,11,November,4,Q4
20171120,2017-11-20,2017,11,November,4,Q4
20171121,2017-11-21,2017,11,November,4,Q4
20171122,2017-11-22,2017,11,November,4,Q4
20171123,2017-11-23,2017,11,November,4,Q4
20171124,2017-11-24,2017,11,November,4,Q4
20171125,2017-11-25,2017,11,November,4,Q4
20171126,2017-11-26,2017,11,November,4,Q4
20171127,2017-11-27,2017,11,November,4,Q4
20171128,2017-11-28,2017,11,November,4,Q4
20171129,2017-11-29,2017,11,November,4,Q4
20171130,2017-11-30,2017,11,November,4,Q4
20171201,2017-12-01,2017,12,December,4,Q4
20171202,2017-12-02,2017,12,December,4,Q4
20171203,2017-12-03,2017,12,December,4,Q4
20171204,2017-12-04,2017,12,December,4,Q4
20171205,2017-12-05,2017,12,December,4,Q4
20171206,2017-12-06,2017,12,December,4,Q4
20171207,2017-12-07,2017,12,December,4,Q4
20171208,2017-12-08,2017,12,December,4,Q4
20171209,2017-12-09,2017,12,December,4,Q4
20171210,2017-12-10,2017,12,December,4,Q4
20171211,2017-12-11,2017,12,December,4,Q4
20171212,2017-12-12,2017,12,December,4,Q4
20171213,2017-12-13,2017,12,December,4,Q4
20171214,2017-12-14,2017,12,December,4,Q4
20171215,2017-12-15,2017,12,December,4,Q4
20171216,2017-12-16,2017,12,December,4,Q4
20171217,2017-12-17,2017,12,December,4,Q4
20171218,2017-12-18,2017,12,December,4,Q4
20171219,2017-12-19,2017,12,December,4,Q4
20171220,2017-12-20,2017,12,December,4,Q4
20171221,2017-12-21,2017,12,December,4,Q4
20171222,2017-12-22,2017,12,December,4,Q4
20171223,2017-12-23,2017,12,December,4,Q4
20171224,2017-12-24,2017,12,December,4,Q4
20171225,2017-12-25,2017,12,December,4,Q4
20171226,2017-12-26,2017,12,December,4,Q4
20171227,2017-12-27,2017,12,December,4,Q4
20171228,2017-12-28,2017,12,December,4,Q4
20171229,2017-12-29,2017,12,December,4,Q4
20171230,2017-12-30,2017,12,December,4,Q4
20171231,2017-12-31,2017,12,December,4,Q4
20180101,2018-01-01,2018,1,January,1,Q1
20180102,2018-01-02,2018,1,January,1,Q1
20180103,2018-01-03,2018,1,January,1,Q1
20180104,2018-01-04,2018,1,January,1,Q1
20180105,2018-01-05,2018,1,January,1,Q1
20180106,2018-01-06,2018,1,January,1,Q1
20180107,2018-01-07,2018,1,January,1,Q1
20180108,2018-01-08,2018,1,January,1,Q1
20180109,2018-01-09,2018,1,January,1,Q1
20180110,2018-01-10,2018,1,January,1,Q1
20180111,2018-01-11,2018,1,January,1,Q1
20180112,2018-01-12,2018,1,January,1,Q1
20180113,2018-01-13,2018,1,January,1,Q1
20180114,2018-01-14,2018,1,January,1,Q1
20180115,2018-01-15,2018,1,January,1,Q1
20180116,2018-01-16,2018,1,January,1,Q1
20180117,2018-01-17,2018,1,January,1,Q1
20180118,2018-01-18,2018,1,January,1,Q1
20180119,2018-01-19,2018,1,January,1,Q1
20180120,2018-01-20,2018,1,January,1,Q1
20180121,2018-01-21,2018,1,January,1,Q1
20180122,2018-01-22,2018,1,January,1,Q1
20180123,2018-01-23,2018,1,January,1,Q1
20180124,2018-01-24,2018,1,January,1,Q1
20180125,2018-01-25,2018,1,January,1,Q1
20180126,2018-01-26,2018,1,January,1,Q1
20180127,2018-01-27,2018,1,January,1,Q1
20180128,2018-01-28,2018,1,January,1,Q1
20180129,2018-01-29,2018,1,January,1,Q1
20180130,2018-01-30,2018,1,January,1,Q1
20180131,2018-01-31,2018,1,January,1,Q1
20180201,2018-02-01,2018,2,February,1,Q1
20180202,2018-02-02,2018,2,February,1,Q1
20180203,2018-02-03,2018,2,February,1,Q1
20180204,2018-02-04,2018,2,February,1,Q1
20180205,2018-02-05,2018,2,February,1,Q1
20180206,2018-02-06,2018,2,February,1,Q1
20180207,2018-02-07,2018,2,February,1,Q1
20180208,2018-02-08,2018,2,February,1,Q1
20180209,2018-02-09,2018,2,February,1,Q1
20180210,2018-02-10,2018,2,February,1,Q1
20180211,2018-02-11,2018,2,February,1,Q1
20180212,2018-02-12,2018,2,February,1,Q1
20180213,2018-02-13,2018,2,February,1,Q1
20180214,2018-02-14,2018,2,February,1,Q1
20180215,2018-02-15,2018,2,February,1,Q1
20180216,2018-02-16,2018,2,February,1,Q1
20180217,2018-02-17,2018,2,February,1,Q1
20180218,2018-02-18,2018,2,February,1,Q1
20180219,2018-02-19,2018,2,February,1,Q1
20180220,2018-02-20,2018,2,February,1,Q1
20180221,2018-02-21,2018,2,February,1,Q1
20180222,2018-02-22,2018,2,February,1,Q1
20180223,2018-02-23,2018,2,February,1,Q1
20180224,2018-02-24,2018,2,February,1,Q1
20180225,2018-02-25,2018,2,February,1,Q1
20180226,2018-02-26,2018,2,February,1,Q1
20180227,2018-02-27,2018,2,February,1,Q1
20180228,2018-02-28,2018,2,February,1,Q1
20180301,2018-03-01,2018,3,March,1,Q1
20180302,2018-03-02,2018,3,March,1,Q1
20180303,2018-03-03,2018,3,March,1,Q1
20180304,2018-03-04,2018,3,March,1,Q1
20180305,2018-03-05,2018,3,March,1,Q1
20180306,2018-03-06,2018,3,March,1,Q1
20180307,2018-03-07,2018,3,March,1,Q1
20180308,2018-03-08,2018,3,March,1,Q1
20180309,2018-03-09,2018,3,March,1,Q1
20180310,2018-03-10,2018,3,March,1,Q1
20180311,2018-03-11,2018,3,March,1,Q1
20180312,2018-03-12,2018,3,March,1,Q1
20180313,2018-03-13,2018,3,March,1,Q1
20180314,2018-03-14,2018,3,March,1,Q1
20180315,2018-03-15,2018,3,March,1,Q1
20180316,2018-03-16,2018,3,March,1,Q1
20180317,2018-03-17,2018,3,March,1,Q1
20180318,2018-03-18,2018,3,March,1,Q1
20180319,2018-03-19,2018,3,March,1,Q1
20180320,2018-03-20,2018,3,March,1,Q1
20180321,2018-03-21,2018,3,March,1,Q1
20180322,2018-03-22,2018,3,March,1,Q1
20180323,2018-03-23,2018,3,March,1,Q1
20180324,2018-03-24,2018,3,March,1,Q1
20180325,2018-03-25,2018,3,March,1,Q1
20180326,2018-03-26,2018,3,March,1,Q1
20180327,2018-03-27,2018,3,March,1,Q1
20180328,2018-03-28,2018,3,March,1,Q1
20180329,2018-03-29,2018,3,March,1,Q1
20180330,2018-03-30,2018,3,March,1,Q1
20180331,2018-03-31,2018,3,March,1,Q1
20180401,2018-04-01,2018,4,April,2,Q2
20180402,2018-04-02,2018,4,April,2,Q2
20180403,2018-04-03,2018,4,April,2,Q2
20180404,2018-04-04,2018,4,April,2,Q2
20180405,2018-04-05,2018,4,April,2,Q2
20180406,2018-04-06,2018,4,April,2,Q2
20180407,2018-04-07,2018,4,April,2,Q2
20180408,2018-04-08,2018,4,April,2,Q2
20180409,2018-04-09,2018,4,April,2,Q2
20180410,2018-04-10,2018,4,April,2,Q2
20180411,2018-04-11,2018,4,April,2,Q2
20180412,2018-04-12,2018,4,April,2,Q2
20180413,2018-04-13,2018,4,April,2,Q2
20180414,2018-04-14,2018,4,April,2,Q2
20180415,2018-04-15,2018,4,April,2,Q2
20180416,2018-04-16,2018,4,April,2,Q2
20180417,2018-04-17,2018,4,April,2,Q2
20180418,2018-04-18,2018,4,April,2,Q2
20180419,2018-04-19,2018,4,April,2,Q2
20180420,2018-04-20,2018,4,April,2,Q2
20180421,2018-04-21,2018,4,April,2,Q2
20180422,2018-04-22,2018,4,April,2,Q2
20180423,2018-04-23,2018,4,April,2,Q2
20180424,2018-04-24,2018,4,April,2,Q2
20180425,2018-04-25,2018,4,April,2,Q2
20180426,2018-04-26,2018,4,April,2,Q2
20180427,2018-04-27,2018,4,April,2,Q2
20180428,2018-04-28,2018,4,April,2,Q2
20180429,2018-04-29,2018,4,April,2,Q2
20180430,2018-04-30,2018,4,April,2,Q2
20180501,2018-05-01,2018,5,May,2,Q2
20180502,2018-05-02,2018,5,May,2,Q2
20180503,2018-05-03,2018,5,May,2,Q2
20180504,2018-05-04,2018,5,May,2,Q2
20180505,2018-05-05,2018,5,May,2,Q2
20180506,2018-05-06,2018,5,May,2,Q2
20180507,2018-05-07,2018,5,May,2,Q2
20180508,2018-05-08,2018,5,May,2,Q2
20180509,2018-05-09,2018,5,May,2,Q2
20180510,2018-05-10,2018,5,May,2,Q2
20180511,2018-05-11,2018,5,May,2,Q2
20180512,2018-05-12,2018,5,May,2,Q2
20180513,2018-05-13,2018,5,May,2,Q2
20180514,2018-05-14,2018,5,May,2,Q2
20180515,2018-05-15,2018,5,May,2,Q2
20180516,2018-05-16,2018,5,May,2,Q2
20180517,2018-05-17,2018,5,May,2,Q2
20180518,2018-05-18,2018,5,May,2,Q2
20180519,2018-05-19,2018,5,May,2,Q2
20180520,2018-05-20,2018,5,May,2,Q2
20180521,2018-05-21,2018,5,May,2,Q2
20180522,2018-05-22,2018,5,May,2,Q2
20180523,2018-05-23,2018,5,May,2,Q2
20180524,2018-05-24,2018,5,May,2,Q2
20180525,2018-05-25,2018,5,May,2,Q2
20180526,2018-05-26,2018,5,May,2,Q2
20180527,2018-05-27,2018,5,May,2,Q2
20180528,2018-05-28,2018,5,May,2,Q2
20180529,2018-05-29,2018,5,May,2,Q2
20180530,2018-05-30,2018,5,May,2,Q2
20180531,2018-05-31,2018,5,May,2,Q2
20180601,2018-06-01,2018,6,June,2,Q2
20180602,2018-06-02,2018,6,June,2,Q2
20180603,2018-06-03,2018,6,June,2,Q2
20180604,2018-06-04,2018,6,June,2,Q2
20180605,2018-06-05,2018,6,June,2,Q2
20180606,2018-06-06,2018,6,June,2,Q2
20180607,2018-06-07,2018,6,June,2,Q2
20180608,2018-06-08,2018,6,June,2,Q2
20180609,2018-06-09,2018,6,June,2,Q2
20180610,2018-06-10,2018,6,June,2,Q2
20180611,2018-06-11,2018,6,June,2,Q2
20180612,2018-06-12,2018,6,June,2,Q2
20180613,2018-06-13,2018,6,June,2,Q2
20180614,2018-06-14,2018,6,June,2,Q2
20180615,2018-06-15,2018,6,June,2,Q2
20180616,2018-06-16,2018,6,June,2,Q2
20180617,2018-06-17,2018,6,June,2,Q2
20180618,2018-06-18,2018,6,June,2,Q2
20180619,2018-06-19,2018,6,June,2,Q2
20180620,2018-06-20,2018,6,June,2,Q2
20180621,2018-06-21,2018,6,June,2,Q2
20180622,2018-06-22,2018,6,June,2,Q2
20180623,2018-06-23,2018,6,June,2,Q2
20180624,2018-06-24,2018,6,June,2,Q2
20180625,2018-06-25,2018,6,June,2,Q2
20180626,2018-06-26,2018,6,June,2,Q2
20180627,2018-06-27,2018,6,June,2,Q2
20180628,2018-06-28,2018,6,June,2,Q2
20180629,2018-06-29,2018,6,June,2,Q2
20180630,2018-06-30,2018,6,June,2,Q2
20180701,2018-07-01,2018,7,July,3,Q3
20180702,2018-07-02,2018,7,July,3,Q3
20180703,2018-07-03,2018,7,July,3,Q3
20180704,2018-07-04,2018,7,July,3,Q3
20180705,2018-07-05,2018,7,July,3,Q3
20180706,2018-07-06,2018,7,July,3,Q3
20180707,2018-07-07,2018,7,July,3,Q3
20180708,2018-07-08,2018,7,July,3,Q3
20180709,2018-07-09,2018,7,July,3,Q3
20180710,2018-07-10,2018,7,July,3,Q3
20180711,2018-07-11,2018,7,July,3,Q3
20180712,2018-07-12,2018,7,July,3,Q3
20180713,2018-07-13,2018,7,July,3,Q3
20180714,2018-07-14,2018,7,July,3,Q3
20180715,2018-07-15,2018,7,July,3,Q3
20180716,2018-07-16,2018,7,July,3,Q3
20180717,2018-07-17,2018,7,July,3,Q3
20180718,2018-07-18,2018,7,July,3,Q3
20180719,2018-07-19,2018,7,July,3,Q3
20180720,2018-07-20,2018,7,July,3,Q3
20180721,2018-07-21,2018,7,July,3,Q3
20180722,2018-07-22,2018,7,July,3,Q3
20180723,2018-07-23,2018,7,July,3,Q3
20180724,2018-07-24,2018,7,July,3,Q3
20180725,2018-07-25,2018,7,July,3,Q3
20180726,2018-07-26,2018,7,July,3,Q3
20180727,2018-07-27,2018,7,July,3,Q3
20180728,2018-07-28,2018,7,July,3,Q3
20180729,2018-07-29,2018,7,July,3,Q3
20180730,2018-07-30,2018,7,July,3,Q3
20180731,2018-07-31,2018,7,July,3,Q3
20180801,2018-08-01,2018,8,August,3,Q3
20180802,2018-08-02,2018,8,August,3,Q3
20180803,2018-08-03,2018,8,August,3,Q3
20180804,2018-08-04,2018,8,August,3,Q3
20180805,2018-08-05,2018,8,August,3,Q3
20180806,2018-08-06,2018,8,August,3,Q3
20180807,2018-08-07,2018,8,August,3,Q3
20180808,2018-08-08,2018,8,August,3,Q3
20180809,2018-08-09,2018,8,August,3,Q3
20180810,2018-08-10,2018,8,August,3,Q3
20180811,2018-08-11,2018,8,August,3,Q3
20180812,2018-08-12,2018,8,August,3,Q3
20180813,2018-08-13,2018,8,August,3,Q3
20180814,2018-08-14,2018,8,August,3,Q3
20180815,2018-08-15,2018,8,August,3,Q3
20180816,2018-08-16,2018,8,August,3,Q3
20180817,2018-08-17,2018,8,August,3,Q3
20180818,2018-08-18,2018,8,August,3,Q3
20180819,2018-08-19,2018,8,August,3,Q3
20180820,2018-08-20,2018,8,August,3,Q3
20180821,2018-08-21,2018,8,August,3,Q3
20180822,2018-08-22,2018,8,August,3,Q3
20180823,2018-08-23,2018,8,August,3,Q3
20180824,2018-08-24,2018,8,August,3,Q3
20180825,2018-08-25,2018,8,August,3,Q3
20180826,2018-08-26,2018,8,August,3,Q3
20180827,2018-08-27,2018,8,August,3,Q3
20180828,2018-08-28,2018,8,August,3,Q3
20180829,2018-08-29,2018,8,August,3,Q3
20180830,2018-08-30,2018,8,August,3,Q3
20180831,2018-08-31,2018,8,August,3,Q3
20180901,2018-09-01,2018,9,September,3,Q3
20180902,2018-09-02,2018,9,September,3,Q3
20180903,2018-09-03,2018,9,September,3,Q3
20180904,2018-09-04,2018,9,September,3,Q3
20180905,2018-09-05,2018,9,September,3,Q3
20180906,2018-09-06,2018,9,September,3,Q3
20180907,2018-09-07,2018,9,September,3,Q3
20180908,2018-09-08,2018,9,September,3,Q3
20180909,2018-09-09,2018,9,September,3,Q3
20180910,2018-09-10,2018,9,September,3,Q3
20180911,2018-09-11,2018,9,September,3,Q3
20180912,2018-09-12,2018,9,September,3,Q3
20180913,2018-09-13,2018,9,September,3,Q3
20180914,2018-09-14,2018,9,September,3,Q3
20180915,2018-09-15,2018,9,September,3,Q3
20180916,2018-09-16,2018,9,September,3,Q3
20180917,2018-09-17,2018,9,September,3,Q3
20180918,2018-09-18,2018,9,September,3,Q3
20180919,2018-09-19,2018,9,September,3,Q3
20180920,2018-09-20,2018,9,September,3,Q3
20180921,2018-09-21,2018,9,September,3,Q3
20180922,2018-09-22,2018,9,September,3,Q3
20180923,2018-09-23,2018,9,September,3,Q3
20180924,2018-09-24,2018,9,September,3,Q3
20180925,2018-09-25,2018,9,September,3,Q3
20180926,2018-09-26,2018,9,September,3,Q3
20180927,2018-09-27,2018,9,September,3,Q3
20180928,2018-09-28,2018,9,September,3,Q3
20180929,2018-09-29,2018,9,September,3,Q3
20180930,2018-09-30,2018,9,September,3,Q3
20181001,2018-10-01,2018,10,October,4,Q4
20181002,2018-10-02,2018,10,October,4,Q4
20181003,2018-10-03,2018,10,October,4,Q4
20181004,2018-10-04,2018,10,October,4,Q4
20181005,2018-10-05,2018,10,October,4,Q4
20181006,2018-10-06,2018,10,October,4,Q4
20181007,2018-10-07,2018,10,October,4,Q4
20181008,2018-10-08,2018,10,October,4,Q4
20181009,2018-10-09,2018,10,October,4,Q4
20181010,2018-10-10,2018,10,October,4,Q4
20181011,2018-10-11,2018,10,October,4,Q4
20181012,2018-10-12,2018,10,October,4,Q4
20181013,2018-10-13,2018,10,October,4,Q4
20181014,2018-10-14,2018,10,October,4,Q4
20181015,2018-10-15,2018,10,October,4,Q4
20181016,2018-10-16,2018,10,October,4,Q4
20181017,2018-10-17,2018,10,October,4,Q4
20181018,2018-10-18,2018,10,October,4,Q4
20181019,2018-10-19,2018,10,October,4,Q4
20181020,2018-10-20,2018,10,October,4,Q4
20181021,2018-10-21,2018,10,October,4,Q4
20181022,2018-10-22,2018,10,October,4,Q4
20181023,2018-10-23,2018,10,October,4,Q4
20181024,2018-10-24,2018,10,October,4,Q4
20181025,2018-10-25,2018,10,October,4,Q4
20181026,2018-10-26,2018,10,October,4,Q4
20181027,2018-10-27,2018,10,October,4,Q4
20181028,2018-10-28,2018,10,October,4,Q4
20181029,2018-10-29,2018,10,October,4,Q4
20181030,2018-10-30,2018,10,October,4,Q4
20181031,2018-10-31,2018,10,October,4,Q4
20181101,2018-11-01,2018,11,November,4,Q4
20181102,2018-11-02,2018,11,November,4,Q4
20181103,2018-11-03,2018,11,November,4,Q4
20181104,2018-11-04,2018,11,November,4,Q4
20181105,2018-11-05,2018,11,November,4,Q4
20181106,2018-11-06,2018,11,November,4,Q4
20181107,2018-11-07,2018,11,November,4,Q4
20181108,2018-11-08,2018,11,November,4,Q4
20181109,2018-11-09,2018,11,November,4,Q4
20181110,2018-11-10,2018,11,November,4,Q4
20181111,2018-11-11,2018,11,November,4,Q4
20181112,2018-11-12,2018,11,November,4,Q4
20181113,2018-11-13,2018,11,November,4,Q4
20181114,2018-11-14,2018,11,November,4,Q4
20181115,2018-11-15,2018,11,November,4,Q4
20181116,2018-11-16,2018,11,November,4,Q4
20181117,2018-11-17,2018,11,November,4,Q4
20181118,2018-11-18,2018,11,November,4,Q4
20181119,2018-11-19,2018,11,November,4,Q4
20181120,2018-11-20,2018,11,November,4,Q4
20181121,2018-11-21,2018,11,November,4,Q4
20181122,2018-11-22,2018,11,November,4,Q4
20181123,2018-11-23,2018,11,November,4,Q4
20181124,2018-11-24,2018,11,November,4,Q4
20181125,2018-11-25,2018,11,November,4,Q4
20181126,2018-11-26,2018,11,November,4,Q4
20181127,2018-11-27,2018,11,November,4,Q4
20181128,2018-11-28,2018,11,November,4,Q4
20181129,2018-11-29,2018,11,November,4,Q4
20181130,2018-11-30,2018,11,November,4,Q4
20181201,2018-12-01,2018,12,December,4,Q4
20181202,2018-12-02,2018,12,December,4,Q4
20181203,2018-12-03,2018,12,December,4,Q4
20181204,2018-12-04,2018,12,December,4,Q4
20181205,2018-12-05,2018,12,December,4,Q4
20181206,2018-12-06,2018,12,December,4,Q4
20181207,2018-12-07,2018,12,December,4,Q4
20181208,2018-12-08,2018,12,December,4,Q4
20181209,2018-12-09,2018,12,December,4,Q4
20181210,2018-12-10,2018,12,December,4,Q4
20181211,2018-12-11,2018,12,December,4,Q4
20181212,2018-12-12,2018,12,December,4,Q4
20181213,2018-12-13,2018,12,December,4,Q4
20181214,2018-12-14,2018,12,December,4,Q4
20181215,2018-12-15,2018,12,December,4,Q4
20181216,2018-12-16,2018,12,December,4,Q4
20181217,2018-12-17,2018,12,December,4,Q4
20181218,2018-12-18,2018,12,December,4,Q4
20181219,2018-12-19,2018,12,December,4,Q4
20181220,2018-12-20,2018,12,December,4,Q4
20181221,2018-12-21,2018,12,December,4,Q4
20181222,2018-12-22,2018,12,December,4,Q4
20181223,2018-12-23,2018,12,December,4,Q4
20181224,2018-12-24,2018,12,December,4,Q4
20181225,2018-12-25,2018,12,December,4,Q4
20181226,2018-12-26,2018,12,December,4,Q4
20181227,2018-12-27,2018,12,December,4,Q4
20181228,2018-12-28,2018,12,December,4,Q4
20181229,2018-12-29,2018,12,December,4,Q4
20181230,2018-12-30,2018,12,December,4,Q4
20181231,2018-12-31,2018,12,December,4,Q4
20190101,2019-01-01,2019,1,January,1,Q1
20190102,2019-01-02,2019,1,January,1,Q1
20190103,2019-01-03,2019,1,January,1,Q1
20190104,2019-01-04,2019,1,January,1,Q1
20190105,2019-01-05,2019,1,January,1,Q1
20190106,2019-01-06,2019,1,January,1,Q1
20190107,2019-01-07,2019,1,January,1,Q1
20190108,2019-01-08,2019,1,January,1,Q1
20190109,2019-01-09,2019,1,January,1,Q1
20190110,2019-01-10,2019,1,January,1,Q1
20190111,2019-01-11,2019,1,January,1,Q1
20190112,2019-01-12,2019,1,January,1,Q1
20190113,2019-01-13,2019,1,January,1,Q1
20190114,2019-01-14,2019,1,January,1,Q1
20190115,2019-01-15,2019,1,January,1,Q1
20190116,2019-01-16,2019,1,January,1,Q1
20190117,2019-01-17,2019,1,January,1,Q1
20190118,2019-01-18,2019,1,January,1,Q1
20190119,2019-01-19,2019,1,January,1,Q1
20190120,2019-01-20,2019,1,January,1,Q1
20190121,2019-01-21,2019,1,January,1,Q1
20190122,2019-01-22,2019,1,January,1,Q1
20190123,2019-01-23,2019,1,January,1,Q1
20190124,2019-01-24,2019,1,January,1,Q1
20190125,2019-01-25,2019,1,January,1,Q1
20190126,2019-01-26,2019,1,January,1,Q1
20190127,2019-01-27,2019,1,January,1,Q1
20190128,2019-01-28,2019,1,January,1,Q1
20190129,2019-01-29,2019,1,January,1,Q1
20190130,2019-01-30,2019,1,January,1,Q1
20190131,2019-01-31,2019,1,January,1,Q1
20190201,2019-02-01,2019,2,February,1,Q1
20190202,2019-02-02,2019,2,February,1,Q1
20190203,2019-02-03,2019,2,February,1,Q1
20190204,2019-02-04,2019,2,February,1,Q1
20190205,2019-02-05,2019,2,February,1,Q1
20190206,2019-02-06,2019,2,February,1,Q1
20190207,2019-02-07,2019,2,February,1,Q1
20190208,2019-02-08,2019,2,February,1,Q1
20190209,2019-02-09,2019,2,February,1,Q1
20190210,2019-02-10,2019,2,February,1,Q1
20190211,2019-02-11,2019,2,February,1,Q1
20190212,2019-02-12,2019,2,February,1,Q1
20190213,2019-02-13,2019,2,February,1,Q1
20190214,2019-02-14,2019,2,February,1,Q1
20190215,2019-02-15,2019,2,February,1,Q1
20190216,2019-02-16,2019,2,February,1,Q1
20190217,2019-02-17,2019,2,February,1,Q1
20190218,2019-02-18,2019,2,February,1,Q1
20190219,2019-02-19,2019,2,February,1,Q1
20190220,2019-02-20,2019,2,February,1,Q1
20190221,2019-02-21,2019,2,February,1,Q1
20190222,2019-02-22,2019,2,February,1,Q1
20190223,2019-02-23,2019,2,February,1,Q1
20190224,2019-02-24,2019,2,February,1,Q1
20190225,2019-02-25,2019,2,February,1,Q1
20190226,2019-02-26,2019,2,February,1,Q1
20190227,2019-02-27,2019,2,February,1,Q1
20190228,2019-02-28,2019,2,February,1,Q1
20190301,2019-03-01,2019,3,March,1,Q1
20190302,2019-03-02,2019,3,March,1,Q1
20190303,2019-03-03,2019,3,March,1,Q1
20190304,2019-03-04,2019,3,March,1,Q1
20190305,2019-03-05,2019,3,March,1,Q1
20190306,2019-03-06,2019,3,March,1,Q1
20190307,2019-03-07,2019,3,March,1,Q1
20190308,2019-03-08,2019,3,March,1,Q1
20190309,2019-03-09,2019,3,March,1,Q1
20190310,2019-03-10,2019,3,March,1,Q1
20190311,2019-03-11,2019,3,March,1,Q1
20190312,2019-03-12,2019,3,March,1,Q1
20190313,2019-03-13,2019,3,March,1,Q1
20190314,2019-03-14,2019,3,March,1,Q1
20190315,2019-03-15,2019,3,March,1,Q1
20190316,2019-03-16,2019,3,March,1,Q1
20190317,2019-03-17,2019,3,March,1,Q1
20190318,2019-03-18,2019,3,March,1,Q1
20190319,2019-03-19,2019,3,March,1,Q1
20190320,2019-03-20,2019,3,March,1,Q1
20190321,2019-03-21,2019,3,March,1,Q1
20190322,2019-03-22,2019,3,March,1,Q1
20190323,2019-03-23,2019,3,March,1,Q1
20190324,2019-03-24,2019,3,March,1,Q1
20190325,2019-03-25,2019,3,March,1,Q1
20190326,2019-03-26,2019,3,March,1,Q1
20190327,2019-03-27,2019,3,March,1,Q1
20190328,2019-03-28,2019,3,March,1,Q1
20190329,2019-03-29,2019,3,March,1,Q1
20190330,2019-03-30,2019,3,March,1,Q1
20190331,2019-03-31,2019,3,March,1,Q1
20190401,2019-04-01,2019,4,April,2,Q2
20190402,2019-04-02,2019,4,April,2,Q2
20190403,2019-04-03,2019,4,April,2,Q2
20190404,2019-04-04,2019,4,April,2,Q2
20190405,2019-04-05,2019,4,April,2,Q2
20190406,2019-04-06,2019,4,April,2,Q2
20190407,2019-04-07,2019,4,April,2,Q2
20190408,2019-04-08,2019,4,April,2,Q2
20190409,2019-04-09,2019,4,April,2,Q2
20190410,2019-04-10,2019,4,April,2,Q2
20190411,2019-04-11,2019,4,April,2,Q2
20190412,2019-04-12,2019,4,April,2,Q2
20190413,2019-04-13,2019,4,April,2,Q2
20190414,2019-04-14,2019,4,April,2,Q2
20190415,2019-04-15,2019,4,April,2,Q2
20190416,2019-04-16,2019,4,April,2,Q2
20190417,2019-04-17,2019,4,April,2,Q2
20190418,2019-04-18,2019,4,April,2,Q2
20190419,2019-04-19,2019,4,April,2,Q2
20190420,2019-04-20,2019,4,April,2,Q2
20190421,2019-04-21,2019,4,April,2,Q2
20190422,2019-04-22,2019,4,April,2,Q2
20190423,2019-04-23,2019,4,April,2,Q2
20190424,2019-04-24,2019,4,April,2,Q2
20190425,2019-04-25,2019,4,April,2,Q2
20190426,2019-04-26,2019,4,April,2,Q2
20190427,2019-04-27,2019,4,April,2,Q2
20190428,2019-04-28,2019,4,April,2,Q2
20190429,2019-04-29,2019,4,April,2,Q2
20190430,2019-04-30,2019,4,April,2,Q2
20190501,2019-05-01,2019,5,May,2,Q2
20190502,2019-05-02,2019,5,May,2,Q2
20190503,2019-05-03,2019,5,May,2,Q2
20190504,2019-05-04,2019,5,May,2,Q2
20190505,2019-05-05,2019,5,May,2,Q2
20190506,2019-05-06,2019,5,May,2,Q2
20190507,2019-05-07,2019,5,May,2,Q2
20190508,2019-05-08,2019,5,May,2,Q2
20190509,2019-05-09,2019,5,May,2,Q2
20190510,2019-05-10,2019,5,May,2,Q2
20190511,2019-05-11,2019,5,May,2,Q2
20190512,2019-05-12,2019,5,May,2,Q2
20190513,2019-05-13,2019,5,May,2,Q2
20190514,2019-05-14,2019,5,May,2,Q2
20190515,2019-05-15,2019,5,May,2,Q2
20190516,2019-05-16,2019,5,May,2,Q2
20190517,2019-05-17,2019,5,May,2,Q2
20190518,2019-05-18,2019,5,May,2,Q2
20190519,2019-05-19,2019,5,May,2,Q2
20190520,2019-05-20,2019,5,May,2,Q2
20190521,2019-05-21,2019,5,May,2,Q2
20190522,2019-05-22,2019,5,May,2,Q2
20190523,2019-05-23,2019,5,May,2,Q2
20190524,2019-05-24,2019,5,May,2,Q2
20190525,2019-05-25,2019,5,May,2,Q2
20190526,2019-05-26,2019,5,May,2,Q2
20190527,2019-05-27,2019,5,May,2,Q2
20190528,2019-05-28,2019,5,May,2,Q2
20190529,2019-05-29,2019,5,May,2,Q2
20190530,2019-05-30,2019,5,May,2,Q2
20190531,2019-05-31,2019,5,May,2,Q2
20190601,2019-06-01,2019,6,June,2,Q2
20190602,2019-06-02,2019,6,June,2,Q2
20190603,2019-06-03,2019,6,June,2,Q2
20190604,2019-06-04,2019,6,June,2,Q2
20190605,2019-06-05,2019,6,June,2,Q2
20190606,2019-06-06,2019,6,June,2,Q2
20190607,2019-06-07,2019,6,June,2,Q2
20190608,2019-06-08,2019,6,June,2,Q2
20190609,2019-06-09,2019,6,June,2,Q2
20190610,2019-06-10,2019,6,June,2,Q2
20190611,2019-06-11,2019,6,June,2,Q2
20190612,2019-06-12,2019,6,June,2,Q2
20190613,2019-06-13,2019,6,June,2,Q2
20190614,2019-06-14,2019,6,June,2,Q2
20190615,2019-06-15,2019,6,June,2,Q2
20190616,2019-06-16,2019,6,June,2,Q2
20190617,2019-06-17,2019,6,June,2,Q2
20190618,2019-06-18,2019,6,June,2,Q2
20190619,2019-06-19,2019,6,June,2,Q2
20190620,2019-06-20,2019,6,June,2,Q2
20190621,2019-06-21,2019,6,June,2,Q2
20190622,2019-06-22,2019,6,June,2,Q2
20190623,2019-06-23,2019,6,June,2,Q2
20190624,2019-06-24,2019,6,June,2,Q2
20190625,2019-06-25,2019,6,June,2,Q2
20190626,2019-06-26,2019,6,June,2,Q2
20190627,2019-06-27,2019,6,June,2,Q2
20190628,2019-06-28,2019,6,June,2,Q2
20190629,2019-06-29,2019,6,June,2,Q2
20190630,2019-06-30,2019,6,June,2,Q2
20190701,2019-07-01,2019,7,July,3,Q3
20190702,2019-07-02,2019,7,July,3,Q3
20190703,2019-07-03,2019,7,July,3,Q3
20190704,2019-07-04,2019,7,July,3,Q3
20190705,2019-07-05,2019,7,July,3,Q3
20190706,2019-07-06,2019,7,July,3,Q3
20190707,2019-07-07,2019,7,July,3,Q3
20190708,2019-07-08,2019,7,July,3,Q3
20190709,2019-07-09,2019,7,July,3,Q3
20190710,2019-07-10,2019,7,July,3,Q3
20190711,2019-07-11,2019,7,July,3,Q3
20190712,2019-07-12,2019,7,July,3,Q3
20190713,2019-07-13,2019,7,July,3,Q3
20190714,2019-07-14,2019,7,July,3,Q3
20190715,2019-07-15,2019,7,July,3,Q3
20190716,2019-07-16,2019,7,July,3,Q3
20190717,2019-07-17,2019,7,July,3,Q3
20190718,2019-07-18,2019,7,July,3,Q3
20190719,2019-07-19,2019,7,July,3,Q3
20190720,2019-07-20,2019,7,July,3,Q3
20190721,2019-07-21,2019,7,July,3,Q3
20190722,2019-07-22,2019,7,July,3,Q3
20190723,2019-07-23,2019,7,July,3,Q3
20190724,2019-07-24,2019,7,July,3,Q3
20190725,2019-07-25,2019,7,July,3,Q3
20190726,2019-07-26,2019,7,July,3,Q3
20190727,2019-07-27,2019,7,July,3,Q3
20190728,2019-07-28,2019,7,July,3,Q3
20190729,2019-07-29,2019,7,July,3,Q3
20190730,2019-07-30,2019,7,July,3,Q3
20190731,2019-07-31,2019,7,July,3,Q3
20190801,2019-08-01,2019,8,August,3,Q3
20190802,2019-08-02,2019,8,August,3,Q3
20190803,2019-08-03,2019,8,August,3,Q3
20190804,2019-08-04,2019,8,August,3,Q3
20190805,2019-08-05,2019,8,August,3,Q3
20190806,2019-08-06,2019,8,August,3,Q3
20190807,2019-08-07,2019,8,August,3,Q3
20190808,2019-08-08,2019,8,August,3,Q3
20190809,2019-08-09,2019,8,August,3,Q3
20190810,2019-08-10,2019,8,August,3,Q3
20190811,2019-08-11,2019,8,August,3,Q3
20190812,2019-08-12,2019,8,August,3,Q3
20190813,2019-08-13,2019,8,August,3,Q3
20190814,2019-08-14,2019,8,August,3,Q3
20190815,2019-08-15,2019,8,August,3,Q3
20190816,2019-08-16,2019,8,August,3,Q3
20190817,2019-08-17,2019,8,August,3,Q3
20190818,2019-08-18,2019,8,August,3,Q3
20190819,2019-08-19,2019,8,August,3,Q3
20190820,2019-08-20,2019,8,August,3,Q3
20190821,2019-08-21,2019,8,August,3,Q3
20190822,2019-08-22,2019,8,August,3,Q3
20190823,2019-08-23,2019,8,August,3,Q3
20190824,2019-08-24,2019,8,August,3,Q3
20190825,2019-08-25,2019,8,August,3,Q3
20190826,2019-08-26,2019,8,August,3,Q3
20190827,2019-08-27,2019,8,August,3,Q3
20190828,2019-08-28,2019,8,August,3,Q3
20190829,2019-08-29,2019,8,August,3,Q3
20190830,2019-08-30,2019,8,August,3,Q3
20190831,2019-08-31,2019,8,August,3,Q3
20190901,2019-09-01,2019,9,September,3,Q3
20190902,2019-09-02,2019,9,September,3,Q3
20190903,2019-09-03,2019,9,September,3,Q3
20190904,2019-09-04,2019,9,September,3,Q3
20190905,2019-09-05,2019,9,September,3,Q3
20190906,2019-09-06,2019,9,September,3,Q3
20190907,2019-09-07,2019,9,September,3,Q3
20190908,2019-09-08,2019,9,September,3,Q3
20190909,2019-09-09,2019,9,September,3,Q3
20190910,2019-09-10,2019,9,September,3,Q3
20190911,2019-09-11,2019,9,September,3,Q3
20190912,2019-09-12,2019,9,September,3,Q3
20190913,2019-09-13,2019,9,September,3,Q3
20190914,2019-09-14,2019,9,September,3,Q3
20190915,2019-09-15,2019,9,September,3,Q3
20190916,2019-09-16,2019,9,September,3,Q3
20190917,2019-09-17,2019,9,September,3,Q3
20190918,2019-09-18,2019,9,September,3,Q3
20190919,2019-09-19,2019,9,September,3,Q3
20190920,2019-09-20,2019,9,September,3,Q3
20190921,2019-09-21,2019,9,September,3,Q3
20190922,2019-09-22,2019,9,September,3,Q3
20190923,2019-09-23,2019,9,September,3,Q3
20190924,2019-09-24,2019,9,September,3,Q3
20190925,2019-09-25,2019,9,September,3,Q3
20190926,2019-09-26,2019,9,September,3,Q3
20190927,2019-09-27,2019,9,September,3,Q3
20190928,2019-09-28,2019,9,September,3,Q3
20190929,2019-09-29,2019,9,September,3,Q3
20190930,2019-09-30,2019,9,September,3,Q3
20191001,2019-10-01,2019,10,October,4,Q4
20191002,2019-10-02,2019,10,October,4,Q4
20191003,2019-10-03,2019,10,October,4,Q4
20191004,2019-10-04,2019,10,October,4,Q4
20191005,2019-10-05,2019,10,October,4,Q4
20191006,2019-10-06,2019,10,October,4,Q4
20191007,2019-10-07,2019,10,October,4,Q4
20191008,2019-10-08,2019,10,October,4,Q4
20191009,2019-10-09,2019,10,October,4,Q4
20191010,2019-10-10,2019,10,October,4,Q4
20191011,2019-10-11,2019,10,October,4,Q4
20191012,2019-10-12,2019,10,October,4,Q4
20191013,2019-10-13,2019,10,October,4,Q4
20191014,2019-10-14,2019,10,October,4,Q4
20191015,2019-10-15,2019,10,October,4,Q4
20191016,2019-10-16,2019,10,October,4,Q4
20191017,2019-10-17,2019,10,October,4,Q4
20191018,2019-10-18,2019,10,October,4,Q4
20191019,2019-10-19,2019,10,October,4,Q4
20191020,2019-10-20,2019,10,October,4,Q4
20191021,2019-10-21,2019,10,October,4,Q4
20191022,2019-10-22,2019,10,October,4,Q4
20191023,2019-10-23,2019,10,October,4,Q4
20191024,2019-10-24,2019,10,October,4,Q4
20191025,2019-10-25,2019,10,October,4,Q4
20191026,2019-10-26,2019,10,October,4,Q4
20191027,2019-10-27,2019,10,October,4,Q4
20191028,2019-10-28,2019,10,October,4,Q4
20191029,2019-10-29,2019,10,October,4,Q4
20191030,2019-10-30,2019,10,October,4,Q4
20191031,2019-10-31,2019,10,October,4,Q4
20191101,2019-11-01,2019,11,November,4,Q4
20191102,2019-11-02,2019,11,November,4,Q4
20191103,2019-11-03,2019,11,November,4,Q4
20191104,2019-11-04,2019,11,November,4,Q4
20191105,2019-11-05,2019,11,November,4,Q4
20191106,2019-11-06,2019,11,November,4,Q4
20191107,2019-11-07,2019,11,November,4,Q4
20191108,2019-11-08,2019,11,November,4,Q4
20191109,2019-11-09,2019,11,November,4,Q4
20191110,2019-11-10,2019,11,November,4,Q4
20191111,2019-11-11,2019,11,November,4,Q4
20191112,2019-11-12,2019,11,November,4,Q4
20191113,2019-11-13,2019,11,November,4,Q4
20191114,2019-11-14,2019,11,November,4,Q4
20191115,2019-11-15,2019,11,November,4,Q4
20191116,2019-11-16,2019,11,November,4,Q4
20191117,2019-11-17,2019,11,November,4,Q4
20191118,2019-11-18,2019,11,November,4,Q4
20191119,2019-11-19,2019,11,November,4,Q4
20191120,2019-11-20,2019,11,November,4,Q4
20191121,2019-11-21,2019,11,November,4,Q4
20191122,2019-11-22,2019,11,November,4,Q4
20191123,2019-11-23,2019,11,November,4,Q4
20191124,2019-11-24,2019,11,November,4,Q4
20191125,2019-11-25,2019,11,November,4,Q4
20191126,2019-11-26,2019,11,November,4,Q4
20191127,2019-11-27,2019,11,November,4,Q4
20191128,2019-11-28,2019,11,November,4,Q4
20191129,2019-11-29,2019,11,November,4,Q4
20191130,2019-11-30,2019,11,November,4,Q4
20191201,2019-12-01,2019,12,December,4,Q4
20191202,2019-12-02,2019,12,December,4,Q4
20191203,2019-12-03,2019,12,December,4,Q4
20191204,2019-12-04,2019,12,December,4,Q4
20191205,2019-12-05,2019,12,December,4,Q4
20191206,2019-12-06,2019,12,December,4,Q4
20191207,2019-12-07,2019,12,December,4,Q4
20191208,2019-12-08,2019,12,December,4,Q4
20191209,2019-12-09,2019,12,December,4,Q4
20191210,2019-12-10,2019,12,December,4,Q4
20191211,2019-12-11,2019,12,December,4,Q4
20191212,2019-12-12,2019,12,December,4,Q4
20191213,2019-12-13,2019,12,December,4,Q4
20191214,2019-12-14,2019,12,December,4,Q4
20191215,2019-12-15,2019,12,December,4,Q4
20191216,2019-12-16,2019,12,December,4,Q4
20191217,2019-12-17,2019,12,December,4,Q4
20191218,2019-12-18,2019,12,December,4,Q4
20191219,2019-12-19,2019,12,December,4,Q4
20191220,2019-12-20,2019,12,December,4,Q4
20191221,2019-12-21,2019,12,December,4,Q4
20191222,2019-12-22,2019,12,December,4,Q4
20191223,2019-12-23,2019,12,December,4,Q4
20191224,2019-12-24,2019,12,December,4,Q4
20191225,2019-12-25,2019,12,December,4,Q4
20191226,2019-12-26,2019,12,December,4,Q4
20191227,2019-12-27,2019,12,December,4,Q4
20191228,2019-12-28,2019,12,December,4,Q4
20191229,2019-12-29,2019,12,December,4,Q4
20191230,2019-12-30,2019,12,December,4,Q4
20191231,2019-12-31,2019,12,December,4,Q4
20200101,2020-01-01,2020,1,January,1,Q1
20200102,2020-01-02,2020,1,January,1,Q1
20200103,2020-01-03,2020,1,January,1,Q1
20200104,2020-01-04,2020,1,January,1,Q1
20200105,2020-01-05,2020,1,January,1,Q1
20200106,2020-01-06,2020,1,January,1,Q1
20200107,2020-01-07,2020,1,January,1,Q1
20200108,2020-01-08,2020,1,January,1,Q1
20200109,2020-01-09,2020,1,January,1,Q1
20200110,2020-01-10,2020,1,January,1,Q1
20200111,2020-01-11,2020,1,January,1,Q1
20200112,2020-01-12,2020,1,January,1,Q1
20200113,2020-01-13,2020,1,January,1,Q1
20200114,2020-01-14,2020,1,January,1,Q1
20200115,2020-01-15,2020,1,January,1,Q1
20200116,2020-01-16,2020,1,January,1,Q1
20200117,2020-01-17,2020,1,January,1,Q1
20200118,2020-01-18,2020,1,January,1,Q1
20200119,2020-01-19,2020,1,January,1,Q1
20200120,2020-01-20,2020,1,January,1,Q1
20200121,2020-01-21,2020,1,January,1,Q1
20200122,2020-01-22,2020,1,January,1,Q1
20200123,2020-01-23,2020,1,January,1,Q1
20200124,2020-01-24,2020,1,January,1,Q1
20200125,2020-01-25,2020,1,January,1,Q1
20200126,2020-01-26,2020,1,January,1,Q1
20200127,2020-01-27,2020,1,January,1,Q1
20200128,2020-01-28,2020,1,January,1,Q1
20200129,2020-01-29,2020,1,January,1,Q1
20200130,2020-01-30,2020,1,January,1,Q1
20200131,2020-01-31,2020,1,January,1,Q1
20200201,2020-02-01,2020,2,February,1,Q1
20200202,2020-02-02,2020,2,February,1,Q1
20200203,2020-02-03,2020,2,February,1,Q1
20200204,2020-02-04,2020,2,February,1,Q1
20200205,2020-02-05,2020,2,February,1,Q1
20200206,2020-02-06,2020,2,February,1,Q1
20200207,2020-02-07,2020,2,February,1,Q1
20200208,2020-02-08,2020,2,February,1,Q1
20200209,2020-02-09,2020,2,February,1,Q1
20200210,2020-02-10,2020,2,February,1,Q1
20200211,2020-02-11,2020,2,February,1,Q1
20200212,2020-02-12,2020,2,February,1,Q1
20200213,2020-02-13,2020,2,February,1,Q1
20200214,2020-02-14,2020,2,February,1,Q1
20200215,2020-02-15,2020,2,February,1,Q1
20200216,2020-02-16,2020,2,February,1,Q1
20200217,2020-02-17,2020,2,February,1,Q1
20200218,2020-02-18,2020,2,February,1,Q1
20200219,2020-02-19,2020,2,February,1,Q1
20200220,2020-02-20,2020,2,February,1,Q1
20200221,2020-02-21,2020,2,February,1,Q1
20200222,2020-02-22,2020,2,February,1,Q1
20200223,2020-02-23,2020,2,February,1,Q1
20200224,2020-02-24,2020,2,February,1,Q1
20200225,2020-02-25,2020,2,February,1,Q1
20200226,2020-02-26,2020,2,February,1,Q1
20200227,2020-02-27,2020,2,February,1,Q1
20200228,2020-02-28,2020,2,February,1,Q1
20200229,2020-02-29,2020,2,February,1,Q1
20200301,2020-03-01,2020,3,March,1,Q1
20200302,2020-03-02,2020,3,March,1,Q1
20200303,2020-03-03,2020,3,March,1,Q1
20200304,2020-03-04,2020,3,March,1,Q1
20200305,2020-03-05,2020,3,March,1,Q1
20200306,2020-03-06,2020,3,March,1,Q1
20200307,2020-03-07,2020,3,March,1,Q1
20200308,2020-03-08,2020,3,March,1,Q1
20200309,2020-03-09,2020,3,March,1,Q1
20200310,2020-03-10,2020,3,March,1,Q1
20200311,2020-03-11,2020,3,March,1,Q1
20200312,2020-03-12,2020,3,March,1,Q1
20200313,2020-03-13,2020,3,March,1,Q1
20200314,2020-03-14,2020,3,March,1,Q1
20200315,2020-03-15,2020,3,March,1,Q1
20200316,2020-03-16,2020,3,March,1,Q1
20200317,2020-03-17,2020,3,March,1,Q1
20200318,2020-03-18,2020,3,March,1,Q1
20200319,2020-03-19,2020,3,March,1,Q1
20200320,2020-03-20,2020,3,March,1,Q1
20200321,2020-03-21,2020,3,March,1,Q1
20200322,2020-03-22,2020,3,March,1,Q1
20200323,2020-03-23,2020,3,March,1,Q1
20200324,2020-03-24,2020,3,March,1,Q1
20200325,2020-03-25,2020,3,March,1,Q1
20200326,2020-03-26,2020,3,March,1,Q1
20200327,2020-03-27,2020,3,March,1,Q1
20200328,2020-03-28,2020,3,March,1,Q1
20200329,2020-03-29,2020,3,March,1,Q1
20200330,2020-03-30,2020,3,March,1,Q1
20200331,2020-03-31,2020,3,March,1,Q1
20200401,2020-04-01,2020,4,April,2,Q2
20200402,2020-04-02,2020,4,April,2,Q2
20200403,2020-04-03,2020,4,April,2,Q2
20200404,2020-04-04,2020,4,April,2,Q2
20200405,2020-04-05,2020,4,April,2,Q2
20200406,2020-04-06,2020,4,April,2,Q2
20200407,2020-04-07,2020,4,April,2,Q2
20200408,2020-04-08,2020,4,April,2,Q2
20200409,2020-04-09,2020,4,April,2,Q2
20200410,2020-04-10,2020,4,April,2,Q2
20200411,2020-04-11,2020,4,April,2,Q2
20200412,2020-04-12,2020,4,April,2,Q2
20200413,2020-04-13,2020,4,April,2,Q2
20200414,2020-04-14,2020,4,April,2,Q2
20200415,2020-04-15,2020,4,April,2,Q2
20200416,2020-04-16,2020,4,April,2,Q2
20200417,2020-04-17,2020,4,April,2,Q2
20200418,2020-04-18,2020,4,April,2,Q2
20200419,2020-04-19,2020,4,April,2,Q2
20200420,2020-04-20,2020,4,April,2,Q2
20200421,2020-04-21,2020,4,April,2,Q2
20200422,2020-04-22,2020,4,April,2,Q2
20200423,2020-04-23,2020,4,April,2,Q2
20200424,2020-04-24,2020,4,April,2,Q2
20200425,2020-04-25,2020,4,April,2,Q2
20200426,2020-04-26,2020,4,April,2,Q2
20200427,2020-04-27,2020,4,April,2,Q2
20200428,2020-04-28,2020,4,April,2,Q2
20200429,2020-04-29,2020,4,April,2,Q2
20200430,2020-04-30,2020,4,April,2,Q2
20200501,2020-05-01,2020,5,May,2,Q2
20200502,2020-05-02,2020,5,May,2,Q2
20200503,2020-05-03,2020,5,May,2,Q2
20200504,2020-05-04,2020,5,May,2,Q2
20200505,2020-05-05,2020,5,May,2,Q2
20200506,2020-05-06,2020,5,May,2,Q2
20200507,2020-05-07,2020,5,May,2,Q2
20200508,2020-05-08,2020,5,May,2,Q2
20200509,2020-05-09,2020,5,May,2,Q2
20200510,2020-05-10,2020,5,May,2,Q2
20200511,2020-05-11,2020,5,May,2,Q2
20200512,2020-05-12,2020,5,May,2,Q2
20200513,2020-05-13,2020,5,May,2,Q2
20200514,2020-05-14,2020,5,May,2,Q2
20200515,2020-05-15,2020,5,May,2,Q2
20200516,2020-05-16,2020,5,May,2,Q2
20200517,2020-05-17,2020,5,May,2,Q2
20200518,2020-05-18,2020,5,May,2,Q2
20200519,2020-05-19,2020,5,May,2,Q2
20200520,2020-05-20,2020,5,May,2,Q2
20200521,2020-05-21,2020,5,May,2,Q2
20200522,2020-05-22,2020,5,May,2,Q2
20200523,2020-05-23,2020,5,May,2,Q2
20200524,2020-05-24,2020,5,May,2,Q2
20200525,2020-05-25,2020,5,May,2,Q2
20200526,2020-05-26,2020,5,May,2,Q2
20200527,2020-05-27,2020,5,May,2,Q2
20200528,2020-05-28,2020,5,May,2,Q2
20200529,2020-05-29,2020,5,May,2,Q2
20200530,2020-05-30,2020,5,May,2,Q2
20200531,2020-05-31,2020,5,May,2,Q2
20200601,2020-06-01,2020,6,June,2,Q2
20200602,2020-06-02,2020,6,June,2,Q2
20200603,2020-06-03,2020,6,June,2,Q2
20200604,2020-06-04,2020,6,June,2,Q2
20200605,2020-06-05,2020,6,June,2,Q2
20200606,2020-06-06,2020,6,June,2,Q2
20200607,2020-06-07,2020,6,June,2,Q2
20200608,2020-06-08,2020,6,June,2,Q2
20200609,2020-06-09,2020,6,June,2,Q2
20200610,2020-06-10,2020,6,June,2,Q2
20200611,2020-06-11,2020,6,June,2,Q2
20200612,2020-06-12,2020,6,June,2,Q2
20200613,2020-06-13,2020,6,June,2,Q2
20200614,2020-06-14,2020,6,June,2,Q2
20200615,2020-06-15,2020,6,June,2,Q2
20200616,2020-06-16,2020,6,June,2,Q2
20200617,2020-06-17,2020,6,June,2,Q2
20200618,2020-06-18,2020,6,June,2,Q2
20200619,2020-06-19,2020,6,June,2,Q2
20200620,2020-06-20,2020,6,June,2,Q2
20200621,2020-06-21,2020,6,June,2,Q2
20200622,2020-06-22,2020,6,June,2,Q2
20200623,2020-06-23,2020,6,June,2,Q2
20200624,2020-06-24,2020,6,June,2,Q2
20200625,2020-06-25,2020,6,June,2,Q2
20200626,2020-06-26,2020,6,June,2,Q2
20200627,2020-06-27,2020,6,June,2,Q2
20200628,2020-06-28,2020,6,June,2,Q2
20200629,2020-06-29,2020,6,June,2,Q2
20200630,2020-06-30,2020,6,June,2,Q2
20200701,2020-07-01,2020,7,July,3,Q3
20200702,2020-07-02,2020,7,July,3,Q3
20200703,2020-07-03,2020,7,July,3,Q3
20200704,2020-07-04,2020,7,July,3,Q3
20200705,2020-07-05,2020,7,July,3,Q3
20200706,2020-07-06,2020,7,July,3,Q3
20200707,2020-07-07,2020,7,July,3,Q3
20200708,2020-07-08,2020,7,July,3,Q3
20200709,2020-07-09,2020,7,July,3,Q3
20200710,2020-07-10,2020,7,July,3,Q3
20200711,2020-07-11,2020,7,July,3,Q3
20200712,2020-07-12,2020,7,July,3,Q3
20200713,2020-07-13,2020,7,July,3,Q3
20200714,2020-07-14,2020,7,July,3,Q3
20200715,2020-07-15,2020,7,July,3,Q3
20200716,2020-07-16,2020,7,July,3,Q3
20200717,2020-07-17,2020,7,July,3,Q3
20200718,2020-07-18,2020,7,July,3,Q3
20200719,2020-07-19,2020,7,July,3,Q3
20200720,2020-07-20,2020,7,July,3,Q3
20200721,2020-07-21,2020,7,July,3,Q3
20200722,2020-07-22,2020,7,July,3,Q3
20200723,2020-07-23,2020,7,July,3,Q3
20200724,2020-07-24,2020,7,July,3,Q3
20200725,2020-07-25,2020,7,July,3,Q3
20200726,2020-07-26,2020,7,July,3,Q3
20200727,2020-07-27,2020,7,July,3,Q3
20200728,2020-07-28,2020,7,July,3,Q3
20200729,2020-07-29,2020,7,July,3,Q3
20200730,2020-07-30,2020,7,July,3,Q3
20200731,2020-07-31,2020,7,July,3,Q3
20200801,2020-08-01,2020,8,August,3,Q3
20200802,2020-08-02,2020,8,August,3,Q3
20200803,2020-08-03,2020,8,August,3,Q3
20200804,2020-08-04,2020,8,August,3,Q3
20200805,2020-08-05,2020,8,August,3,Q3
20200806,2020-08-06,2020,8,August,3,Q3
20200807,2020-08-07,2020,8,August,3,Q3
20200808,2020-08-08,2020,8,August,3,Q3
20200809,2020-08-09,2020,8,August,3,Q3
20200810,2020-08-10,2020,8,August,3,Q3
20200811,2020-08-11,2020,8,August,3,Q3
20200812,2020-08-12,2020,8,August,3,Q3
20200813,2020-08-13,2020,8,August,3,Q3
20200814,2020-08-14,2020,8,August,3,Q3
20200815,2020-08-15,2020,8,August,3,Q3
20200816,2020-08-16,2020,8,August,3,Q3
20200817,2020-08-17,2020,8,August,3,Q3
20200818,2020-08-18,2020,8,August,3,Q3
20200819,2020-08-19,2020,8,August,3,Q3
20200820,2020-08-20,2020,8,August,3,Q3
20200821,2020-08-21,2020,8,August,3,Q3
20200822,2020-08-22,2020,8,August,3,Q3
20200823,2020-08-23,2020,8,August,3,Q3
20200824,2020-08-24,2020,8,August,3,Q3
20200825,2020-08-25,2020,8,August,3,Q3
20200826,2020-08-26,2020,8,August,3,Q3
20200827,2020-08-27,2020,8,August,3,Q3
20200828,2020-08-28,2020,8,August,3,Q3
20200829,2020-08-29,2020,8,August,3,Q3
20200830,2020-08-30,2020,8,August,3,Q3
20200831,2020-08-31,2020,8,August,3,Q3
20200901,2020-09-01,2020,9,September,3,Q3
20200902,2020-09-02,2020,9,September,3,Q3
20200903,2020-09-03,2020,9,September,3,Q3
20200904,2020-09-04,2020,9,September,3,Q3
20200905,2020-09-05,2020,9,September,3,Q3
20200906,2020-09-06,2020,9,September,3,Q3
20200907,2020-09-07,2020,9,September,3,Q3
20200908,2020-09-08,2020,9,September,3,Q3
20200909,2020-09-09,2020,9,September,3,Q3
20200910,2020-09-10,2020,9,September,3,Q3
20200911,2020-09-11,2020,9,September,3,Q3
20200912,2020-09-12,2020,9,September,3,Q3
20200913,2020-09-13,2020,9,September,3,Q3
20200914,2020-09-14,2020,9,September,3,Q3
20200915,2020-09-15,2020,9,September,3,Q3
20200916,2020-09-16,2020,9,September,3,Q3
20200917,2020-09-17,2020,9,September,3,Q3
20200918,2020-09-18,2020,9,September,3,Q3
20200919,2020-09-19,2020,9,September,3,Q3
20200920,2020-09-20,2020,9,September,3,Q3
20200921,2020-09-21,2020,9,September,3,Q3
20200922,2020-09-22,2020,9,September,3,Q3
20200923,2020-09-23,2020,9,September,3,Q3
20200924,2020-09-24,2020,9,September,3,Q3
20200925,2020-09-25,2020,9,September,3,Q3
20200926,2020-09-26,2020,9,September,3,Q3
20200927,2020-09-27,2020,9,September,3,Q3
20200928,2020-09-28,2020,9,September,3,Q3
20200929,2020-09-29,2020,9,September,3,Q3
20200930,2020-09-30,2020,9,September,3,Q3
20201001,2020-10-01,2020,10,October,4,Q4
20201002,2020-10-02,2020,10,October,4,Q4
20201003,2020-10-03,2020,10,October,4,Q4
20201004,2020-10-04,2020,10,October,4,Q4
20201005,2020-10-05,2020,10,October,4,Q4
20201006,2020-10-06,2020,10,October,4,Q4
20201007,2020-10-07,2020,10,October,4,Q4
20201008,2020-10-08,2020,10,October,4,Q4
20201009,2020-10-09,2020,10,October,4,Q4
20201010,2020-10-10,2020,10,October,4,Q4
20201011,2020-10-11,2020,10,October,4,Q4
20201012,2020-10-12,2020,10,October,4,Q4
20201013,2020-10-13,2020,10,October,4,Q4
20201014,2020-10-14,2020,10,October,4,Q4
20201015,2020-10-15,2020,10,October,4,Q4
20201016,2020-10-16,2020,10,October,4,Q4
20201017,2020-10-17,2020,10,October,4,Q4
20201018,2020-10-18,2020,10,October,4,Q4
20201019,2020-10-19,2020,10,October,4,Q4
20201020,2020-10-20,2020,10,October,4,Q4
20201021,2020-10-21,2020,10,October,4,Q4
20201022,2020-10-22,2020,10,October,4,Q4
20201023,2020-10-23,2020,10,October,4,Q4
20201024,2020-10-24,2020,10,October,4,Q4
20201025,2020-10-25,2020,10,October,4,Q4
20201026,2020-10-26,2020,10,October,4,Q4
20201027,2020-10-27,2020,10,October,4,Q4
20201028,2020-10-28,2020,10,October,4,Q4
20201029,2020-10-29,2020,10,October,4,Q4
20201030,2020-10-30,2020,10,October,4,Q4
20201031,2020-10-31,2020,10,October,4,Q4
20201101,2020-11-01,2020,11,November,4,Q4
20201102,2020-11-02,2020,11,November,4,Q4
20201103,2020-11-03,2020,11,November,4,Q4
20201104,2020-11-04,2020,11,November,4,Q4
20201105,2020-11-05,2020,11,November,4,Q4
20201106,2020-11-06,2020,11,November,4,Q4
20201107,2020-11-07,2020,11,November,4,Q4
20201108,2020-11-08,2020,11,November,4,Q4
20201109,2020-11-09,2020,11,November,4,Q4
20201110,2020-11-10,2020,11,November,4,Q4
20201111,2020-11-11,2020,11,November,4,Q4
20201112,2020-11-12,2020,11,November,4,Q4
20201113,2020-11-13,2020,11,November,4,Q4
20201114,2020-11-14,2020,11,November,4,Q4
20201115,2020-11-15,2020,11,November,4,Q4
20201116,2020-11-16,2020,11,November,4,Q4
20201117,2020-11-17,2020,11,November,4,Q4
20201118,2020-11-18,2020,11,November,4,Q4
20201119,2020-11-19,2020,11,November,4,Q4
20201120,2020-11-20,2020,11,November,4,Q4
20201121,2020-11-21,2020,11,November,4,Q4
20201122,2020-11-22,2020,11,November,4,Q4
20201123,2020-11-23,2020,11,November,4,Q4
20201124,2020-11-24,2020,11,November,4,Q4
20201125,2020-11-25,2020,11,November,4,Q4
20201126,2020-11-26,2020,11,November,4,Q4
20201127,2020-11-27,2020,11,November,4,Q4
20201128,2020-11-28,2020,11,November,4,Q4
20201129,2020-11-29,2020,11,November,4,Q4
20201130,2020-11-30,2020,11,November,4,Q4
20201201,2020-12-01,2020,12,December,4,Q4
20201202,2020-12-02,2020,12,December,4,Q4
20201203,2020-12-03,2020,12,December,4,Q4
20201204,2020-12-04,2020,12,December,4,Q4
20201205,2020-12-05,2020,12,December,4,Q4
20201206,2020-12-06,2020,12,December,4,Q4
20201207,2020-12-07,2020,12,December,4,Q4
20201208,2020-12-08,2020,12,December,4,Q4
20201209,2020-12-09,2020,12,December,4,Q4
20201210,2020-12-10,2020,12,December,4,Q4
20201211,2020-12-11,2020,12,December,4,Q4
20201212,2020-12-12,2020,12,December,4,Q4
20201213,2020-12-13,2020,12,December,4,Q4
20201214,2020-12-14,2020,12,December,4,Q4
20201215,2020-12-15,2020,12,December,4,Q4
20201216,2020-12-16,2020,12,December,4,Q4
20201217,2020-12-17,2020,12,December,4,Q4
20201218,2020-12-18,2020,12,December,4,Q4
20201219,2020-12-19,2020,12,December,4,Q4
20201220,2020-12-20,2020,12,December,4,Q4
20201221,2020-12-21,2020,12,December,4,Q4
20201222,2020-12-22,2020,12,December,4,Q4
20201223,2020-12-23,2020,12,December,4,Q4
20201224,2020-12-24,2020,12,December,4,Q4
20201225,2020-12-25,2020,12,December,4,Q4
20201226,2020-12-26,2020,12,December,4,Q4
20201227,2020-12-27,2020,12,December,4,Q4
20201228,2020-12-28,2020,12,December,4,Q4
20201229,2020-12-29,2020,12,December,4,Q4
20201230,2020-12-30,2020,12,December,4,Q4
20201231,2020-12-31,2020,12,December,4,Q4
