show_id,title,type,date_added,date_key,release_year,rating,duration_minutes,duration_seasons
s1471,Alaska Is a Drag,Movie,2020-12-31,20201231,2017,TV-MA,83,
s1472,Best of Stand-Up 2020,Movie,2020-12-31,20201231,2020,TV-MA,77,
s1473,Bobby Jasoos,Movie,2020-12-31,20201231,2014,TV-14,116,
s1474,Chilling Adventures of Sabrina,TV Show,2020-12-31,20201231,2020,TV-14,,4
s1475,Tarung Sarung,Movie,2020-12-31,20201231,2020,TV-PG,116,
s1476,Too Handsome to Handle,Movie,2020-12-31,20201231,2019,TV-14,106,
s1477,Best Leftovers Ever!,TV Show,2020-12-30,20201230,2020,TV-G,,1
s1478,Dare Me,TV Show,2020-12-30,20201230,2019,TV-MA,,1
s1479,Equinox,TV Show,2020-12-30,20201230,2020,TV-MA,,1
s1480,SanPa: Sins of the Savior,TV Show,2020-12-30,20201230,2020,TV-MA,,1
s1481,Still Game,TV Show,2020-12-30,20201230,2018,TV-14,,9
s1482,The Rope Curse 2,Movie,2020-12-30,20201230,2020,TV-MA,105,
s1483,Transformers: War for Cybertron: Earthrise,TV Show,2020-12-30,20201230,2020,TV-Y7,,1
s1484,A Love So Beautiful,TV Show,2020-12-28,20201228,2020,TV-PG,,1
s1485,Cops and Robbers,Movie,2020-12-28,20201228,2020,PG-13,8,
s1486,Rango,Movie,2020-12-28,20201228,2011,PG,110,
s1487,Death to 2020,Movie,2020-12-27,20201227,2020,TV-MA,71,
s1488,Sakho & Mangane,TV Show,2020-12-27,20201227,2019,TV-MA,,1
s1489,DNA,Movie,2020-12-26,20201226,2020,TV-MA,91,
s1490,Regiment Diaries,TV Show,2020-12-26,20201226,2020,TV-PG,,2
s1491,The Magic School Bus Rides Again In the Zone,Movie,2020-12-26,20201226,2020,TV-Y,46,
s1492,AK vs AK,Movie,2020-12-25,20201225,2020,TV-MA,109,
s1493,Bridgerton,TV Show,2020-12-25,20201225,2020,TV-MA,,1
s1494,Isa Pa with Feelings,Movie,2020-12-25,20201225,2019,TV-G,102,
s1495,We Can Be Heroes,Movie,2020-12-25,20201225,2020,PG,101,
s1496,Bridezilla,Movie,2020-12-24,20201224,2019,TV-MA,94,
s1497,Cemara's Family,Movie,2020-12-24,20201224,2018,TV-G,110,
s1498,"Hello, Love, Goodbye",Movie,2020-12-24,20201224,2019,TV-14,117,
s1499,The History of Future Folk,Movie,2020-12-23,20201223,2012,TV-14,85,
s1500,The Midnight Sky,Movie,2020-12-23,20201223,2020,PG-13,119,
s1501,Your Name Engraved Herein,Movie,2020-12-23,20201223,2020,TV-MA,115,
s1502,After We Collided,Movie,2020-12-22,20201222,2020,R,105,
s1503,London Hughes: To Catch a D*ck,Movie,2020-12-22,20201222,2020,TV-MA,68,
s1504,Lovestruck in the City,TV Show,2020-12-22,20201222,2020,TV-14,,1
s1505,QLIMAX THE SOURCE,Movie,2020-12-22,20201222,2020,TV-14,57,
s1506,Rhyme Time Town Singalongs,TV Show,2020-12-22,20201222,2020,TV-Y,,1
s1507,Shaun the Sheep,TV Show,2020-12-22,20201222,2016,TV-Y,,2
s1508,Shaun the Sheep: The Farmer’s Llamas,Movie,2020-12-22,20201222,2020,TV-Y,28,
s1509,Timmy Time,TV Show,2020-12-22,20201222,2010,TV-Y,,1
s1510,"Ariana grande: excuse me, i love you",Movie,2020-12-21,20201221,2020,TV-MA,98,
s1511,The Con Is On,Movie,2020-12-21,20201221,2018,R,95,
s1512,Mohamed Hussein,Movie,2020-12-20,20201220,2019,TV-14,96,
s1513,Rhys Nicholson Live at the Athenaeum,Movie,2020-12-20,20201220,2020,TV-MA,66,
s1514,Atlas Shrugged: Part II,Movie,2020-12-19,20201219,2012,PG-13,112,
s1515,Diamond City,TV Show,2020-12-18,20201218,2019,TV-MA,,1
s1516,Guest House,Movie,2020-12-18,20201218,2020,R,84,
s1517,Home for Christmas,TV Show,2020-12-18,20201218,2020,TV-MA,,2
s1518,Ma Rainey's Black Bottom,Movie,2020-12-18,20201218,2020,R,94,
s1519,Ma Rainey's Black Bottom: A Legacy Brought to Screen,Movie,2020-12-18,20201218,2020,TV-PG,32,
s1520,Mukhsin,Movie,2020-12-18,20201218,2006,TV-PG,98,
s1521,Paava Kadhaigal,TV Show,2020-12-18,20201218,2020,TV-MA,,1
s1522,Rabun,Movie,2020-12-18,20201218,2004,TV-PG,85,
s1523,Talentime,Movie,2020-12-18,20201218,2009,TV-14,120,
s1524,An Unremarkable Christmas,Movie,2020-12-17,20201217,2020,TV-14,83,
s1525,Braven,Movie,2020-12-17,20201217,2018,R,94,
s1526,Eggnoid: Love & Time Portal,Movie,2020-12-17,20201217,2019,TV-14,102,
s1527,Love You to the Stars and Back,Movie,2020-12-17,20201217,2017,TV-14,111,
s1528,Morphle,TV Show,2020-12-17,20201217,2020,TV-Y,,2
s1529,Run On,TV Show,2020-12-17,20201217,2020,TV-MA,,1
s1530,Sakaling Maging Tayo,Movie,2020-12-17,20201217,2019,TV-14,90,
s1531,Schulz Saves America,TV Show,2020-12-17,20201217,2020,TV-MA,,1
s1532,The Wedding Shaman,Movie,2020-12-17,20201217,2019,TV-PG,111,
s1533,Anitta: Made In Honório,TV Show,2020-12-16,20201216,2020,TV-MA,,1
s1534,BREAK IT ALL: The History of Rock in Latin America,TV Show,2020-12-16,20201216,2020,TV-MA,,1
s1535,Bwakaw,Movie,2020-12-16,20201216,2012,TV-MA,110,
s1536,How To Ruin Christmas,TV Show,2020-12-16,20201216,2020,TV-MA,,1
s1537,Incarnate,Movie,2020-12-16,20201216,2016,PG-13,87,
s1538,Lee Daniels' The Butler,Movie,2020-12-16,20201216,2013,PG-13,132,
s1539,Marvel Anime: Wolverine,TV Show,2020-12-16,20201216,2011,TV-14,,1
s1540,Marvel Anime: X-Men,TV Show,2020-12-16,20201216,2011,TV-14,,1
s1541,Nocturnal Animals,Movie,2020-12-16,20201216,2016,R,117,
s1542,The Ripper,TV Show,2020-12-16,20201216,2020,TV-MA,,1
s1543,Vir Das: Outside In - The Lockdown Special,Movie,2020-12-16,20201216,2020,TV-MA,50,
s1544,Black Ink Crew New York,TV Show,2020-12-15,20201215,2014,TV-14,,2
s1545,Grizzlies,Movie,2020-12-15,20201215,2018,R,106,
s1546,Pup Academy,TV Show,2020-12-15,20201215,2020,TV-Y,,2
s1547,Song Exploder,TV Show,2020-12-15,20201215,2020,TV-MA,,2
s1548,Teen Mom 2,TV Show,2020-12-15,20201215,2011,TV-14,,2
s1549,The Challenge,TV Show,2020-12-15,20201215,2006,TV-14,,2
s1550,The Professor and the Madman,Movie,2020-12-15,20201215,2019,TV-14,125,
s1551,A California Christmas,Movie,2020-12-14,20201214,2020,PG-13,107,
s1552,Hilda,TV Show,2020-12-14,20201214,2021,TV-Y7,,2
s1553,Tiny Pretty Things,TV Show,2020-12-14,20201214,2020,TV-MA,,1
s1554,The Netflix Afterparty: The Best Shows of The Worst Year,Movie,2020-12-13,20201213,2020,TV-MA,59,
s1555,Children of Adam,TV Show,2020-12-12,20201212,2020,TV-14,,1
s1556,Grizzy et les Lemmings,TV Show,2020-12-12,20201212,2018,TV-Y,,2
s1557,A Trash Truck Christmas,Movie,2020-12-11,20201211,2020,TV-Y,28,
s1558,Canvas,Movie,2020-12-11,20201211,2020,G,9,
s1559,Giving Voice,Movie,2020-12-11,20201211,2020,PG-13,91,
s1560,The Mess You Leave Behind,TV Show,2020-12-11,20201211,2020,TV-MA,,1
s1561,The Prom,Movie,2020-12-11,20201211,2020,PG-13,132,
s1562,Torbaaz,Movie,2020-12-11,20201211,2020,TV-MA,133,
s1563,Alice in Borderland,TV Show,2020-12-10,20201210,2020,TV-MA,,1
s1564,Funny Boy,Movie,2020-12-10,20201210,2020,TV-MA,109,
s1565,Futmalls.com,TV Show,2020-12-10,20201210,2020,TV-14,,1
s1566,Just The Way You Are,Movie,2020-12-10,20201210,2016,TV-G,107,
s1567,She's the One,Movie,2020-12-10,20201210,2013,TV-14,111,
s1568,The Panti Sisters,Movie,2020-12-10,20201210,2019,TV-MA,108,
s1569,"Kalel, 15",Movie,2020-12-09,20201209,2019,TV-MA,105,
s1570,Masameer Classics,TV Show,2020-12-09,20201209,2013,TV-14,,4
s1571,Once Upon a Time,TV Show,2020-12-09,20201209,2019,TV-14,,1
s1572,Rose Island,Movie,2020-12-09,20201209,2020,TV-14,119,
s1573,The Big Show Show,TV Show,2020-12-09,20201209,2020,TV-G,,2
s1574,The Expanding Universe of Ashley Garcia,TV Show,2020-12-09,20201209,2020,TV-PG,,3
s1575,The Surgeon's Cut,TV Show,2020-12-09,20201209,2020,TV-14,,1
s1576,André & his olive tree,Movie,2020-12-08,20201208,2020,TV-PG,104,
s1577,Bobbleheads The Movie,Movie,2020-12-08,20201208,2020,PG,83,
s1578,Emicida: AmarElo - It’s All For Yesterday,Movie,2020-12-08,20201208,2020,TV-MA,90,
s1579,Juman,TV Show,2020-12-08,20201208,2019,TV-PG,,1
s1580,Mr. Iglesias,TV Show,2020-12-08,20201208,2020,TV-14,,3
s1581,Spirit Riding Free: Ride Along Adventure,Movie,2020-12-08,20201208,2020,TV-Y7,79,
s1582,Super Monsters: Santa’s Super Monster Helpers,Movie,2020-12-08,20201208,2020,TV-Y,24,
s1583,Triple 9,Movie,2020-12-08,20201208,2016,R,115,
s1584,100 Days My Prince,TV Show,2020-12-07,20201207,2018,TV-14,,1
s1585,Ava,Movie,2020-12-07,20201207,2020,R,97,
s1586,Manhunt: Deadly Games,TV Show,2020-12-07,20201207,2020,TV-14,,1
s1587,Room 2806: The Accusation,TV Show,2020-12-07,20201207,2020,TV-MA,,1
s1588,Detention,TV Show,2020-12-05,20201205,2020,TV-MA,,1
s1589,Mighty Express: A Mighty Christmas,Movie,2020-12-05,20201205,2020,TV-Y,26,
s1590,Bhaag Beanie Bhaag,TV Show,2020-12-04,20201204,2020,TV-MA,,1
s1591,Big Mouth,TV Show,2020-12-04,20201204,2020,TV-MA,,4
s1592,Captain Underpants Mega Blissmas,Movie,2020-12-04,20201204,2020,TV-Y7,46,
s1593,Christmas Crossfire,Movie,2020-12-04,20201204,2020,TV-MA,106,
s1594,Kings of Jo'Burg,TV Show,2020-12-04,20201204,2020,TV-MA,,1
s1595,Leyla Everlasting,Movie,2020-12-04,20201204,2020,TV-MA,113,
s1596,MANK,Movie,2020-12-04,20201204,2020,R,133,
s1597,The Great British Baking Show: Holidays,TV Show,2020-12-04,20201204,2020,TV-MA,,3
s1598,You Are My Home,Movie,2020-12-04,20201204,2020,TV-PG,93,
s1599,Between Maybes,Movie,2020-12-03,20201203,2019,TV-14,108,
s1600,Break,Movie,2020-12-03,20201203,2018,TV-MA,96,
s1601,Chico Bon Bon and the Very Berry Holiday,Movie,2020-12-03,20201203,2020,TV-Y,25,
s1602,Just Another Christmas,Movie,2020-12-03,20201203,2020,TV-MA,101,
s1603,Must Be... Love,Movie,2020-12-03,20201203,2013,TV-14,106,
s1604,Alien Worlds,TV Show,2020-12-02,20201202,2020,TV-PG,,1
s1605,Ari Eldjárn: Pardon My Icelandic,Movie,2020-12-02,20201202,2020,TV-MA,54,
s1606,Check The Store Next Door: The Next Chapter,TV Show,2020-12-02,20201202,2020,TV-14,,2
s1607,Fierce,Movie,2020-12-02,20201202,2020,TV-MA,118,
s1608,Hazel Brugger: Tropical,Movie,2020-12-02,20201202,2020,TV-MA,58,
s1609,3 Days to Kill,Movie,2020-12-01,20201201,2014,PG-13,117,
s1610,Angela's Christmas Wish,Movie,2020-12-01,20201201,2020,TV-Y,48,
s1611,Angels & Demons,Movie,2020-12-01,20201201,2009,PG-13,139,
s1612,Are You The One,TV Show,2020-12-01,20201201,2014,TV-14,,2
s1613,Chef,Movie,2020-12-01,20201201,2014,R,115,
s1614,Effie Gray,Movie,2020-12-01,20201201,2014,PG-13,109,
s1615,Gormiti,TV Show,2020-12-01,20201201,2018,TV-Y,,1
s1616,Ink Master,TV Show,2020-12-01,20201201,2012,TV-14,,2
s1617,Monster House,Movie,2020-12-01,20201201,2006,PG,91,
s1618,Natalie Palamides: Nate - A One Man Show,Movie,2020-12-01,20201201,2020,TV-MA,60,
s1619,Octonauts,TV Show,2020-12-01,20201201,2015,TV-Y,,4
s1620,Oddbods,TV Show,2020-12-01,20201201,2017,TV-Y,,1
s1621,Peppermint,Movie,2020-12-01,20201201,2018,R,102,
s1622,Quigley Down Under,Movie,2020-12-01,20201201,1990,PG-13,120,
s1623,Stargate SG-1,TV Show,2020-12-01,20201201,2006,TV-MA,,10
s1624,The Bachelorette,TV Show,2020-12-01,20201201,2010,TV-14,,1
s1625,The Da Vinci Code,Movie,2020-12-01,20201201,2006,PG-13,149,
s1626,The Guest,TV Show,2020-12-01,20201201,2018,TV-14,,1
s1627,The Happytime Murders,Movie,2020-12-01,20201201,2018,R,91,
s1628,The Holiday Movies That Made Us,TV Show,2020-12-01,20201201,2020,TV-PG,,1
s1629,The Repair Shop,TV Show,2020-12-01,20201201,2018,TV-PG,,1
s1630,U-Turn,Movie,2020-12-01,20201201,2020,TV-MA,99,
s1631,Finding Agnes,Movie,2020-11-30,20201130,2020,TV-PG,106,
s1632,Rust Creek,Movie,2020-11-30,20201130,2018,R,108,
s1633,Spookley and the Christmas Kittens,Movie,2020-11-30,20201130,2019,TV-Y,45,
s1634,The 2nd,Movie,2020-11-30,20201130,2020,TV-MA,93,
s1635,The Uncanny Counter,TV Show,2020-11-29,20201129,2020,TV-14,,1
s1636,A Go! Go! Cory Carson Christmas,Movie,2020-11-27,20201127,2020,TV-Y,22,
s1637,Dance Dreams: Hot Chocolate Nutcracker,Movie,2020-11-27,20201127,2020,TV-PG,81,
s1638,Don’t Listen,Movie,2020-11-27,20201127,2020,TV-MA,98,
s1639,Fabulous Lives of Bollywood Wives,TV Show,2020-11-27,20201127,2020,TV-MA,,1
s1640,Heartbreak High,TV Show,2020-11-27,20201127,1999,TV-14,,7
s1641,Over Christmas,TV Show,2020-11-27,20201127,2020,TV-MA,,1
s1642,Sugar Rush Christmas,TV Show,2020-11-27,20201127,2020,TV-14,,2
s1643,The Beast,Movie,2020-11-27,20201127,2020,TV-MA,100,
s1644,The Call,Movie,2020-11-27,20201127,2020,TV-MA,112,
s1645,Fantastica,Movie,2020-11-26,20201126,2018,TV-PG,114,
s1646,Larry the Cable Guy: Remain Seated,Movie,2020-11-26,20201126,2020,TV-14,68,
s1647,Mosul,Movie,2020-11-26,20201126,2020,TV-MA,103,
s1648,Unexpectedly Yours,Movie,2020-11-26,20201126,2017,TV-14,121,
s1649,Ghosts of War,Movie,2020-11-25,20201125,2020,R,95,
s1650,Great Pretender,TV Show,2020-11-25,20201125,2020,TV-MA,,2
s1651,Shawn Mendes: Live in Concert,Movie,2020-11-25,20201125,2020,TV-PG,87,
s1652,The Christmas Chronicles: Part Two,Movie,2020-11-25,20201125,2020,PG,115,
s1653,Andhaghaaram,Movie,2020-11-24,20201124,2020,TV-14,171,
s1654,Andhakaaram,Movie,2020-11-24,20201124,2020,TV-14,171,
s1655,Before 30,TV Show,2020-11-24,20201124,2015,TV-MA,,1
s1656,Dragons: Rescue Riders: Huttsgalor Holiday,Movie,2020-11-24,20201124,2020,TV-Y,46,
s1657,Hillbilly Elegy,Movie,2020-11-24,20201124,2020,R,117,
s1658,Notes for My Son,Movie,2020-11-24,20201124,2020,TV-MA,84,
s1659,Valentino,TV Show,2020-11-24,20201124,2020,TV-14,,1
s1660,Hard Kill,Movie,2020-11-23,20201123,2020,R,98,
s1661,Shawn Mendes: In Wonder,Movie,2020-11-23,20201123,2020,TV-MA,83,
s1662,Strongest Deliveryman,TV Show,2020-11-23,20201123,2017,TV-MA,,1
s1663,The Suit,Movie,2020-11-23,20201123,2018,TV-14,97,
s1664,Dolly Parton’s Christmas on the Square,Movie,2020-11-22,20201122,2020,TV-PG,99,
s1665,Machete Kills,Movie,2020-11-22,20201122,2013,R,108,
s1666,40 Sticks,Movie,2020-11-20,20201120,2019,TV-14,93,
s1667,Alien Xmas,Movie,2020-11-20,20201120,2020,TV-Y,42,
s1668,Flavorful Origins,TV Show,2020-11-20,20201120,2020,TV-G,,3
s1669,Heart & Soul,TV Show,2020-11-20,20201120,2019,TV-14,,1
s1670,If Anything Happens I Love You,Movie,2020-11-20,20201120,2020,PG,13,
s1671,Mismatched,TV Show,2020-11-20,20201120,2020,TV-MA,,1
s1672,The App That Stole Christmas,Movie,2020-11-20,20201120,2020,TV-PG,64,
s1673,Voices of Fire,TV Show,2020-11-20,20201120,2020,TV-PG,,1
s1674,Black Friday,Movie,2020-11-19,20201119,2004,TV-MA,162,
s1675,Bodyguard,Movie,2020-11-19,20201119,2011,TV-14,130,
s1676,Break Ke Baad,Movie,2020-11-19,20201119,2010,TV-14,108,
s1677,Hawaizaada,Movie,2020-11-19,20201119,2015,TV-14,129,
s1678,My Amnesia Girl,Movie,2020-11-19,20201119,2010,TV-14,105,
s1679,Raman Raghav 2.0,Movie,2020-11-19,20201119,2016,TV-MA,133,
s1680,Singham,Movie,2020-11-19,20201119,2011,TV-14,142,
s1681,TE3N,Movie,2020-11-19,20201119,2016,TV-14,128,
s1682,The Princess Switch: Switched Again,Movie,2020-11-19,20201119,2020,TV-G,97,
s1683,Three Words to Forever,Movie,2020-11-19,20201119,2018,TV-G,107,
s1684,Well Done Abba,Movie,2020-11-19,20201119,2009,TV-14,135,
s1685,Holiday Home Makeover with Mr. Christmas,TV Show,2020-11-18,20201118,2020,TV-G,,1
s1686,Ainu Mosir,Movie,2020-11-17,20201117,2020,TV-PG,84,
s1687,Kevin Hart: Zero F**ks Given,Movie,2020-11-17,20201117,2020,TV-MA,70,
s1688,The Boss Baby: Back in Business,TV Show,2020-11-17,20201117,2020,TV-Y7,,4
s1689,We Are the Champions,TV Show,2020-11-17,20201117,2020,TV-MA,,1
s1690,Loving,Movie,2020-11-16,20201116,2016,PG-13,124,
s1691,Whose Streets?,Movie,2020-11-16,20201116,2017,R,102,
s1692,A Very Country Christmas,Movie,2020-11-15,20201115,2017,TV-G,84,
s1693,America's Next Top Model,TV Show,2020-11-15,20201115,2013,TV-14,,2
s1694,Beyblade Burst Rise,TV Show,2020-11-15,20201115,2019,TV-Y,,1
s1695,Cloudy with a Chance of Meatballs 2,Movie,2020-11-15,20201115,2013,PG,95,
s1696,Hometown Holiday,Movie,2020-11-15,20201115,2018,TV-G,84,
s1697,Polly Pocket,TV Show,2020-11-15,20201115,2021,TV-Y,,2
s1698,Survivor,TV Show,2020-11-15,20201115,2014,TV-14,,2
s1699,The Crown,TV Show,2020-11-15,20201115,2020,TV-MA,,4
s1700,White Christmas,Movie,2020-11-15,20201115,1954,TV-G,120,
s1701,Killer Cove,Movie,2020-11-14,20201114,2019,TV-14,87,
s1702,American Horror Story,TV Show,2020-11-13,20201113,2019,TV-MA,,9
s1703,Fukrey Boyzzz: Space Mein Fukrapanti,Movie,2020-11-13,20201113,2020,TV-Y7,75,
s1704,Jingle Jangle: A Christmas Journey,Movie,2020-11-13,20201113,2020,PG,124,
s1705,The Beginning of Life 2: Outside,Movie,2020-11-13,20201113,2020,TV-PG,92,
s1706,The Life Ahead,Movie,2020-11-13,20201113,2020,PG-13,95,
s1707,The Minions of Midas,TV Show,2020-11-13,20201113,2020,TV-MA,,1
s1708,A Very Special Love,Movie,2020-11-12,20201112,2008,TV-G,107,
s1709,Ethos,TV Show,2020-11-12,20201112,2020,TV-MA,,1
s1710,First Love,Movie,2020-11-12,20201112,2018,TV-MA,123,
s1711,Fruitvale Station,Movie,2020-11-12,20201112,2013,R,85,
s1712,Graceful Friends,TV Show,2020-11-12,20201112,2020,TV-MA,,1
s1713,Ludo,Movie,2020-11-12,20201112,2020,TV-MA,150,
s1714,Memories of a Teenager,Movie,2020-11-12,20201112,2019,TV-MA,97,
s1715,Prom Night,Movie,2020-11-12,20201112,2008,PG-13,88,
s1716,A Queen Is Born,TV Show,2020-11-11,20201111,2020,TV-14,,1
s1717,Aunty Donna's Big Ol' House of Fun,TV Show,2020-11-11,20201111,2020,TV-MA,,1
s1718,The Liberator,TV Show,2020-11-11,20201111,2020,TV-MA,,1
s1719,Trial 4,TV Show,2020-11-11,20201111,2020,TV-MA,,1
s1720,We Are All For The Fatherland,Movie,2020-11-11,20201111,1979,TV-14,74,
s1721,What We Wanted,Movie,2020-11-11,20201111,2020,TV-MA,93,
s1722,A Lion in the House,TV Show,2020-11-10,20201110,2006,TV-14,,1
s1723,DASH & LILY,TV Show,2020-11-10,20201110,2020,TV-14,,1
s1724,Bakugan: Armored Alliance,TV Show,2020-11-06,20201106,2020,TV-Y7,,1
s1725,Bakugan: Battle Planet,TV Show,2020-11-06,20201106,2018,TV-PG,,1
s1726,Citation,Movie,2020-11-06,20201106,2020,TV-MA,151,
s1727,Country Ever After,TV Show,2020-11-06,20201106,2020,TV-PG,,1
s1728,Girl's Revenge,Movie,2020-11-06,20201106,2020,TV-MA,82,
s1729,The Endless Trench,Movie,2020-11-06,20201106,2019,TV-MA,148,
s1730,The Late Bloomer,Movie,2020-11-06,20201106,2016,R,95,
s1731,Wrong Kind of Black,TV Show,2020-11-06,20201106,2018,TV-MA,,1
s1732,A New York Christmas Wedding,Movie,2020-11-05,20201105,2020,TV-MA,90,
s1733,Alone/Together,Movie,2020-11-05,20201105,2019,TV-14,103,
s1734,Carmel: Who Killed Maria Marta?,TV Show,2020-11-05,20201105,2020,TV-14,,1
s1735,Midnight at the Magnolia,Movie,2020-11-05,20201105,2020,TV-G,87,
s1736,One More Try,Movie,2020-11-05,20201105,2012,TV-14,102,
s1737,Operation Christmas Drop,Movie,2020-11-05,20201105,2020,TV-G,96,
s1738,Paranormal,TV Show,2020-11-05,20201105,2020,TV-14,,1
s1739,A Christmas Catch,Movie,2020-11-04,20201104,2018,TV-G,87,
s1740,Christmas with a Prince,Movie,2020-11-04,20201104,2018,TV-PG,86,
s1741,Love & Anarchy,TV Show,2020-11-04,20201104,2020,TV-MA,,1
s1742,Miss India,Movie,2020-11-04,20201104,2020,TV-PG,136,
s1743,Felix Lobrecht: Hype,Movie,2020-11-03,20201103,2020,TV-MA,60,
s1744,MOTHER,Movie,2020-11-03,20201103,2020,TV-14,127,
s1745,The Beginning of Life,Movie,2020-11-03,20201103,2016,TV-PG,96,
s1746,Ya no estoy aquí: Una conversación entre Guillermo del Toro y Alfonso Cuarón,Movie,2020-11-03,20201103,2020,TV-PG,15,
s1747,Can You Hear Me?,TV Show,2020-11-02,20201102,2020,TV-MA,,2
s1748,Prospect,Movie,2020-11-02,20201102,2018,R,100,
s1749,60 Days In,TV Show,2020-11-01,20201101,2019,TV-MA,,1
s1750,Christmas Break-In,Movie,2020-11-01,20201101,2019,TV-PG,87,
s1751,Dawson's Creek,TV Show,2020-11-01,20201101,2002,TV-14,,6
s1752,Elf Pets: A Fox Cub’s Christmas Tale,Movie,2020-11-01,20201101,2020,TV-Y,28,
s1753,Elf Pets: Santa’s Reindeer Rescue,Movie,2020-11-01,20201101,2020,TV-Y,27,
s1754,Elliot the Littlest Reindeer,Movie,2020-11-01,20201101,2018,PG,90,
s1755,Forged in Fire,TV Show,2020-11-01,20201101,2019,TV-14,,1
s1756,Leah Remini: Scientology and the Aftermath,TV Show,2020-11-01,20201101,2018,TV-14,,3
s1757,LEGO Jurassic World: Legend of Isla Nublar,TV Show,2020-11-01,20201101,2019,TV-Y,,1
s1758,LEGO Jurassic World: Secret Exhibit,TV Show,2020-11-01,20201101,2018,TV-Y,,1
s1759,LEGO Ninjago,TV Show,2020-11-01,20201101,2020,TV-Y7,,2
s1760,LEGO Ninjago: Masters of Spinjitzu,TV Show,2020-11-01,20201101,2019,TV-Y7,,10
s1761,LEGO: CITY Adventures,TV Show,2020-11-01,20201101,2019,TV-Y,,1
s1762,Little Monsters,Movie,2020-11-01,20201101,1989,PG,102,
s1763,Mile 22,Movie,2020-11-01,20201101,2018,R,94,
s1764,Piercing,Movie,2020-11-01,20201101,2018,R,81,
s1765,Snowden,Movie,2020-11-01,20201101,2016,R,134,
s1766,The Garfield Show,TV Show,2020-11-01,20201101,2018,TV-Y,,4
s1767,The Good Detective,TV Show,2020-11-01,20201101,2020,TV-MA,,1
s1768,The Impossible,Movie,2020-11-01,20201101,2012,PG-13,114,
s1769,The Next Karate Kid,Movie,2020-11-01,20201101,1994,PG,107,
s1770,Voice,TV Show,2020-11-01,20201101,2018,TV-14,,2
s1771,Wheels of Fortune,Movie,2020-11-01,20201101,2020,R,107,
s1772,Afronta! Facing It!,TV Show,2020-10-31,20201031,2017,TV-PG,,1
s1773,The 12th Man,Movie,2020-10-31,20201031,2018,TV-MA,130,
s1774,Zumbo's Just Desserts,TV Show,2020-10-31,20201031,2019,TV-PG,,1
s1775,Hidden in Plain Sight,Movie,2020-10-30,20201030,2019,TV-14,87,
s1776,His House,Movie,2020-10-30,20201030,2020,TV-14,93,
s1777,In Line,Movie,2020-10-30,20201030,2017,TV-14,114,
s1778,Kaali Khuhi,Movie,2020-10-30,20201030,2020,TV-14,91,
s1779,Kongsuni and Friends,TV Show,2020-10-30,20201030,2020,TV-Y,,2
s1780,Marvel's Agents of S.H.I.E.L.D.,TV Show,2020-10-30,20201030,2020,TV-14,,7
s1781,Rogue City,Movie,2020-10-30,20201030,2020,TV-MA,116,
s1782,Somebody Feed Phil,TV Show,2020-10-30,20201030,2020,TV-14,,4
s1783,Suburra: Blood on Rome,TV Show,2020-10-30,20201030,2020,TV-MA,,3
s1784,The Day of the Lord,Movie,2020-10-30,20201030,2020,TV-MA,93,
s1785,Pagpag: Nine Lives,Movie,2020-10-29,20201029,2013,TV-14,106,
s1786,Holidate,Movie,2020-10-28,20201028,2020,TV-MA,105,
s1787,La Gran Ilusión,Movie,2020-10-28,20201028,2016,TV-14,50,
s1788,Metallica Through The Never,Movie,2020-10-28,20201028,2013,R,93,
s1789,Nobody Sleeps in the Woods Tonight,Movie,2020-10-28,20201028,2020,TV-MA,103,
s1790,Secrets of the Saqqara Tomb,Movie,2020-10-28,20201028,2020,TV-PG,114,
s1791,Blood of Zeus,TV Show,2020-10-27,20201027,2020,TV-MA,,1
s1792,Chico Bon Bon: Monkey with a Tool Belt,TV Show,2020-10-27,20201027,2020,TV-Y,,4
s1793,Guillermo Vilas: Settling the Score,Movie,2020-10-27,20201027,2020,TV-14,95,
s1794,Sarah Cooper: Everything's Fine,Movie,2020-10-27,20201027,2020,TV-MA,50,
s1795,The Devil Punisher,TV Show,2020-10-26,20201026,2020,TV-14,,1
s1796,Ajab Prem Ki Ghazab Kahani,Movie,2020-10-25,20201025,2009,TV-14,150,
s1797,Black '47,Movie,2020-10-24,20201024,2018,R,100,
s1798,I Am Woman,Movie,2020-10-24,20201024,2019,TV-MA,117,
s1799,Alice Junior,Movie,2020-10-23,20201023,2019,TV-MA,87,
s1800,Barbarians,TV Show,2020-10-23,20201023,2020,TV-MA,,1
s1801,Move,TV Show,2020-10-23,20201023,2020,TV-MA,,1
s1802,Over the Moon,Movie,2020-10-23,20201023,2020,PG,100,
s1803,Shattered Memories,Movie,2020-10-23,20201023,2018,TV-14,86,
s1804,Stolen Away,TV Show,2020-10-23,20201023,2020,TV-MA,,1
s1805,The Queen's Gambit,TV Show,2020-10-23,20201023,2020,TV-MA,,1
s1806,Bending the Arc,Movie,2020-10-22,20201022,2017,TV-MA,102,
s1807,Cadaver,Movie,2020-10-22,20201022,2020,TV-MA,87,
s1808,Exes Baggage,Movie,2020-10-22,20201022,2018,TV-MA,103,
s1809,Fisherman's Friends,Movie,2020-10-22,20201022,2019,PG-13,112,
s1810,The Hows of Us,Movie,2020-10-22,20201022,2018,TV-14,120,
s1811,The Hummingbird Project,Movie,2020-10-22,20201022,2018,R,111,
s1812,"Yes, God, Yes",Movie,2020-10-22,20201022,2020,R,78,
s1813,Brave Blue World: Racing to Solve Our Water Crisis,Movie,2020-10-21,20201021,2020,TV-PG,51,
s1814,My Next Guest Needs No Introduction With David Letterman,TV Show,2020-10-21,20201021,2020,TV-MA,,3
s1815,Rebecca,Movie,2020-10-21,20201021,2020,PG-13,123,
s1816,The Magic School Bus Rides Again The Frizz Connection,Movie,2020-10-20,20201020,2020,TV-Y,46,
s1817,Tremors: Shrieker Island,Movie,2020-10-20,20201020,2020,PG-13,102,
s1818,Beirut Oh Beirut,Movie,2020-10-19,20201019,1975,TV-14,106,
s1819,Bosta,Movie,2020-10-19,20201019,2005,TV-14,112,
s1820,Ghadi,Movie,2020-10-19,20201019,2013,TV-MA,101,
s1821,Heritages,Movie,2020-10-19,20201019,2014,TV-14,96,
s1822,Listen,Movie,2020-10-19,20201019,2017,TV-MA,103,
s1823,Out of Life,Movie,2020-10-19,20201019,1991,TV-MA,94,
s1824,Panoptic,Movie,2020-10-19,20201019,2017,TV-MA,69,
s1825,Taxi Ballad,Movie,2020-10-19,20201019,2012,TV-MA,81,
s1826,The Kite,Movie,2020-10-19,20201019,2003,TV-MA,76,
s1827,The Little Wars,Movie,2020-10-19,20201019,1982,TV-14,108,
s1828,Under the Bombs,Movie,2020-10-19,20201019,2007,TV-MA,94,
s1829,Unsolved Mysteries,TV Show,2020-10-19,20201019,2020,TV-MA,,2
s1830,West Beirut,Movie,2020-10-19,20201019,1999,TV-MA,106,
s1831,What Did I Mess,Movie,2020-10-19,20201019,2018,TV-14,98,
s1832,Whispers,Movie,2020-10-19,20201019,1980,TV-14,93,
s1833,Zozo,Movie,2020-10-19,20201019,2005,TV-MA,99,
s1834,ParaNorman,Movie,2020-10-18,20201018,2012,PG,93,
s1835,Start-Up,TV Show,2020-10-18,20201018,2020,TV-14,,1
s1836,I Am Vengeance: Retaliation,Movie,2020-10-17,20201017,2020,R,82,
s1837,Disconnect,Movie,2020-10-16,20201016,2018,TV-MA,107,
s1838,Grand Army,TV Show,2020-10-16,20201016,2020,TV-MA,,1
s1839,In a Valley of Violence,Movie,2020-10-16,20201016,2016,R,104,
s1840,La Révolution,TV Show,2020-10-16,20201016,2020,TV-MA,,1
s1841,Someone Has to Die,TV Show,2020-10-16,20201016,2020,TV-MA,,1
s1842,The Last Kids on Earth,TV Show,2020-10-16,20201016,2020,TV-Y7,,3
s1843,The Trial of the Chicago 7,Movie,2020-10-16,20201016,2020,R,130,
s1844,Unfriended,Movie,2020-10-16,20201016,2014,R,83,
s1845,A Babysitter's Guide to Monster Hunting,Movie,2020-10-15,20201015,2020,TV-PG,99,
s1846,Batman: The Killing Joke,Movie,2020-10-15,20201015,2016,R,77,
s1847,El-Khawaga's Dilemma,Movie,2020-10-15,20201015,2018,TV-14,94,
s1848,Fireman Sam,TV Show,2020-10-15,20201015,2018,TV-Y,,4
s1849,Half & Half,TV Show,2020-10-15,20201015,2005,TV-14,,4
s1850,Kartini: Princess of Java,Movie,2020-10-15,20201015,2017,TV-PG,118,
s1851,Love Like the Falling Rain,Movie,2020-10-15,20201015,2020,TV-14,87,
s1852,One on One,TV Show,2020-10-15,20201015,2006,TV-14,,5
s1853,Power Rangers Beast Morphers,TV Show,2020-10-15,20201015,2020,TV-Y7,,2
s1854,Rooting for Roona,Movie,2020-10-15,20201015,2020,TV-PG,42,
s1855,Social Distance,TV Show,2020-10-15,20201015,2020,TV-MA,,1
s1856,A Choo,Movie,2020-10-14,20201014,2020,TV-14,101,
s1857,BLACKPINK: Light Up the Sky,Movie,2020-10-14,20201014,2020,TV-14,80,
s1858,The Three Deaths of Marisela Escobedo,Movie,2020-10-14,20201014,2020,TV-MA,110,
s1859,Fida,Movie,2020-10-13,20201013,2004,TV-14,117,
s1860,Octonauts & the Great Barrier Reef,Movie,2020-10-13,20201013,2020,TV-Y,47,
s1861,The Cabin with Bert Kreischer,TV Show,2020-10-13,20201013,2020,TV-MA,,1
s1862,Dil,Movie,2020-10-12,20201012,1990,TV-14,165,
s1863,Disco Dancer,Movie,2020-10-12,20201012,1982,TV-14,134,
s1864,Hunterrr,Movie,2020-10-12,20201012,2015,TV-MA,140,
s1865,Kipo and the Age of Wonderbeasts,TV Show,2020-10-12,20201012,2020,TV-Y7,,3
s1866,Phir Hera Pheri,Movie,2020-10-12,20201012,2006,TV-14,150,
s1867,The Legend of Bhagat Singh,Movie,2020-10-12,20201012,2002,TV-14,156,
s1868,House of the Witch,Movie,2020-10-11,20201011,2017,TV-MA,86,
s1869,Deaf U,TV Show,2020-10-09,20201009,2020,TV-MA,,1
s1870,Ginny Weds Sunny,Movie,2020-10-09,20201009,2020,TV-MA,126,
s1871,My Step Dad: The Hippie,Movie,2020-10-09,20201009,2018,TV-MA,100,
s1872,Super Monsters: Dia de los Monsters,Movie,2020-10-09,20201009,2020,TV-Y,25,
s1873,The Forty-Year-Old Version,Movie,2020-10-09,20201009,2020,R,124,
s1874,The Haunting of Bly Manor,TV Show,2020-10-09,20201009,2020,TV-MA,,1
s1875,Bigflo & Oli: Hip Hop Frenzy,Movie,2020-10-08,20201008,2020,TV-MA,100,
s1876,Do Do Sol Sol La La Sol,TV Show,2020-10-08,20201008,2020,TV-14,,1
s1877,Palermo Hollywood,Movie,2020-10-08,20201008,2004,TV-MA,106,
s1878,Private Lives,TV Show,2020-10-08,20201008,2020,TV-14,,1
s1879,The 100,TV Show,2020-10-08,20201008,2020,TV-MA,,7
s1880,Hubie Halloween,Movie,2020-10-07,20201007,2020,PG-13,104,
s1881,To the Lake,TV Show,2020-10-07,20201007,2020,TV-MA,,1
s1882,American Pie 9: Girls' Rules,Movie,2020-10-06,20201006,2020,R,96,
s1883,Dolly Parton: Here I Am,Movie,2020-10-06,20201006,2019,TV-14,90,
s1884,StarBeam: Halloween Hero,Movie,2020-10-06,20201006,2020,TV-Y,33,
s1885,Walk Away from Love,Movie,2020-10-06,20201006,2017,TV-14,81,
s1886,Bad Boy Billionaires: India,TV Show,2020-10-05,20201005,2020,TV-14,,1
s1887,David Attenborough: A Life on Our Planet,Movie,2020-10-04,20201004,2020,PG,84,
s1888,"Best Wishes, Warmest Regards: A Schitt's Creek Farewell",Movie,2020-10-03,20201003,2020,TV-MA,44,
s1889,Good Game: The Beginning,Movie,2020-10-03,20201003,2018,TV-14,115,
s1890,Pat a Pat Como,TV Show,2020-10-03,20201003,2016,TV-Y,,1
s1891,Qurious Como,TV Show,2020-10-03,20201003,2017,TV-Y,,1
s1892,A Chaster Marriage,Movie,2020-10-02,20201002,2016,TV-14,94,
s1893,A Go! Go! Cory Carson Halloween,Movie,2020-10-02,20201002,2020,TV-Y,22,
s1894,DreamWorks Happy Holidays from Madagascar,TV Show,2020-10-02,20201002,2005,TV-PG,,1
s1895,Emily in Paris,TV Show,2020-10-02,20201002,2020,TV-MA,,1
s1896,H2O: Just Add Water,TV Show,2020-10-02,20201002,2009,TV-PG,,3
s1897,Òlòtūré,Movie,2020-10-02,20201002,2020,TV-MA,107,
s1898,Serious Men,Movie,2020-10-02,20201002,2020,TV-MA,115,
s1899,The Binding,Movie,2020-10-02,20201002,2020,TV-MA,93,
s1900,Turkish Dance School,Movie,2020-10-02,20201002,2017,TV-MA,107,
s1901,Vampires vs. the Bronx,Movie,2020-10-02,20201002,2020,PG-13,86,
s1902,You've Got This,Movie,2020-10-02,20201002,2020,TV-MA,112,
s1903,All Because of You,Movie,2020-10-01,20201001,2020,TV-PG,102,
s1904,An Ordinary Man,Movie,2020-10-01,20201001,2017,R,91,
s1905,Carlos Almaraz: Playing with Fire,Movie,2020-10-01,20201001,2019,TV-14,83,
s1906,Cold Harbour,Movie,2020-10-01,20201001,2013,TV-MA,73,
s1907,Evil,TV Show,2020-10-01,20201001,2019,TV-14,,1
s1908,Familiar Wife,TV Show,2020-10-01,20201001,2018,TV-MA,,1
s1909,Food Wars!: Shokugeki no Soma,TV Show,2020-10-01,20201001,2016,TV-MA,,2
s1910,Free State of Jones,Movie,2020-10-01,20201001,2016,R,139,
s1911,"Good Morning, Verônica",TV Show,2020-10-01,20201001,2020,TV-MA,,1
s1912,Human Nature,Movie,2020-10-01,20201001,2019,TV-14,95,
s1913,Hunt for the Wilderpeople,Movie,2020-10-01,20201001,2016,PG-13,101,
s1914,I'm Leaving Now,Movie,2020-10-01,20201001,2019,TV-MA,75,
s1915,Journey of an African Colony,TV Show,2020-10-01,20201001,2018,TV-MA,,1
s1916,Oktoberfest: Beer & Blood,TV Show,2020-10-01,20201001,2020,TV-MA,,1
s1917,Rize,Movie,2020-10-01,20201001,2005,PG-13,87,
s1918,Secreto bien guardado,TV Show,2020-10-01,20201001,2019,TV-MA,,1
s1919,Sword Art Online,TV Show,2020-10-01,20201001,2018,TV-MA,,3
s1920,The American Game,Movie,2020-10-01,20201001,2019,TV-PG,91,
s1921,The Book of Sun,Movie,2020-10-01,20201001,2020,TV-14,120,
s1922,The Outpost,Movie,2020-10-01,20201001,2020,R,123,
s1923,The Parkers,TV Show,2020-10-01,20201001,2003,TV-PG,,5
s1924,The Unicorn,TV Show,2020-10-01,20201001,2019,TV-14,,1
s1925,We Have Always Lived in the Castle,Movie,2020-10-01,20201001,2018,TV-14,95,
s1926,You Cannot Hide,TV Show,2020-10-01,20201001,2020,TV-MA,,1
s1927,American Murder: The Family Next Door,Movie,2020-09-30,20200930,2020,TV-MA,84,
s1928,Baxu and the Giants,Movie,2020-09-30,20200930,2019,TV-PG,29,
s1929,Black Butler,TV Show,2020-09-30,20200930,2010,TV-MA,,3
s1930,Man with a Plan,TV Show,2020-09-30,20200930,2020,TV-PG,,4
s1931,Poacher,Movie,2020-09-30,20200930,2018,TV-MA,28,
s1932,The Boys in the Band,Movie,2020-09-30,20200930,2020,R,122,
s1933,The Boys in the Band: Something Personal,Movie,2020-09-30,20200930,2020,TV-MA,28,
s1934,Wentworth,TV Show,2020-09-30,20200930,2020,TV-MA,,8
s1935,Bully,Movie,2020-09-29,20200929,2012,PG-13,98,
s1936,Michelle Buteau: Welcome to Buteaupia,Movie,2020-09-29,20200929,2020,TV-MA,59,
s1937,Welcome to Sudden Death,Movie,2020-09-29,20200929,2020,R,80,
s1938,Amandla! A Revolution in Four Part Harmony,Movie,2020-09-28,20200928,2002,PG-13,103,
s1939,Ankhon Dekhi,Movie,2020-09-28,20200928,2013,TV-PG,104,
s1940,Dedh Ishqiya,Movie,2020-09-28,20200928,2014,TV-14,146,
s1941,Golmaal Returns,Movie,2020-09-28,20200928,2008,TV-MA,135,
s1942,Ishq Vishk,Movie,2020-09-28,20200928,2003,TV-PG,129,
s1943,Ishqiya,Movie,2020-09-28,20200928,2009,TV-14,115,
s1944,Jab We Met,Movie,2020-09-28,20200928,2007,TV-14,143,
s1945,Mann,Movie,2020-09-28,20200928,1999,TV-14,173,
s1946,Manorama Six Feet Under,Movie,2020-09-28,20200928,2007,TV-14,129,
s1947,Welcome,Movie,2020-09-28,20200928,2007,TV-PG,149,
s1948,"Whose Vote Counts, Explained",TV Show,2020-09-28,20200928,2020,TV-PG,,1
s1949,Van Helsing,TV Show,2020-09-27,20200927,2019,TV-MA,,4
s1950,The Good Place,TV Show,2020-09-26,20200926,2020,TV-14,,4
s1951,Time Out,Movie,2020-09-26,20200926,2015,TV-14,98,
s1952,A Perfect Crime,TV Show,2020-09-25,20200925,2020,TV-14,,1
s1953,Mighty Little Bheem,TV Show,2020-09-25,20200925,2020,TV-Y,,3
s1954,My Mother's Wound,Movie,2020-09-25,20200925,2016,TV-MA,115,
s1955,Sneakerheads,TV Show,2020-09-25,20200925,2020,TV-MA,,1
s1956,The School Nurse Files,TV Show,2020-09-25,20200925,2020,TV-MA,,1
s1957,Zulu Man in Japan,Movie,2020-09-25,20200925,2019,TV-MA,44,
s1958,Real Steel,Movie,2020-09-24,20200924,2011,PG-13,127,
s1959,The Chef Show,TV Show,2020-09-24,20200924,2020,TV-MA,,4
s1960,Enola Holmes,Movie,2020-09-23,20200923,2020,PG-13,124,
s1961,Kiss the Ground,Movie,2020-09-22,20200922,2020,TV-G,85,
s1962,The Playbook,TV Show,2020-09-22,20200922,2020,TV-MA,,1
s1963,A Love Song for Latasha,Movie,2020-09-21,20200921,2020,TV-PG,20,
s1964,DTC Yukemuri Junjo Hen From High & Low,Movie,2020-09-20,20200920,2018,TV-PG,102,
s1965,High & Low The Movie,Movie,2020-09-20,20200920,2016,TV-MA,129,
s1966,High & Low The Movie 2 / End of Sky,Movie,2020-09-20,20200920,2017,TV-MA,124,
s1967,High & Low The Movie 3 / Final Mission,Movie,2020-09-20,20200920,2017,TV-MA,118,
s1968,High & Low The Red Rain,Movie,2020-09-20,20200920,2016,TV-MA,111,
s1969,High & Low The Worst,Movie,2020-09-20,20200920,2019,TV-MA,125,
s1970,Road To High & Low,Movie,2020-09-20,20200920,2016,TV-MA,94,
s1971,The Blue Elephant 2,Movie,2020-09-20,20200920,2019,TV-MA,130,
s1972,Bhaji In Problem,Movie,2020-09-19,20200919,2013,TV-14,117,
s1973,Black,Movie,2020-09-19,20200919,2015,TV-14,137,
s1974,Fukrey Boyzzz,TV Show,2020-09-19,20200919,2020,TV-Y,,1
s1975,Saheb Biwi Aur Gangster Returns,Movie,2020-09-19,20200919,2013,TV-MA,139,
s1976,Santa Banta Pvt Ltd,Movie,2020-09-19,20200919,2016,TV-14,111,
s1977,The Royal Bengal Tiger,Movie,2020-09-19,20200919,2014,TV-MA,103,
s1978,Dolly Kitty Aur Woh Chamakte Sitare,Movie,2020-09-18,20200918,2020,TV-MA,120,
s1979,Ratched,TV Show,2020-09-18,20200918,2020,TV-MA,,1
s1980,The American Barbecue Showdown,TV Show,2020-09-18,20200918,2020,TV-G,,1
s1981,The Blacklist,TV Show,2020-09-18,20200918,2019,TV-14,,7
s1982,Whipped,Movie,2020-09-18,20200918,2020,TV-14,98,
s1983,Anaamika,Movie,2020-09-17,20200917,2014,TV-14,130,
s1984,Dragon's Dogma,TV Show,2020-09-17,20200917,2020,TV-MA,,1
s1985,GIMS: On the Record,Movie,2020-09-17,20200917,2020,TV-MA,96,
s1986,Horrid Henry's Gross Day Out,Movie,2020-09-17,20200917,2020,TV-Y,61,
s1987,Nee Enge En Anbe,Movie,2020-09-17,20200917,2014,TV-14,137,
s1988,Residue,Movie,2020-09-17,20200917,2020,TV-MA,90,
s1989,The Last Word,TV Show,2020-09-17,20200917,2020,TV-MA,,1
s1990,Baby,TV Show,2020-09-16,20200916,2020,TV-MA,,3
s1991,Challenger,TV Show,2020-09-16,20200916,2020,TV-14,,1
s1992,Criminal: UK,TV Show,2020-09-16,20200916,2020,TV-MA,,2
s1993,Dr Jason Leong Hashtag Blessed,Movie,2020-09-16,20200916,2018,TV-MA,69,
s1994,Signs,TV Show,2020-09-16,20200916,2020,TV-MA,,2
s1995,Sing On!,TV Show,2020-09-16,20200916,2020,TV-PG,,1
s1996,The Devil All The Time,Movie,2020-09-16,20200916,2020,R,139,
s1997,The Paramedic,Movie,2020-09-16,20200916,2020,TV-MA,94,
s1998,The Take,Movie,2020-09-16,20200916,2016,R,92,
s1999,Call the Midwife,TV Show,2020-09-15,20200915,2020,TV-MA,,9
s2000,Hope Frozen: A Quest to Live Twice,Movie,2020-09-15,20200915,2020,TV-PG,80,
s2001,Michael McIntyre: Showman,Movie,2020-09-15,20200915,2020,TV-MA,63,
s2002,Raising Victor Vargas,Movie,2020-09-15,20200915,2002,R,88,
s2003,Taco Chronicles,TV Show,2020-09-15,20200915,2020,TV-MA,,2
s2004,The Smurfs 2,Movie,2020-09-15,20200915,2013,PG,105,
s2005,Wish Upon a Unicorn,Movie,2020-09-15,20200915,2020,PG,93,
s2006,Lara and the Beat,Movie,2020-09-14,20200914,2018,TV-MA,140,
s2007,Buddi,TV Show,2020-09-11,20200911,2020,TV-Y,,2
s2008,Dad Wanted,Movie,2020-09-11,20200911,2020,TV-14,103,
s2009,Family Business,TV Show,2020-09-11,20200911,2020,TV-MA,,2
s2010,Girlfriends,TV Show,2020-09-11,20200911,2007,TV-14,,8
s2011,How to Train Your Dragon 2,Movie,2020-09-11,20200911,2014,PG,102,
s2012,Pets United,Movie,2020-09-11,20200911,2020,TV-Y7,93,
s2013,The Barrier,TV Show,2020-09-11,20200911,2020,TV-MA,,1
s2014,The Duchess,TV Show,2020-09-11,20200911,2020,TV-MA,,1
s2015,Wonho Chung: Live in New York,Movie,2020-09-11,20200911,2014,TV-14,69,
s2016,Aapla Manus,Movie,2020-09-10,20200910,2018,TV-14,133,
s2017,Ani... Dr. Kashinath Ghanekar,Movie,2020-09-10,20200910,2018,TV-14,157,
s2018,Bhai: Vyakti Ki Valli - Poorvardha,Movie,2020-09-10,20200910,2019,TV-14,116,
s2019,Bhai: Vyakti Ki Valli - Uttarardh,Movie,2020-09-10,20200910,2019,TV-PG,112,
s2020,Cycle,Movie,2020-09-10,20200910,2018,TV-PG,96,
s2021,Dhh,Movie,2020-09-10,20200910,2017,TV-G,127,
s2022,Greenleaf,TV Show,2020-09-10,20200910,2020,TV-14,,5
s2023,Julie and the Phantoms,TV Show,2020-09-10,20200910,2020,TV-G,,1
s2024,Kaagar,Movie,2020-09-10,20200910,2019,TV-MA,130,
s2025,Night of Knots,Movie,2020-09-10,20200910,2018,TV-MA,93,
s2026,PhotoCopy,Movie,2020-09-10,20200910,2016,TV-14,138,
s2027,Poshter Girl,Movie,2020-09-10,20200910,2016,TV-14,138,
s2028,Satria Heroes: Revenge of the Darkness,Movie,2020-09-10,20200910,2017,TV-G,92,
s2029,Son Of Adam,Movie,2020-09-10,20200910,2018,TV-14,110,
s2030,The Babysitter: Killer Queen,Movie,2020-09-10,20200910,2020,TV-MA,102,
s2031,Cargo,Movie,2020-09-09,20200909,2020,TV-14,113,
s2032,Cuties,Movie,2020-09-09,20200909,2020,TV-MA,96,
s2033,Get Organized with The Home Edit,TV Show,2020-09-09,20200909,2020,TV-PG,,1
s2034,La Línea: Shadow of Narco,TV Show,2020-09-09,20200909,2020,TV-MA,,1
s2035,So Much Love to Give,Movie,2020-09-09,20200909,2020,TV-14,108,
s2036,The Social Dilemma,Movie,2020-09-09,20200909,2020,PG-13,94,
s2037,#Alive,Movie,2020-09-08,20200908,2020,TV-MA,99,
s2038,Record of Youth,TV Show,2020-09-08,20200908,2020,TV-14,,1
s2039,My Octopus Teacher,Movie,2020-09-07,20200907,2020,TV-G,86,
s2040,Toll Booth,Movie,2020-09-07,20200907,2010,TV-MA,98,
s2041,Transformers: Cyberverse,TV Show,2020-09-07,20200907,2020,TV-Y7,,2
s2042,"Waiting for ""Superman""",Movie,2020-09-07,20200907,2010,PG,111,
s2043,Cleverman,TV Show,2020-09-05,20200905,2017,TV-MA,,1
s2044,Villain,Movie,2020-09-05,20200905,2020,R,97,
s2045,Away,TV Show,2020-09-04,20200904,2020,TV-14,,1
s2046,I'm Thinking of Ending Things,Movie,2020-09-04,20200904,2020,R,135,
s2047,Kandasamys: The Wedding,Movie,2020-09-04,20200904,2019,TV-14,93,
s2048,Spirit Riding Free: Riding Academy,TV Show,2020-09-04,20200904,2020,TV-Y7,,2
s2049,The Lost Okoroshi,Movie,2020-09-04,20200904,2019,TV-MA,94,
s2050,You're My Boss,Movie,2020-09-04,20200904,2015,TV-14,117,
s2051,Afonso Padilha: Classless,Movie,2020-09-03,20200903,2020,TV-MA,63,
s2052,Ave Maryam,Movie,2020-09-03,20200903,2018,TV-PG,73,
s2053,"Love, Guaranteed",Movie,2020-09-03,20200903,2020,TV-PG,91,
s2054,Young Wallander,TV Show,2020-09-03,20200903,2020,TV-MA,,1
s2055,Chef's Table: BBQ,TV Show,2020-09-02,20200902,2020,TV-14,,1
s2056,Freaks – You're One of Us,Movie,2020-09-02,20200902,2020,TV-MA,93,
s2057,Hotel for Dogs,Movie,2020-09-02,20200902,2009,PG,101,
s2058,Sky Tour: The Movie,Movie,2020-09-02,20200902,2020,TV-G,93,
s2059,The Witcher: A Look Inside the Episodes,TV Show,2020-09-02,20200902,2020,TV-MA,,1
s2060,Adrift,Movie,2020-09-01,20200901,2018,PG-13,96,
s2061,Always Be My Maybe,Movie,2020-09-01,20200901,2016,TV-14,112,
s2062,Barbie Princess Adventure,Movie,2020-09-01,20200901,2020,TV-Y,72,
s2063,Blue Exorcist,TV Show,2020-09-01,20200901,2017,TV-MA,,2
s2064,Bookmarks,TV Show,2020-09-01,20200901,2020,TV-Y,,1
s2065,Borgen,TV Show,2020-09-01,20200901,2012,TV-MA,,3
s2066,Children of the Sea,Movie,2020-09-01,20200901,2019,TV-PG,112,
s2067,Erased,TV Show,2020-09-01,20200901,2016,TV-14,,1
s2068,Fate/Grand Order -First Order-,Movie,2020-09-01,20200901,2016,TV-14,72,
s2069,Felipe Esparza: Bad Decisions,TV Show,2020-09-01,20200901,2020,TV-MA,,1
s2070,H,TV Show,2020-09-01,20200901,2002,TV-MA,,4
s2071,Heidi,TV Show,2020-09-01,20200901,2020,TV-Y7,,1
s2072,Puss in Boots,Movie,2020-09-01,20200901,2011,PG,92,
s2073,Sex Drive,Movie,2020-09-01,20200901,2008,R,109,
s2074,"Sister, Sister",TV Show,2020-09-01,20200901,1998,TV-PG,,6
s2075,Soldier,Movie,2020-09-01,20200901,1998,TV-14,155,
s2076,"Take the Ball, Pass the Ball",Movie,2020-09-01,20200901,2018,TV-MA,109,
s2077,The Boss Baby: Get That Baby!,Movie,2020-09-01,20200901,2020,TV-Y7,115,
s2078,The Match,Movie,2020-09-01,20200901,2020,TV-MA,97,
s2079,The Promised Neverland,TV Show,2020-09-01,20200901,2019,TV-14,,1
s2080,The Smurfs,Movie,2020-09-01,20200901,2011,PG,103,
s2081,Thomas and Friends,TV Show,2020-09-01,20200901,2020,TV-Y,,2
s2082,True: Friendship Day,Movie,2020-09-01,20200901,2020,TV-Y,24,
s2083,Maniyarayile Ashokan,Movie,2020-08-31,20200831,2020,TV-14,110,
s2084,The Debt Collector 2,Movie,2020-08-31,20200831,2020,TV-MA,97,
s2085,All Together Now,Movie,2020-08-29,20200829,2020,PG,94,
s2086,I AM A KILLER: RELEASED,TV Show,2020-08-28,20200828,2020,TV-MA,,1
s2087,Masaba Masaba,TV Show,2020-08-28,20200828,2020,TV-MA,,1
s2088,Santana,Movie,2020-08-28,20200828,2020,TV-MA,107,
s2089,Unknown Origins,Movie,2020-08-28,20200828,2020,TV-MA,97,
s2090,Aggretsuko,TV Show,2020-08-27,20200827,2020,TV-14,,3
s2091,Edge of Seventeen,Movie,2020-08-27,20200827,1998,TV-MA,103,
s2092,The Bridge Curse,Movie,2020-08-27,20200827,2020,TV-MA,88,
s2093,The Young Messiah,Movie,2020-08-27,20200827,2016,PG-13,111,
s2094,Her Mother's Killer,TV Show,2020-08-26,20200826,2020,TV-MA,,1
s2095,Lingua Franca,Movie,2020-08-26,20200826,2019,TV-MA,94,
s2096,Making The Witcher,Movie,2020-08-26,20200826,2020,TV-MA,33,
s2097,Million Dollar Beach House,TV Show,2020-08-26,20200826,2020,TV-MA,,1
s2098,Rising Phoenix,Movie,2020-08-26,20200826,2020,PG-13,107,
s2099,Emily's Wonder Lab,TV Show,2020-08-25,20200825,2020,TV-Y,,1
s2100,Trinkets,TV Show,2020-08-25,20200825,2020,TV-MA,,2
s2101,Septembers of Shiraz,Movie,2020-08-24,20200824,2016,PG-13,110,
s2102,Baewatch: Parental Guidance,TV Show,2020-08-22,20200822,2019,TV-MA,,1
s2103,Ojos in d' House,TV Show,2020-08-22,20200822,2013,TV-G,,1
s2104,Class of '83,Movie,2020-08-21,20200821,2020,TV-14,98,
s2105,Dark Forces,Movie,2020-08-21,20200821,2020,TV-MA,81,
s2106,Hoops,TV Show,2020-08-21,20200821,2020,TV-MA,,1
s2107,Rust Valley Restorers,TV Show,2020-08-21,20200821,2020,TV-14,,3
s2108,The Sleepover,Movie,2020-08-21,20200821,2020,TV-PG,104,
s2109,Goedam,TV Show,2020-08-20,20200820,2020,TV-MA,,1
s2110,John Was Trying to Contact Aliens,Movie,2020-08-20,20200820,2020,TV-PG,17,
s2111,Scarecrow,Movie,2020-08-20,20200820,2019,TV-MA,121,
s2112,The Crimes That Bind,Movie,2020-08-20,20200820,2020,TV-14,100,
s2113,DeMarcus Family Rules,TV Show,2020-08-19,20200819,2020,TV-14,,1
s2114,High Score,TV Show,2020-08-19,20200819,2020,TV-14,,1
s2115,Little Singham: Kaal Ka Badla,Movie,2020-08-19,20200819,2020,TV-Y7,70,
s2116,Drunk Parents,Movie,2020-08-18,20200818,2019,R,97,
s2117,Meet the In-Laws,Movie,2020-08-18,20200818,2017,TV-PG,75,
s2118,Crazy Awesome Teachers,Movie,2020-08-17,20200817,2020,TV-PG,102,
s2119,Glitch Techs,TV Show,2020-08-17,20200817,2020,TV-Y7,,2
s2120,Islands of Faith,Movie,2020-08-17,20200817,2018,TV-PG,88,
s2121,Les Misérables,Movie,2020-08-16,20200816,2012,PG-13,158,
s2122,Seventh Son,Movie,2020-08-16,20200816,2014,PG-13,102,
s2123,Stranger,TV Show,2020-08-16,20200816,2020,TV-MA,,2
s2124,Dérè: An African Tale,TV Show,2020-08-15,20200815,2016,TV-PG,,1
s2125,Rita,TV Show,2020-08-15,20200815,2020,TV-MA,,5
s2126,Takki,TV Show,2020-08-15,20200815,2014,TV-14,,2
s2127,What's Your Raashee?,Movie,2020-08-15,20200815,2009,TV-PG,203,
s2128,3%,TV Show,2020-08-14,20200814,2020,TV-MA,,4
s2129,Beyond the Boundary: ICC Women's T20 World Cup Australia 2020,Movie,2020-08-14,20200814,2020,TV-G,59,
s2130,Fearless,Movie,2020-08-14,20200814,2020,TV-Y7,92,
s2131,Nigerian Prince,Movie,2020-08-14,20200814,2018,TV-MA,104,
s2132,Octonauts & the Caves of Sac Actun,Movie,2020-08-14,20200814,2020,TV-Y,72,
s2133,Project Power,Movie,2020-08-14,20200814,2020,R,113,
s2134,Teenage Bounty Hunters,TV Show,2020-08-14,20200814,2020,TV-MA,,1
s2135,The Great Heist,TV Show,2020-08-14,20200814,2020,TV-MA,,1
s2136,The Legend of Korra,TV Show,2020-08-14,20200814,2014,TV-Y7,,4
s2137,Zoids Wild,TV Show,2020-08-14,20200814,2018,TV-Y7,,1
s2138,An Easy Girl,Movie,2020-08-13,20200813,2019,TV-MA,93,
s2139,Christine,Movie,2020-08-13,20200813,2016,R,119,
s2140,Simon Killer,Movie,2020-08-13,20200813,2012,TV-MA,105,
s2141,(Un)Well,TV Show,2020-08-12,20200812,2020,TV-MA,,1
s2142,Gunjan Saxena: The Kargil Girl,Movie,2020-08-12,20200812,2020,TV-14,113,
s2143,Mr. Peabody & Sherman,Movie,2020-08-11,20200811,2014,PG,93,
s2144,"Rob Schneider: Asian Momma, Mexican Kids",Movie,2020-08-11,20200811,2020,TV-MA,44,
s2145,GAME ON: A Comedy Crossover Event,TV Show,2020-08-10,20200810,2020,TV-G,,1
s2146,Terrace House: Tokyo 2019-2020,TV Show,2020-08-10,20200810,2019,TV-MA,,2
s2147,The Lost Husband,Movie,2020-08-10,20200810,2020,PG-13,110,
s2148,Diamonds in the Sky,Movie,2020-08-08,20200808,2018,TV-14,113,
s2149,The Governor,TV Show,2020-08-08,20200808,2016,TV-14,,1
s2150,We Summon the Darkness,Movie,2020-08-08,20200808,2020,R,90,
s2151,"Berlin, Berlin: Lolle on the Run",Movie,2020-08-07,20200807,2020,TV-MA,82,
s2152,High Seas,TV Show,2020-08-07,20200807,2020,TV-MA,,3
s2153,Selling Sunset,TV Show,2020-08-07,20200807,2020,TV-MA,,3
s2154,Sing On! Germany,TV Show,2020-08-07,20200807,2020,TV-PG,,1
s2155,Stars in the Sky: A Hunting Story,Movie,2020-08-07,20200807,2018,TV-14,69,
s2156,The Magic School Bus Rides Again Kids In Space,Movie,2020-08-07,20200807,2020,TV-Y,46,
s2157,Tiny Creatures,TV Show,2020-08-07,20200807,2020,TV-PG,,1
s2158,Wizards: Tales of Arcadia,TV Show,2020-08-07,20200807,2020,TV-Y7,,1
s2159,Word Party Songs,TV Show,2020-08-07,20200807,2020,TV-Y,,1
s2160,Work It,Movie,2020-08-07,20200807,2020,TV-14,94,
s2161,Ever After High,TV Show,2020-08-06,20200806,2016,TV-Y7,,5
s2162,Nasha Natasha,Movie,2020-08-06,20200806,2020,TV-PG,72,
s2163,The Rain,TV Show,2020-08-06,20200806,2020,TV-MA,,3
s2164,Anelka: Misunderstood,Movie,2020-08-05,20200805,2020,TV-14,95,
s2165,Sin City,Movie,2020-08-05,20200805,2019,TV-14,101,
s2166,World's Most Wanted,TV Show,2020-08-05,20200805,2020,TV-14,,1
s2167,A Go! Go! Cory Carson Summer Camp,Movie,2020-08-04,20200804,2020,TV-Y,21,
s2168,Malibu Rescue: The Next Wave,Movie,2020-08-04,20200804,2020,TV-G,71,
s2169,Mystery Lab,TV Show,2020-08-04,20200804,2020,TV-PG,,1
s2170,Sam Jay: 3 In The Morning,Movie,2020-08-04,20200804,2020,TV-MA,64,
s2171,Immigration Nation,TV Show,2020-08-03,20200803,2020,TV-MA,,1
s2172,Almost Love,Movie,2020-08-02,20200802,2020,TV-MA,92,
s2173,Killing Hasselhoff,Movie,2020-08-01,20200801,2017,R,80,
s2174,Moesha,TV Show,2020-08-01,20200801,2000,TV-PG,,6
s2175,My Perfect Landing,TV Show,2020-08-01,20200801,2020,TV-G,,1
s2176,Nagi-Asu: A Lull in the Sea,TV Show,2020-08-01,20200801,2014,TV-14,,1
s2177,Rogue Warfare: The Hunt,Movie,2020-08-01,20200801,2020,R,104,
s2178,Super Monsters: The New Class,Movie,2020-08-01,20200801,2020,TV-Y,25,
s2179,The Next Step,TV Show,2020-08-01,20200801,2018,TV-G,,1
s2180,The Ottoman Lieutenant,Movie,2020-08-01,20200801,2017,R,111,
s2181,Toradora!,TV Show,2020-08-01,20200801,2008,TV-14,,1
s2182,Transformers Rescue Bots Academy,TV Show,2020-08-01,20200801,2020,TV-Y,,2
s2183,Tumi or not Tumi,Movie,2020-08-01,20200801,2020,TV-MA,72,
s2184,What Keeps You Alive,Movie,2020-08-01,20200801,2018,R,99,
s2185,Get Even,TV Show,2020-07-31,20200731,2020,TV-PG,,1
s2186,Latte and the Magic Waterstone,Movie,2020-07-31,20200731,2020,TV-Y,83,
s2187,Raat Akeli Hai,Movie,2020-07-31,20200731,2020,TV-MA,150,
s2188,Seriously Single,Movie,2020-07-31,20200731,2020,TV-MA,108,
s2189,Sugar High,Movie,2020-07-31,20200731,2020,TV-G,44,
s2190,Sugar Rush,TV Show,2020-07-31,20200731,2020,TV-PG,,3
s2191,The Umbrella Academy,TV Show,2020-07-31,20200731,2020,TV-14,,2
s2192,Retablo,Movie,2020-07-30,20200730,2017,TV-MA,102,
s2193,Transformers: War For Cybertron Trilogy,TV Show,2020-07-30,20200730,2020,TV-Y7,,1
s2194,Uma Maheswara Ugra Roopasya,Movie,2020-07-30,20200730,2020,TV-MA,137,
s2195,Unlucky Ploy,TV Show,2020-07-30,20200730,2020,TV-MA,,1
s2196,It's Her Day,Movie,2020-07-29,20200729,2016,TV-MA,112,
s2197,Redemption,Movie,2020-07-29,20200729,2019,TV-MA,102,
s2198,Shine Your Eyes,Movie,2020-07-29,20200729,2020,TV-MA,103,
s2199,The Hater,Movie,2020-07-29,20200729,2020,TV-MA,136,
s2200,The Speed Cubers,Movie,2020-07-29,20200729,2020,TV-PG,41,
s2201,Tread,Movie,2020-07-29,20200729,2019,TV-MA,88,
s2202,Last Chance U,TV Show,2020-07-28,20200728,2020,TV-MA,,5
s2203,Banana Split,Movie,2020-07-26,20200726,2020,TV-MA,84,
s2204,Shameless (U.S.),TV Show,2020-07-26,20200726,2019,TV-MA,,10
s2205,Door Ke Darshan,Movie,2020-07-25,20200725,2020,TV-14,114,
s2206,Double World,Movie,2020-07-25,20200725,2020,TV-14,110,
s2207,Project Marathwada,Movie,2020-07-25,20200725,2016,TV-MA,103,
s2208,Animal Crackers,Movie,2020-07-24,20200724,2020,TV-Y7,106,
s2209,Dragons: Rescue Riders: Secrets of the Songwing,Movie,2020-07-24,20200724,2020,TV-Y,46,
s2210,Nimbe,Movie,2020-07-24,20200724,2019,TV-MA,115,
s2211,Offering to the Storm,Movie,2020-07-24,20200724,2020,TV-MA,140,
s2212,Romance Doll,Movie,2020-07-24,20200724,2020,TV-MA,124,
s2213,Sing On! Spain,TV Show,2020-07-24,20200724,2020,TV-G,,1
s2214,The Kissing Booth 2,Movie,2020-07-24,20200724,2020,TV-14,133,
s2215,Sinatra: All or Nothing at All,TV Show,2020-07-23,20200723,2015,TV-14,,1
s2216,The Larva Island Movie,Movie,2020-07-23,20200723,2020,TV-Y7,91,
s2217,The Letter Reader,Movie,2020-07-23,20200723,2019,TV-PG,30,
s2218,Fear City: New York vs The Mafia,TV Show,2020-07-22,20200722,2020,TV-MA,,1
s2219,Norsemen,TV Show,2020-07-22,20200722,2020,TV-MA,,3
s2220,The Remix: Hip Hop X Fashion,Movie,2020-07-22,20200722,2019,TV-MA,67,
s2221,Ip Man 4: The Finale,Movie,2020-07-21,20200721,2019,TV-MA,105,
s2222,Jack Whitehall: I'm Only Joking,Movie,2020-07-21,20200721,2020,TV-MA,58,
s2223,Street Food: Latin America,TV Show,2020-07-21,20200721,2020,TV-PG,,1
s2224,Killer Women with Piers Morgan,TV Show,2020-07-19,20200719,2017,TV-MA,,1
s2225,Funan,Movie,2020-07-18,20200718,2018,TV-14,87,
s2226,Gigantosaurus,TV Show,2020-07-18,20200718,2019,TV-Y,,1
s2227,Single Wives,TV Show,2020-07-18,20200718,2018,TV-MA,,1
s2228,Cursed,TV Show,2020-07-17,20200717,2020,TV-MA,,1
s2229,Father Soldier Son,Movie,2020-07-17,20200717,2020,R,100,
s2230,In The Dark,TV Show,2020-07-17,20200717,2020,TV-14,,2
s2231,Kissing Game,TV Show,2020-07-17,20200717,2020,TV-MA,,1
s2232,The Millions,Movie,2020-07-17,20200717,2019,TV-MA,95,
s2233,Fatal Affair,Movie,2020-07-16,20200716,2020,TV-14,90,
s2234,MILF,Movie,2020-07-16,20200716,2018,TV-MA,102,
s2235,Cold Feet,Movie,2020-07-15,20200715,2019,TV-14,98,
s2236,Dark Desire,TV Show,2020-07-15,20200715,2020,TV-MA,,1
s2237,Little Singham: Legend of Dugabakka,Movie,2020-07-15,20200715,2020,TV-Y7,68,
s2238,Skin Decision: Before and After,TV Show,2020-07-15,20200715,2020,TV-MA,,1
s2239,Sunny Bunnies,TV Show,2020-07-15,20200715,2016,TV-Y,,2
s2240,Sylvia,Movie,2020-07-15,20200715,2018,TV-14,104,
s2241,The Players,Movie,2020-07-15,20200715,2020,TV-MA,89,
s2242,The Business of Drugs,TV Show,2020-07-14,20200714,2020,TV-MA,,1
s2243,Urzila Carlson: Overqualified Loser,Movie,2020-07-14,20200714,2020,TV-MA,62,
s2244,We Are One,Movie,2020-07-14,20200714,2020,TV-MA,86,
s2245,Hole in the Wall,Movie,2020-07-11,20200711,2016,TV-MA,104,
s2246,Dating Around: Brazil,TV Show,2020-07-10,20200710,2020,TV-14,,1
s2247,Down to Earth with Zac Efron,TV Show,2020-07-10,20200710,2020,TV-PG,,1
s2248,Mama's Boy,Movie,2020-07-10,20200710,2018,TV-14,101,
s2249,The Claudia Kishi Club,Movie,2020-07-10,20200710,2020,TV-14,17,
s2250,The Epic Tales of Captain Underpants in Space,TV Show,2020-07-10,20200710,2020,TV-Y7,,1
s2251,The Old Guard,Movie,2020-07-10,20200710,2020,R,126,
s2252,The Twelve,TV Show,2020-07-10,20200710,2019,TV-MA,,1
s2253,Your Excellency,Movie,2020-07-10,20200710,2019,TV-G,120,
s2254,Japan Sinks: 2020,TV Show,2020-07-09,20200709,2020,TV-MA,,1
s2255,The Protector,TV Show,2020-07-09,20200709,2020,TV-MA,,4
s2256,Was It Love?,TV Show,2020-07-09,20200709,2020,TV-14,,1
s2257,Born Racer,Movie,2020-07-08,20200708,2018,R,89,
s2258,Mucho Mucho Amor: The Legend of Walter Mercado,Movie,2020-07-08,20200708,2020,TV-14,96,
s2259,Stateless,TV Show,2020-07-08,20200708,2020,TV-MA,,1
s2260,The Long Dumb Road,Movie,2020-07-08,20200708,2018,R,91,
s2261,Dr. Seuss' The Lorax,Movie,2020-07-07,20200707,2012,PG,86,
s2262,Jim Jefferies: Intolerant,Movie,2020-07-07,20200707,2020,TV-MA,67,
s2263,A Kid from Coney Island,Movie,2020-07-06,20200706,2019,TV-MA,89,
s2264,PNL - Dans la légende tour,Movie,2020-07-06,20200706,2020,TV-MA,65,
s2265,Aiyyaa,Movie,2020-07-05,20200705,2012,TV-14,151,
s2266,Bbuddah Hoga Terra Baap,Movie,2020-07-05,20200705,2011,TV-14,116,
s2267,Blood Money,Movie,2020-07-05,20200705,2012,TV-14,110,
s2268,Bombay Talkies,Movie,2020-07-05,20200705,2013,TV-MA,123,
s2269,Boss,Movie,2020-07-05,20200705,2013,TV-14,139,
s2270,Budhia Singh: Born to Run,Movie,2020-07-05,20200705,2016,TV-MA,95,
s2271,Chashme Baddoor,Movie,2020-07-05,20200705,2013,TV-14,121,
s2272,Dharam Sankat Mein,Movie,2020-07-05,20200705,2015,TV-PG,127,
s2273,Drishyam,Movie,2020-07-05,20200705,2015,TV-14,162,
s2274,Gabbar Is Back,Movie,2020-07-05,20200705,2015,TV-14,128,
s2275,Gollu Aur Pappu,Movie,2020-07-05,20200705,2014,TV-14,112,
s2276,Hook,TV Show,2020-07-05,20200705,2020,TV-MA,,1
s2277,Inkaar,Movie,2020-07-05,20200705,2013,TV-MA,125,
s2278,Madras Café,Movie,2020-07-05,20200705,2013,TV-14,128,
s2279,Mary Kom,Movie,2020-07-05,20200705,2014,TV-PG,120,
s2280,Michael,Movie,2020-07-05,20200705,2011,TV-MA,86,
s2281,Mumbai Delhi Mumbai,Movie,2020-07-05,20200705,2014,TV-MA,107,
s2282,Oh My God,Movie,2020-07-05,20200705,2012,TV-PG,129,
s2283,One by Two,Movie,2020-07-05,20200705,2014,TV-14,135,
s2284,Only,Movie,2020-07-05,20200705,2019,TV-MA,97,
s2285,Penalty,Movie,2020-07-05,20200705,2019,TV-14,125,
s2286,Players,Movie,2020-07-05,20200705,2012,TV-14,162,
s2287,Pyaar Ka Punchnama 2,Movie,2020-07-05,20200705,2015,TV-MA,136,
s2288,Queen,Movie,2020-07-05,20200705,2014,TV-MA,138,
s2289,Shaitan,Movie,2020-07-05,20200705,2011,TV-MA,126,
s2290,Special 26,Movie,2020-07-05,20200705,2013,TV-PG,137,
s2291,Tanu Weds Manu,Movie,2020-07-05,20200705,2011,TV-14,114,
s2292,What the Fish,Movie,2020-07-05,20200705,2013,TV-14,96,
s2293,Little Singham,TV Show,2020-07-04,20200704,2020,TV-Y7,,2
s2294,Cable Girls,TV Show,2020-07-03,20200703,2019,TV-MA,,6
s2295,Desperados,Movie,2020-07-03,20200703,2020,TV-MA,107,
s2296,Hunter in the Blue Side of Manchester,Movie,2020-07-03,20200703,2020,TV-MA,89,
s2297,I Am Not Your Negro,Movie,2020-07-03,20200703,2017,PG-13,94,
s2298,JU-ON: Origins,TV Show,2020-07-03,20200703,2020,TV-MA,,1
s2299,Southern Survival,TV Show,2020-07-03,20200703,2020,TV-PG,,1
s2300,The Baby-Sitters Club,TV Show,2020-07-03,20200703,2020,TV-G,,1
s2301,The Perfect Picture: Ten Years Later,Movie,2020-07-03,20200703,2019,TV-MA,148,
s2302,Supermarket Sweep,TV Show,2020-07-02,20200702,1993,TV-G,,1
s2303,Thiago Ventura: POKAS,Movie,2020-07-02,20200702,2020,TV-MA,82,
s2304,Warrior Nun,TV Show,2020-07-02,20200702,2020,TV-MA,,1
s2305,#AnneFrank - Parallel Stories,Movie,2020-07-01,20200701,2019,TV-14,95,
s2306,21 Again,TV Show,2020-07-01,20200701,2019,TV-MA,,1
s2307,A Touch of Green,TV Show,2020-07-01,20200701,2016,TV-MA,,1
s2308,Abby Hatcher,TV Show,2020-07-01,20200701,2019,TV-Y,,1
s2309,Adú,Movie,2020-07-01,20200701,2020,TV-MA,120,
s2310,Ali Baba ve 7 Cüceler,Movie,2020-07-01,20200701,2015,TV-MA,115,
s2311,David Foster: Off the Record,Movie,2020-07-01,20200701,2019,TV-MA,107,
s2312,Double Jeopardy,Movie,2020-07-01,20200701,1999,R,105,
s2313,Pek Yakında,Movie,2020-07-01,20200701,2014,TV-MA,134,
s2314,Say I Do,TV Show,2020-07-01,20200701,2020,TV-14,,1
s2315,Stardust,Movie,2020-07-01,20200701,2007,PG-13,128,
s2316,The F**k-It List,Movie,2020-07-01,20200701,2019,TV-MA,103,
s2317,The Silence of Others,Movie,2020-07-01,20200701,2019,TV-14,96,
s2318,Total Recall,Movie,2020-07-01,20200701,1990,R,114,
s2319,Trotro,TV Show,2020-07-01,20200701,2004,TV-Y,,1
s2320,Under the Riccione Sun,Movie,2020-07-01,20200701,2020,TV-MA,102,
s2321,BNA,TV Show,2020-06-30,20200630,2020,TV-14,,1
s2322,George Lopez: We'll Do It For Half,Movie,2020-06-30,20200630,2020,TV-MA,52,
s2323,Homemade,TV Show,2020-06-30,20200630,2020,TV-MA,,1
s2324,The Mirror Boy,Movie,2020-06-30,20200630,2011,TV-14,86,
s2325,#FriendButMarried 2,Movie,2020-06-28,20200628,2020,TV-G,104,
s2326,Skin,Movie,2020-06-28,20200628,2019,TV-MA,76,
s2327,Thackeray (Marathi),Movie,2020-06-28,20200628,2019,TV-14,135,
s2328,Dark,TV Show,2020-06-27,20200627,2020,TV-MA,,3
s2329,Ride Like a Girl,Movie,2020-06-27,20200627,2020,PG,99,
s2330,All For Love,TV Show,2020-06-26,20200626,2020,TV-MA,,1
s2331,Eurovision Song Contest: The Story of Fire Saga,Movie,2020-06-26,20200626,2020,PG-13,124,
s2332,Home Game,TV Show,2020-06-26,20200626,2020,TV-MA,,1
s2333,Kasanova,Movie,2020-06-26,20200626,2019,TV-14,117,
s2334,Ordinary People,Movie,2020-06-26,20200626,2016,TV-MA,107,
s2335,Seven (Tamil),Movie,2020-06-26,20200626,2019,TV-MA,111,
s2336,Seven (Telugu),Movie,2020-06-26,20200626,2019,TV-14,116,
s2337,Thackeray (Hindi),Movie,2020-06-26,20200626,2019,TV-14,135,
s2338,Twogether,TV Show,2020-06-26,20200626,2020,TV-G,,1
s2339,Krishna and His Leela,Movie,2020-06-25,20200625,2020,TV-MA,126,
s2340,Prem Ratan Dhan Payo,Movie,2020-06-25,20200625,2015,TV-14,164,
s2341,Vivah,Movie,2020-06-25,20200625,2006,TV-14,166,
s2342,Athlete A,Movie,2020-06-24,20200624,2020,PG-13,104,
s2343,Bulbbul,Movie,2020-06-24,20200624,2020,TV-MA,94,
s2344,Crazy Delicious,TV Show,2020-06-24,20200624,2020,TV-PG,,1
s2345,Nobody Knows I'm Here,Movie,2020-06-24,20200624,2020,TV-MA,92,
s2346,Eric Andre: Legalize Everything,Movie,2020-06-23,20200623,2020,TV-MA,52,
s2347,"Roswell, New Mexico",TV Show,2020-06-23,20200623,2020,TV-14,,2
s2348,Kappela,Movie,2020-06-22,20200622,2020,TV-14,112,
s2349,The Royal Hibiscus Hotel,Movie,2020-06-22,20200622,2017,TV-PG,90,
s2350,It's Okay to Not Be Okay,TV Show,2020-06-21,20200621,2020,TV-MA,,1
s2351,Woodshock,Movie,2020-06-21,20200621,2017,R,101,
s2352,Elevator Baby,Movie,2020-06-20,20200620,2019,TV-MA,84,
s2353,Babies,TV Show,2020-06-19,20200619,2020,TV-14,,2
s2354,Chaman Bahaar,Movie,2020-06-19,20200619,2020,TV-MA,112,
s2355,Destiny,Movie,2020-06-19,20200619,1997,TV-14,136,
s2356,Disclosure,Movie,2020-06-19,20200619,2020,TV-MA,108,
s2357,Feel the Beat,Movie,2020-06-19,20200619,2020,TV-G,110,
s2358,Floor Is Lava,TV Show,2020-06-19,20200619,2020,TV-PG,,1
s2359,Lost Bullet,Movie,2020-06-19,20200619,2020,TV-MA,93,
s2360,Most Beautiful Thing,TV Show,2020-06-19,20200619,2020,TV-MA,,2
s2361,One-Way to Tomorrow,Movie,2020-06-19,20200619,2020,TV-MA,90,
s2362,The Emigrant,Movie,2020-06-19,20200619,1994,TV-14,130,
s2363,The Politician,TV Show,2020-06-19,20200619,2020,TV-MA,,2
s2364,Wasp Network,Movie,2020-06-19,20200619,2020,TV-MA,128,
s2365,A Whisker Away,Movie,2020-06-18,20200618,2020,TV-PG,104,
s2366,Alexandria ... Why?,Movie,2020-06-18,20200618,1979,TV-MA,131,
s2367,Alexandria: Again and Forever,Movie,2020-06-18,20200618,1989,TV-MA,109,
s2368,An Egyptian Story,Movie,2020-06-18,20200618,1982,TV-MA,129,
s2369,Cairo Station,Movie,2020-06-18,20200618,1958,TV-14,73,
s2370,Dark Waters,Movie,2020-06-18,20200618,1956,TV-14,104,
s2371,El límite infinito,Movie,2020-06-18,20200618,2020,TV-PG,48,
s2372,Lola Igna,Movie,2020-06-18,20200618,2019,TV-14,114,
s2373,One Take,Movie,2020-06-18,20200618,2020,TV-G,86,
s2374,Saladin,Movie,2020-06-18,20200618,1963,TV-MA,194,
s2375,Stray Bullet,Movie,2020-06-18,20200618,2010,TV-MA,76,
s2376,The Blazing Sun,Movie,2020-06-18,20200618,1954,TV-14,116,
s2377,The Land,Movie,2020-06-18,20200618,1970,TV-MA,130,
s2378,The Nut Job,Movie,2020-06-18,20200618,2014,PG,85,
s2379,The Order,TV Show,2020-06-18,20200618,2020,TV-MA,,2
s2380,An Evening with Beverly Luff Linn,Movie,2020-06-17,20200617,2018,R,108,
s2381,Riding Faith,Movie,2020-06-17,20200617,2020,TV-PG,81,
s2382,Last Flight to Abuja,Movie,2020-06-16,20200616,2012,TV-14,76,
s2383,The Darkness,Movie,2020-06-16,20200616,2016,PG-13,92,
s2384,The Chase,TV Show,2020-06-15,20200615,2015,TV-PG,,2
s2385,The Show Must Go On: The Queen + Adam Lambert Story,Movie,2020-06-15,20200615,2019,TV-MA,85,
s2386,Underdogs,Movie,2020-06-15,20200615,2013,PG,85,
s2387,Wira,Movie,2020-06-15,20200615,2019,TV-14,108,
s2388,4th Republic,Movie,2020-06-13,20200613,2019,TV-MA,120,
s2389,Alexa & Katie,TV Show,2020-06-13,20200613,2020,TV-G,,4
s2390,Asura Guru,Movie,2020-06-13,20200613,2020,TV-14,117,
s2391,How to Get Away with Murder,TV Show,2020-06-13,20200613,2020,TV-14,,6
s2392,Milea,Movie,2020-06-13,20200613,2020,TV-14,100,
s2393,Axone,Movie,2020-06-12,20200612,2020,TV-MA,101,
s2394,Da 5 Bloods,Movie,2020-06-12,20200612,2020,R,156,
s2395,Dating Around,TV Show,2020-06-12,20200612,2020,TV-MA,,2
s2396,F is for Family,TV Show,2020-06-12,20200612,2020,TV-MA,,4
s2397,Frank Elstner: Just One Last Question,TV Show,2020-06-12,20200612,2020,TV-MA,,1
s2398,Jo Koy: In His Elements,Movie,2020-06-12,20200612,2020,TV-MA,55,
s2399,Okko's Inn,Movie,2020-06-12,20200612,2018,PG,96,
s2400,ONE PIECE,TV Show,2020-06-12,20200612,2002,TV-14,,4
s2401,The Search,TV Show,2020-06-12,20200612,2020,TV-MA,,1
s2402,The Woods,TV Show,2020-06-12,20200612,2020,TV-MA,,1
s2403,From A to B,Movie,2020-06-11,20200611,2014,TV-MA,104,
s2404,Menahi,Movie,2020-06-11,20200611,2008,TV-14,101,
s2405,Curon,TV Show,2020-06-10,20200610,2020,TV-MA,,1
s2406,DC's Legends of Tomorrow,TV Show,2020-06-10,20200610,2020,TV-14,,5
s2407,Lenox Hill,TV Show,2020-06-10,20200610,2020,TV-MA,,1
s2408,Middle Men,Movie,2020-06-10,20200610,2009,R,113,
s2409,My Mister,TV Show,2020-06-10,20200610,2018,TV-MA,,1
s2410,Reality Z,TV Show,2020-06-10,20200610,2020,TV-MA,,1
s2411,The Witch: Part 1 - The Subversion,Movie,2020-06-10,20200610,2018,TV-MA,126,
s2412,Before I Fall,Movie,2020-06-08,20200608,2017,PG-13,98,
s2413,365 Days,Movie,2020-06-07,20200607,2020,TV-MA,114,
s2414,Forensic,Movie,2020-06-07,20200607,2020,TV-14,132,
s2415,Project Papa,Movie,2020-06-07,20200607,2018,TV-14,92,
s2416,Queen of the South,TV Show,2020-06-06,20200606,2018,TV-MA,,4
s2417,The Night Clerk,Movie,2020-06-06,20200606,2020,R,90,
s2418,13 Reasons Why,TV Show,2020-06-05,20200605,2020,TV-MA,,4
s2419,Before the Summer Crowds,Movie,2020-06-05,20200605,2016,TV-14,86,
s2420,Big Stone Gap,Movie,2020-06-05,20200605,2014,PG-13,103,
s2421,Choked: Paisa Bolta Hai,Movie,2020-06-05,20200605,2020,TV-14,114,
s2422,Merry Men 2: Another Mission,Movie,2020-06-05,20200605,2019,TV-MA,115,
s2423,Queer Eye,TV Show,2020-06-05,20200605,2020,TV-14,,5
s2424,Supernatural,TV Show,2020-06-05,20200605,2019,TV-14,,15
s2425,The Last Days of American Crime,Movie,2020-06-05,20200605,2020,TV-MA,149,
s2426,The Light of My Eyes,Movie,2020-06-05,20200605,2010,TV-MA,96,
s2427,BAKI,TV Show,2020-06-04,20200604,2020,TV-MA,,3
s2428,Hot Sweet Sour,Movie,2020-06-04,20200604,2017,TV-14,102,
s2429,Overnight Republic,Movie,2020-06-04,20200604,2017,TV-MA,105,
s2430,Can’t Complain,Movie,2020-06-03,20200603,2007,TV-MA,114,
s2431,Lady Bird,Movie,2020-06-03,20200603,2017,R,94,
s2432,Spelling the Dream,Movie,2020-06-03,20200603,2020,TV-G,83,
s2433,Alone,TV Show,2020-06-02,20200602,2019,TV-14,,1
s2434,Andaleeb El Dokki,Movie,2020-06-02,20200602,2008,TV-14,106,
s2435,Let's Dance,Movie,2020-06-02,20200602,2006,TV-14,116,
s2436,Life's Speed Bump,Movie,2020-06-02,20200602,2006,TV-14,109,
s2437,Mr. Romantic,Movie,2020-06-02,20200602,2009,TV-14,97,
s2438,My Horrible Grandma,Movie,2020-06-02,20200602,2012,TV-MA,100,
s2439,Sorry To Disturb,Movie,2020-06-02,20200602,2008,TV-14,116,
s2440,The Student Cop,Movie,2020-06-02,20200602,2004,TV-14,111,
s2441,True: Rainbow Rescue,Movie,2020-06-02,20200602,2020,TV-Y,24,
s2442,What's Up?,Movie,2020-06-02,20200602,2006,TV-PG,95,
s2443,X Large,Movie,2020-06-02,20200602,2011,TV-14,135,
s2444,122,Movie,2020-06-01,20200601,2019,TV-MA,95,
s2445,Cardcaptor Sakura,TV Show,2020-06-01,20200601,1999,TV-Y7,,2
s2446,Chippa,Movie,2020-06-01,20200601,2020,TV-14,92,
s2447,Cook Off,Movie,2020-06-01,20200601,2017,TV-G,100,
s2448,Dear My Friends,TV Show,2020-06-01,20200601,2016,TV-MA,,1
s2449,Kalek Shanab,Movie,2020-06-01,20200601,2019,TV-PG,80,
s2450,Megalobox,TV Show,2020-06-01,20200601,2018,TV-MA,,1
s2451,Midnight Diner,TV Show,2020-06-01,20200601,2014,TV-MA,,3
s2452,Mirai,Movie,2020-06-01,20200601,2018,PG,98,
s2453,My Shy Boss,TV Show,2020-06-01,20200601,2017,TV-MA,,1
s2454,Revolutionary Love,TV Show,2020-06-01,20200601,2017,TV-MA,,1
s2455,The Disaster Artist,Movie,2020-06-01,20200601,2017,R,104,
s2456,The Stolen,Movie,2020-06-01,20200601,2016,TV-14,98,
s2457,High Strung Free Dance,Movie,2020-05-31,20200531,2019,TV-14,104,
s2458,Freej Al Taibeen,Movie,2020-05-29,20200529,2018,TV-PG,99,
s2459,Kenny Sebastian: The Most Interesting Person in the Room,Movie,2020-05-29,20200529,2020,TV-MA,68,
s2460,Space Force,TV Show,2020-05-29,20200529,2020,TV-MA,,1
s2461,The Other,Movie,2020-05-29,20200529,1999,TV-MA,106,
s2462,"Can't Cope, Won't Cope",TV Show,2020-05-28,20200528,2018,TV-MA,,2
s2463,Dorohedoro,TV Show,2020-05-28,20200528,2020,TV-MA,,1
s2464,Grandmother's Farm,Movie,2020-05-28,20200528,2014,TV-14,71,
s2465,Grandmother's Farm Part 2,Movie,2020-05-28,20200528,2015,TV-14,80,
s2466,Intuition,Movie,2020-05-28,20200528,2020,TV-MA,116,
s2467,Mako Mermaids: An H2O Adventure,TV Show,2020-05-28,20200528,2016,TV-G,,4
s2468,I'm No Longer Here,Movie,2020-05-27,20200527,2019,TV-MA,112,
s2469,Hannah Gadsby: Douglas,Movie,2020-05-26,20200526,2020,TV-MA,73,
s2470,Ne Zha,Movie,2020-05-25,20200525,2019,TV-14,110,
s2471,Supergirl,TV Show,2020-05-25,20200525,2019,TV-14,,5
s2472,Uncut Gems,Movie,2020-05-25,20200525,2019,R,135,
s2473,Betaal,TV Show,2020-05-24,20200524,2020,TV-MA,,1
s2474,Dynasty,TV Show,2020-05-23,20200523,2019,TV-14,,3
s2475,One Day We'll Talk About Today,Movie,2020-05-23,20200523,2020,TV-G,128,
s2476,Si Doel the Movie 3,Movie,2020-05-23,20200523,2020,TV-G,93,
s2477,History 101,TV Show,2020-05-22,20200522,2020,TV-14,,1
s2478,Living in Bondage: Breaking Free,Movie,2020-05-22,20200522,2019,TV-MA,149,
s2479,Modest Heroes: Ponoc Short Films Theatre,Movie,2020-05-22,20200522,2018,PG,54,
s2480,The Lovebirds,Movie,2020-05-22,20200522,2020,R,87,
s2481,Trailer Park Boys: The Animated Series,TV Show,2020-05-22,20200522,2020,TV-MA,,2
s2482,#FriendButMarried,Movie,2020-05-21,20200521,2018,TV-G,102,
s2483,Bye Bye London,Movie,2020-05-21,20200521,1981,TV-14,177,
s2484,Fifty Year Old Teenager,Movie,2020-05-21,20200521,1996,TV-14,204,
s2485,Lock Your Girls In,Movie,2020-05-21,20200521,1982,TV-PG,233,
s2486,Mujeres arriba,Movie,2020-05-21,20200521,2019,TV-14,98,
s2487,Mystic Pop-up Bar,TV Show,2020-05-21,20200521,2020,TV-MA,,1
s2488,No Longer kids,Movie,2020-05-21,20200521,1979,TV-14,237,
s2489,Raya and Sakina,Movie,2020-05-21,20200521,1984,TV-14,230,
s2490,Sayed the Servant,Movie,2020-05-21,20200521,1985,TV-14,173,
s2491,The Married Couples,Movie,2020-05-21,20200521,1981,TV-14,195,
s2492,The School of Mischief,Movie,2020-05-21,20200521,1973,TV-14,253,
s2493,The Witness Who Didn't See Anything,Movie,2020-05-21,20200521,1976,TV-PG,157,
s2494,Anchor Baby,Movie,2020-05-20,20200520,2010,TV-MA,97,
s2495,Ben Platt Live from Radio City Music Hall,Movie,2020-05-20,20200520,2020,TV-PG,85,
s2496,Especial 20 años Fútbol de Primera,TV Show,2020-05-20,20200520,2020,TV-14,,1
s2497,Honeytrap,Movie,2020-05-20,20200520,2014,TV-MA,94,
s2498,I Will Follow,Movie,2020-05-20,20200520,2010,TV-14,80,
s2499,Mutiny of the Worker Bees,Movie,2020-05-20,20200520,2020,TV-MA,94,
s2500,The Queen and the Conqueror,TV Show,2020-05-20,20200520,2020,TV-14,,1
s2501,What Are the Odds?,Movie,2020-05-20,20200520,2020,TV-MA,92,
s2502,Either Me Or My Auntie,Movie,2020-05-19,20200519,2006,TV-PG,105,
s2503,Escaping Tel Aviv,Movie,2020-05-19,20200519,2009,TV-14,120,
s2504,Game Over,Movie,2020-05-19,20200519,2012,TV-14,96,
s2505,Karkar,Movie,2020-05-19,20200519,2007,TV-14,107,
s2506,My Sleeping Lover,Movie,2020-05-19,20200519,2008,TV-PG,93,
s2507,Omar & Salma 2,Movie,2020-05-19,20200519,2009,TV-14,101,
s2508,Patton Oswalt: I Love Everything,TV Show,2020-05-19,20200519,2020,TV-MA,,1
s2509,Sweet Magnolias,TV Show,2020-05-19,20200519,2020,TV-14,,1
s2510,Tarek's Situation,Movie,2020-05-19,20200519,2006,TV-14,110,
s2511,The Beach Loafer,Movie,2020-05-19,20200519,2004,TV-14,112,
s2512,Wadjda,Movie,2020-05-19,20200519,2012,PG,93,
s2513,Zaki Chan,Movie,2020-05-19,20200519,2005,TV-PG,109,
s2514,Light in the Dark,Movie,2020-05-18,20200518,2019,TV-14,105,
s2515,The Big Flower Fight,TV Show,2020-05-18,20200518,2020,TV-PG,,1
s2516,Patriot Act with Hasan Minhaj,TV Show,2020-05-17,20200517,2020,TV-MA,,6
s2517,The End,Movie,2020-05-17,20200517,2019,TV-MA,97,
s2518,Boys Over Flowers,TV Show,2020-05-16,20200516,2009,TV-14,,1
s2519,Iris,TV Show,2020-05-16,20200516,2009,TV-14,,1
s2520,Avatar: The Last Airbender,TV Show,2020-05-15,20200515,2007,TV-Y7,,3
s2521,Heaven Without People,Movie,2020-05-15,20200515,2017,TV-MA,91,
s2522,"I love you, stupid",Movie,2020-05-15,20200515,2019,TV-MA,88,
s2523,Inhuman Resources,TV Show,2020-05-15,20200515,2020,TV-MA,,1
s2524,Madam Secretary,TV Show,2020-05-15,20200515,2019,TV-PG,,6
s2525,Magic for Humans,TV Show,2020-05-15,20200515,2020,TV-14,,3
s2526,Parasyte: The Maxim,TV Show,2020-05-15,20200515,2014,TV-MA,,1
s2527,She-Ra and the Princesses of Power,TV Show,2020-05-15,20200515,2020,TV-Y7,,5
s2528,Sleepless Society: Two Pillows & A Lost Soul,TV Show,2020-05-15,20200515,2020,TV-MA,,1
s2529,Strangers from Hell,TV Show,2020-05-15,20200515,2019,TV-MA,,1
s2530,The Wiggles,TV Show,2020-05-15,20200515,2015,TV-Y,,2
s2531,White Lines,TV Show,2020-05-15,20200515,2020,TV-MA,,1
s2532,Dilan 1990,Movie,2020-05-14,20200514,2018,TV-14,109,
s2533,Dilan 1991,Movie,2020-05-14,20200514,2019,TV-14,118,
s2534,Fan of Amoory,Movie,2020-05-14,20200514,2018,TV-G,109,
s2535,Malang,Movie,2020-05-14,20200514,2020,TV-MA,131,
s2536,Match,Movie,2020-05-14,20200514,2017,TV-14,91,
s2537,Rencor tatuado,Movie,2020-05-14,20200514,2018,TV-MA,152,
s2538,The Delivery Boy,Movie,2020-05-14,20200514,2018,TV-14,67,
s2539,Wedy Atkalam,Movie,2020-05-14,20200514,2018,TV-PG,72,
s2540,Fire in the Blood,Movie,2020-05-13,20200513,2012,TV-14,83,
s2541,The Wrong Missy,Movie,2020-05-13,20200513,2020,TV-MA,90,
s2542,Ali & Alia,Movie,2020-05-12,20200512,2019,TV-14,106,
s2543,True: Terrific Tales,TV Show,2020-05-12,20200512,2020,TV-Y,,1
s2544,Unbreakable Kimmy Schmidt: Kimmy vs. the Reverend,Movie,2020-05-12,20200512,2020,TV-14,190,
s2545,Action Replayy,Movie,2020-05-11,20200511,2010,TV-PG,129,
s2546,Andaz Apna Apna,Movie,2020-05-11,20200511,1994,TV-14,160,
s2547,Bordertown,TV Show,2020-05-11,20200511,2019,TV-MA,,3
s2548,Have a Good Trip: Adventures in Psychedelics,Movie,2020-05-11,20200511,2020,TV-MA,86,
s2549,Trial By Media,TV Show,2020-05-11,20200511,2020,TV-MA,,1
s2550,John Henry,Movie,2020-05-09,20200509,2020,R,92,
s2551,18 Presents,Movie,2020-05-08,20200508,2020,TV-MA,114,
s2552,Dead to Me,TV Show,2020-05-08,20200508,2020,TV-MA,,2
s2553,Restaurants on the Edge,TV Show,2020-05-08,20200508,2020,TV-14,,2
s2554,The Eddy,TV Show,2020-05-08,20200508,2020,TV-MA,,1
s2555,The Hollow,TV Show,2020-05-08,20200508,2020,TV-Y7,,2
s2556,Aerials,Movie,2020-05-07,20200507,2016,TV-14,90,
s2557,In Paradox,Movie,2020-05-07,20200507,2019,TV-14,94,
s2558,Scissor Seven,TV Show,2020-05-07,20200507,2020,TV-MA,,2
s2559,Si Doel the Movie,Movie,2020-05-07,20200507,2018,TV-PG,86,
s2560,Becoming,Movie,2020-05-06,20200506,2020,PG,89,
s2561,"Sí, Mi Amor",Movie,2020-05-06,20200506,2020,TV-MA,107,
s2562,Jerry Seinfeld: 23 Hours To Kill,Movie,2020-05-05,20200505,2020,TV-PG,61,
s2563,Arctic Dogs,Movie,2020-05-04,20200504,2019,PG,93,
s2564,Luccas Neto em: Acampamento de Férias 2,Movie,2020-05-04,20200504,2020,TV-G,81,
s2565,One Day: Justice Delivered,Movie,2020-05-03,20200503,2019,TV-14,120,
s2566,Almost Happy,TV Show,2020-05-02,20200502,2020,TV-MA,,1
s2567,Bennett's War,Movie,2020-05-02,20200502,2019,PG-13,94,
s2568,Death Can Wait,Movie,2020-05-02,20200502,2020,TV-14,91,
s2569,Hangar 1: The UFO Files,TV Show,2020-05-02,20200502,2015,TV-PG,,1
s2570,Hoarders,TV Show,2020-05-02,20200502,2020,TV-PG,,1
s2571,Lady Driver,Movie,2020-05-02,20200502,2019,PG,104,
s2572,Mike Birbiglia: My Girlfriend's Boyfriend,Movie,2020-05-02,20200502,2013,TV-14,76,
s2573,Roped,Movie,2020-05-02,20200502,2020,PG,90,
s2574,The Stand at Paxton County,Movie,2020-05-02,20200502,2020,R,103,
s2575,The Universe: Ancient Mysteries Solved,TV Show,2020-05-02,20200502,2015,TV-PG,,1
s2576,WWII in HD,TV Show,2020-05-02,20200502,2009,TV-14,,1
s2577,All Day and a Night,Movie,2020-05-01,20200501,2020,R,122,
s2578,Cracked Up: The Darrell Hammond Story,Movie,2020-05-01,20200501,2018,TV-MA,97,
s2579,Get In,Movie,2020-05-01,20200501,2019,TV-MA,98,
s2580,Go! Go! Cory Carson: The Chrissy,Movie,2020-05-01,20200501,2020,TV-Y,42,
s2581,Hollywood,TV Show,2020-05-01,20200501,2020,TV-MA,,1
s2582,I Am Divine,Movie,2020-05-01,20200501,2013,TV-MA,90,
s2583,Madagascar: Escape 2 Africa,Movie,2020-05-01,20200501,2008,PG,91,
s2584,Masha and the Bear,TV Show,2020-05-01,20200501,2019,TV-Y,,4
s2585,Material,Movie,2020-05-01,20200501,2012,TV-14,94,
s2586,Medici: Masters of Florence,TV Show,2020-05-01,20200501,2019,TV-MA,,3
s2587,Monthly Girls' Nozaki Kun,TV Show,2020-05-01,20200501,2014,TV-PG,,1
s2588,Mrs. Serial Killer,Movie,2020-05-01,20200501,2020,TV-MA,107,
s2589,Oh Yuck,TV Show,2020-05-01,20200501,2020,TV-G,,1
s2590,Psycho,Movie,2020-05-01,20200501,2020,TV-MA,143,
s2591,Reckoning,TV Show,2020-05-01,20200501,2019,TV-MA,,1
s2592,The Half Of It,Movie,2020-05-01,20200501,2020,PG-13,105,
s2593,The Heartbreak Kid,Movie,2020-05-01,20200501,2007,R,116,
s2594,Thomas & Friends: Marvelous Machinery: A New Arrival,Movie,2020-05-01,20200501,2020,TV-Y,23,
s2595,Thomas & Friends: Marvelous Machinery: World of Tomorrow,Movie,2020-05-01,20200501,2020,TV-Y,23,
s2596,Thomas & Friends: Thomas and the Royal Engine,Movie,2020-05-01,20200501,2020,TV-Y,23,
s2597,What a Girl Wants,Movie,2020-05-01,20200501,2003,PG,105,
s2598,Dangerous Lies,Movie,2020-04-30,20200430,2020,TV-14,97,
s2599,DRIFTING DRAGONS,TV Show,2020-04-30,20200430,2020,TV-14,,1
s2600,El señor de los Cielos,TV Show,2020-04-30,20200430,2019,TV-MA,,7
s2601,Good Witch,TV Show,2020-04-30,20200430,2019,TV-PG,,5
s2602,Rich in Love,Movie,2020-04-30,20200430,2020,TV-14,105,
s2603,The Forest of Love: Deep Cut,TV Show,2020-04-30,20200430,2020,TV-MA,,1
s2604,The Victims' Game,TV Show,2020-04-30,20200430,2020,TV-MA,,1
s2605,A Secret Love,Movie,2020-04-29,20200429,2020,TV-14,83,
s2606,Ekşi Elmalar,Movie,2020-04-29,20200429,2016,TV-PG,109,
s2607,Extracurricular,TV Show,2020-04-29,20200429,2020,TV-MA,,1
s2608,Love Is War,Movie,2020-04-29,20200429,2019,TV-14,111,
s2609,Murder to Mercy: The Cyntoia Brown Story,Movie,2020-04-29,20200429,2020,TV-MA,97,
s2610,Nadiya’s Time to Eat,TV Show,2020-04-29,20200429,2020,TV-G,,1
s2611,R.K.Nagar,Movie,2020-04-29,20200429,2019,TV-14,132,
s2612,Tjovitjo,TV Show,2020-04-29,20200429,2017,TV-MA,,2
s2613,Beynelmilel,Movie,2020-04-28,20200428,2006,TV-MA,102,
s2614,Bir Baba Hindu,Movie,2020-04-28,20200428,2016,TV-MA,107,
s2615,Boushkash,Movie,2020-04-28,20200428,2008,TV-MA,100,
s2616,Cinar Agaci,Movie,2020-04-28,20200428,2011,TV-14,115,
s2617,Görümce,Movie,2020-04-28,20200428,2016,TV-MA,104,
s2618,İstanbul Kırmızısı,Movie,2020-04-28,20200428,2017,TV-MA,110,
s2619,Küçük Esnaf,Movie,2020-04-28,20200428,2016,TV-MA,100,
s2620,Lembi 8 Giga,Movie,2020-04-28,20200428,2010,TV-MA,111,
s2621,Neseli Hayat,Movie,2020-04-28,20200428,2009,TV-14,108,
s2622,Organize Isler,Movie,2020-04-28,20200428,2005,TV-14,104,
s2623,The Reliant,Movie,2020-04-28,20200428,2019,PG-13,116,
s2624,We'll Be Right Back After The Break,Movie,2020-04-28,20200428,2012,TV-14,106,
s2625,5Gang,Movie,2020-04-27,20200427,2019,TV-14,96,
s2626,Love Aaj Kal,Movie,2020-04-27,20200427,2020,TV-MA,140,
s2627,The Lift Boy,Movie,2020-04-27,20200427,2020,TV-MA,107,
s2628,"Coronavirus, Explained",TV Show,2020-04-26,20200426,2020,TV-PG,,1
s2629,The Last Kingdom,TV Show,2020-04-26,20200426,2020,TV-MA,,4
s2630,Bheeshma,Movie,2020-04-25,20200425,2020,TV-14,138,
s2631,Bittersweet,Movie,2020-04-25,20200425,2010,TV-MA,132,
s2632,My Secret Romance,TV Show,2020-04-25,20200425,2017,TV-14,,1
s2633,No Direction Home: Bob Dylan,Movie,2020-04-25,20200425,2005,TV-MA,208,
s2634,She Made Me a Criminal,Movie,2020-04-25,20200425,2006,TV-14,105,
s2635,The Artist,Movie,2020-04-25,20200425,2011,PG-13,101,
s2636,The Dealer,Movie,2020-04-25,20200425,2010,TV-14,124,
s2637,The International Player,Movie,2020-04-25,20200425,2009,TV-14,93,
s2638,The Promise,Movie,2020-04-25,20200425,2008,TV-14,110,
s2639,الف مبروك,Movie,2020-04-25,20200425,2009,TV-14,115,
s2640,دفعة القاهرة,TV Show,2020-04-25,20200425,2019,TV-14,,1
s2641,After Life,TV Show,2020-04-24,20200424,2020,TV-MA,,2
s2642,DreamWorks Spooky Stories: Volume 2,TV Show,2020-04-24,20200424,2011,TV-PG,,1
s2643,Kolaiyuthir Kaalam,Movie,2020-04-24,20200424,2019,TV-14,107,
s2644,Love 101,TV Show,2020-04-24,20200424,2020,TV-MA,,1
s2645,"Yours Sincerely, Kanan Gill",Movie,2020-04-24,20200424,2020,TV-MA,72,
s2646,Ghost in the Shell: SAC_2045,TV Show,2020-04-23,20200423,2020,TV-14,,1
s2647,My Stupid Boss,Movie,2020-04-23,20200423,2016,TV-G,107,
s2648,My Stupid Boss 2,Movie,2020-04-23,20200423,2019,TV-14,95,
s2649,The House of Flowers,TV Show,2020-04-23,20200423,2020,TV-MA,,3
s2650,This Earth of Mankind,Movie,2020-04-23,20200423,2019,TV-14,180,
s2651,Time to Hunt,Movie,2020-04-23,20200423,2020,TV-MA,135,
s2652,Absurd Planet,TV Show,2020-04-22,20200422,2020,TV-PG,,1
s2653,Circus of Books,Movie,2020-04-22,20200422,2020,TV-MA,87,
s2654,The Plagues of Breslau,Movie,2020-04-22,20200422,2018,TV-MA,94,
s2655,The Set Up,Movie,2020-04-22,20200422,2019,TV-MA,105,
s2656,The Silence of the Marsh,Movie,2020-04-22,20200422,2019,TV-MA,93,
s2657,The Willoughbys,Movie,2020-04-22,20200422,2020,PG,92,
s2658,Win the Wilderness,TV Show,2020-04-22,20200422,2020,TV-14,,1
s2659,Bleach,TV Show,2020-04-21,20200421,2006,TV-14,,5
s2660,Middleditch & Schwartz,TV Show,2020-04-21,20200421,2020,TV-MA,,1
s2661,Nicky Jam: El Ganador,TV Show,2020-04-21,20200421,2018,TV-MA,,1
s2662,Cooked with Cannabis,TV Show,2020-04-20,20200420,2020,TV-MA,,1
s2663,The Midnight Gospel,TV Show,2020-04-20,20200420,2020,TV-MA,,1
s2664,Varane Avashyamund,Movie,2020-04-20,20200420,2020,TV-14,144,
s2665,ChuChu TV Nursery Rhymes & Kids Songs (Hindi),TV Show,2020-04-18,20200418,2019,TV-Y,,1
s2666,The King: Eternal Monarch,TV Show,2020-04-18,20200418,2020,TV-14,,1
s2667,#blackAF,TV Show,2020-04-17,20200417,2020,TV-MA,,1
s2668,Babamın Ceketi,Movie,2020-04-17,20200417,2018,TV-MA,101,
s2669,Earth and Blood,Movie,2020-04-17,20200417,2020,TV-MA,81,
s2670,El Dragón: Return of a Warrior,TV Show,2020-04-17,20200417,2020,TV-MA,,2
s2671,Hasmukh,TV Show,2020-04-17,20200417,2020,TV-MA,,1
s2672,Rising High,Movie,2020-04-17,20200417,2020,TV-MA,95,
s2673,Sergio,Movie,2020-04-17,20200417,2020,R,119,
s2674,The Legacy of the Bones,Movie,2020-04-17,20200417,2019,TV-MA,121,
s2675,Alelí,Movie,2020-04-16,20200416,2019,TV-MA,88,
s2676,Fary : Hexagone,TV Show,2020-04-16,20200416,2020,TV-MA,,2
s2677,Fauda,TV Show,2020-04-16,20200416,2020,TV-MA,,3
s2678,"Hail, Caesar!",Movie,2020-04-16,20200416,2016,PG-13,106,
s2679,Jem and the Holograms,Movie,2020-04-16,20200416,2015,PG,119,
s2680,Maurício Meirelles: Generating Chaos,Movie,2020-04-16,20200416,2020,TV-MA,63,
s2681,Puerto Ricans in Paris,Movie,2020-04-16,20200416,2015,R,82,
s2682,Stunt School,Movie,2020-04-16,20200416,2019,TV-G,95,
s2683,For the Broken Hearted,Movie,2020-04-15,20200415,2018,TV-14,93,
s2684,Mischief,Movie,2020-04-15,20200415,2019,TV-PG,120,
s2685,The Innocence Files,TV Show,2020-04-15,20200415,2020,TV-MA,,1
s2686,World Famous Lover,Movie,2020-04-15,20200415,2020,TV-MA,147,
s2687,Chris D'Elia: No Pain,Movie,2020-04-14,20200414,2020,TV-MA,55,
s2688,New Money,Movie,2020-04-14,20200414,2018,TV-14,107,
s2689,Moms at War,Movie,2020-04-13,20200413,2018,TV-14,92,
s2690,Surviving R. Kelly: The Impact,Movie,2020-04-13,20200413,2019,TV-14,85,
s2691,Code 8,Movie,2020-04-11,20200411,2019,TV-MA,98,
s2692,Brews Brothers,TV Show,2020-04-10,20200410,2020,TV-MA,,1
s2693,LA Originals,Movie,2020-04-10,20200410,2020,TV-MA,92,
s2694,Love Wedding Repeat,Movie,2020-04-10,20200410,2020,TV-MA,101,
s2695,School Life,Movie,2020-04-10,20200410,2019,TV-MA,112,
s2696,The Main Event,Movie,2020-04-10,20200410,2020,TV-G,103,
s2697,The Trial,TV Show,2020-04-10,20200410,2019,TV-MA,,1
s2698,Tigertail,Movie,2020-04-10,20200410,2020,PG,91,
s2699,Hi Score Girl,TV Show,2020-04-09,20200409,2019,TV-14,,2
s2700,The Circle France,TV Show,2020-04-09,20200409,2020,TV-MA,,1
s2701,Born Beautiful,Movie,2020-04-08,20200408,2019,TV-MA,96,
s2702,The Last Airbender,Movie,2020-04-08,20200408,2010,PG,104,
s2703,Tiffany Haddish: She Ready! From the Hood To Hollywood!,Movie,2020-04-07,20200407,2017,TV-MA,66,
s2704,Mine 9,Movie,2020-04-06,20200406,2019,TV-MA,83,
s2705,The Florida Project,Movie,2020-04-06,20200406,2017,R,111,
s2706,Dark Light,Movie,2020-04-05,20200405,2019,TV-MA,90,
s2707,The Killing of a Sacred Deer,Movie,2020-04-05,20200405,2017,R,121,
s2708,Angel Has Fallen,Movie,2020-04-04,20200404,2019,R,121,
s2709,El Reemplazante,TV Show,2020-04-04,20200404,2013,TV-MA,,2
s2710,Coffee & Kareem,Movie,2020-04-03,20200403,2020,TV-MA,88,
s2711,Legacies,TV Show,2020-04-03,20200403,2019,TV-14,,2
s2712,Money Heist: The Phenomenon,Movie,2020-04-03,20200403,2020,TV-MA,57,
s2713,The Death of Stalin,Movie,2020-04-03,20200403,2017,R,107,
s2714,Sol Levante,Movie,2020-04-02,20200402,2020,TV-14,5,
s2715,Violet Evergarden: Eternity and the Auto Memory Doll,Movie,2020-04-02,20200402,2019,TV-PG,91,
s2716,Agneepath,Movie,2020-04-01,20200401,1990,TV-14,174,
s2717,Brothers,Movie,2020-04-01,20200401,2015,TV-14,155,
s2718,Chhota Bheem and the Curse of Damyaan,Movie,2020-04-01,20200401,2012,TV-Y7,87,
s2719,Community,TV Show,2020-04-01,20200401,2015,TV-14,,6
s2720,David Batra: Elefanten i rummet,Movie,2020-04-01,20200401,2020,TV-MA,77,
s2721,Dostana,Movie,2020-04-01,20200401,2008,TV-14,142,
s2722,Duniya,Movie,2020-04-01,20200401,1984,TV-14,170,
s2723,Duplicate,Movie,2020-04-01,20200401,1998,TV-14,165,
s2724,Friendship,Movie,2020-04-01,20200401,1980,TV-14,161,
s2725,Gori Tere Pyaar Mein,Movie,2020-04-01,20200401,2013,TV-14,144,
s2726,Gumrah,Movie,2020-04-01,20200401,1993,TV-14,149,
s2727,Hasee Toh Phasee,Movie,2020-04-01,20200401,2014,TV-14,135,
s2728,How to Fix a Drug Scandal,TV Show,2020-04-01,20200401,2020,TV-MA,,1
s2729,Humpty Sharma Ki Dulhania,Movie,2020-04-01,20200401,2014,TV-14,131,
s2730,Kaal,Movie,2020-04-01,20200401,2005,TV-14,126,
s2731,Kabhi Alvida Naa Kehna,Movie,2020-04-01,20200401,2006,TV-14,192,
s2732,Kabhi Khushi Kabhie Gham,Movie,2020-04-01,20200401,2001,TV-14,209,
s2733,Kal Ho Naa Ho,Movie,2020-04-01,20200401,2003,TV-14,187,
s2734,Kapoor & Sons,Movie,2020-04-01,20200401,2016,TV-14,138,
s2735,Kuch Kuch Hota Hai,Movie,2020-04-01,20200401,1998,TV-14,185,
s2736,Magnificent,Movie,2020-04-01,20200401,2015,TV-14,143,
s2737,Man Like Mobeen,TV Show,2020-04-01,20200401,2020,TV-MA,,3
s2738,Mighty Raju Rio Calling,Movie,2020-04-01,20200401,2014,TV-Y7,97,
s2739,Muqaddar ka Faisla,Movie,2020-04-01,20200401,1987,TV-14,172,
s2740,Pokémon the Series,TV Show,2020-04-01,20200401,2019,TV-Y7,,3
s2741,Saint Seiya,TV Show,2020-04-01,20200401,1986,TV-14,,6
s2742,SETHUM AAYIRAM PON,Movie,2020-04-01,20200401,2020,TV-MA,103,
s2743,Sunderland 'Til I Die,TV Show,2020-04-01,20200401,2020,TV-MA,,2
s2744,The Iliza Shlesinger Sketch Show,TV Show,2020-04-01,20200401,2020,TV-MA,,1
s2745,The Little Vampire,Movie,2020-04-01,20200401,2017,TV-G,83,
s2746,The Runaways,Movie,2020-04-01,20200401,2010,R,107,
s2747,The Windsors,TV Show,2020-04-01,20200401,2020,TV-MA,,3
s2748,Ungli,Movie,2020-04-01,20200401,2014,TV-14,114,
s2749,Well-Intended Love,TV Show,2020-04-01,20200401,2020,TV-14,,2
s2750,Wildling,Movie,2020-04-01,20200401,2018,R,93,
s2751,A truthful Mother,Movie,2020-03-31,20200331,2020,TV-Y7,85,
s2752,Akbar Birbal,TV Show,2020-03-31,20200331,2019,TV-G,,1
s2753,Bal Ganesh,TV Show,2020-03-31,20200331,2019,TV-Y7,,1
s2754,Dave Chappelle: The Kennedy Center Mark Twain Prize for American Humor,Movie,2020-03-31,20200331,2020,TV-MA,85,
s2755,Greater,Movie,2020-03-31,20200331,2016,PG,131,
s2756,Indian Horse,Movie,2020-03-31,20200331,2017,TV-MA,101,
s2757,Paharganj,Movie,2020-03-31,20200331,2019,TV-MA,107,
s2758,Pretty Little Stalker,Movie,2020-03-31,20200331,2018,TV-14,84,
s2759,Through My Father's Eyes: The Ronda Rousey Story,Movie,2020-03-31,20200331,2019,R,104,
s2760,Tree House Tales,TV Show,2020-03-31,20200331,2019,TV-Y,,1
s2761,Kannum Kannum Kollaiyadithaal,Movie,2020-03-29,20200329,2020,TV-14,160,
s2762,Rugal,TV Show,2020-03-29,20200329,2020,TV-MA,,1
s2763,Rogue Warfare,Movie,2020-03-28,20200328,2019,R,103,
s2764,Dragons: Rescue Riders: Hunt for the Golden Dragon,Movie,2020-03-27,20200327,2020,TV-Y,46,
s2765,Happy!,TV Show,2020-03-27,20200327,2019,TV-MA,,2
s2766,Ladies Up,TV Show,2020-03-27,20200327,2019,TV-MA,,1
s2767,Maska,Movie,2020-03-27,20200327,2020,TV-MA,112,
s2768,Ozark,TV Show,2020-03-27,20200327,2020,TV-MA,,3
s2769,The Decline,Movie,2020-03-27,20200327,2020,TV-MA,83,
s2770,There's Something in the Water,Movie,2020-03-27,20200327,2019,TV-14,72,
s2771,True: Wuzzle Wegg Day,Movie,2020-03-27,20200327,2020,TV-Y,24,
s2772,Uncorked,Movie,2020-03-27,20200327,2020,TV-MA,104,
s2773,Wassup Man GO!,TV Show,2020-03-27,20200327,2020,TV-MA,,1
s2774,Willy and the Guardians of the Lake: Tales from the Lakeside Winter Adventure,Movie,2020-03-27,20200327,2019,TV-Y,72,
s2775,7SEEDS,TV Show,2020-03-26,20200326,2020,TV-MA,,2
s2776,Happy Old Year,Movie,2020-03-26,20200326,2019,TV-MA,113,
s2777,Making Unorthodox,Movie,2020-03-26,20200326,2020,TV-G,21,
s2778,Unorthodox,TV Show,2020-03-26,20200326,2020,TV-MA,,1
s2779,Bethany Hamilton: Unstoppable,Movie,2020-03-25,20200325,2019,PG,100,
s2780,Crip Camp: A Disability Revolution,Movie,2020-03-25,20200325,2020,R,108,
s2781,Curtiz,Movie,2020-03-25,20200325,2018,TV-MA,99,
s2782,The Occupant,Movie,2020-03-25,20200325,2020,TV-MA,104,
s2783,Tom Segura: Ball Hog,Movie,2020-03-24,20200324,2020,TV-MA,70,
s2784,Freud,TV Show,2020-03-23,20200323,2020,TV-MA,,1
s2785,J-Style Trip,TV Show,2020-03-22,20200322,2020,TV-14,,1
s2786,Barbie Dreamhouse Adventures: Go Team Roberts,TV Show,2020-03-21,20200321,2020,TV-Y,,2
s2787,A Life of Speed: The Juan Manuel Fangio Story,Movie,2020-03-20,20200320,2020,TV-14,93,
s2788,Archibald's Next Big Thing,TV Show,2020-03-20,20200320,2020,TV-Y7,,2
s2789,Dino Girl Gauko,TV Show,2020-03-20,20200320,2020,TV-Y7,,2
s2790,El silencio es bienvenido,Movie,2020-03-20,20200320,2017,TV-14,95,
s2791,Greenhouse Academy,TV Show,2020-03-20,20200320,2020,TV-PG,,4
s2792,Self Made: Inspired by the Life of Madam C.J. Walker,TV Show,2020-03-20,20200320,2020,TV-MA,,1
s2793,She,TV Show,2020-03-20,20200320,2020,TV-MA,,1
s2794,The English Game,TV Show,2020-03-20,20200320,2020,TV-14,,1
s2795,The Letter for the King,TV Show,2020-03-20,20200320,2020,TV-PG,,1
s2796,"Tiger King: Murder, Mayhem and Madness",TV Show,2020-03-20,20200320,2020,TV-MA,,1
s2797,Ultras,Movie,2020-03-20,20200320,2020,TV-MA,109,
s2798,Vampires,TV Show,2020-03-20,20200320,2020,TV-MA,,1
s2799,3022,Movie,2020-03-19,20200319,2019,R,91,
s2800,Altered Carbon: Resleeved,Movie,2020-03-19,20200319,2020,TV-MA,75,
s2801,Masameer - The Movie,Movie,2020-03-19,20200319,2020,TV-14,100,
s2802,AllI Wish,Movie,2020-03-18,20200318,2017,R,95,
s2803,Caliphate,TV Show,2020-03-18,20200318,2020,TV-MA,,1
s2804,Lu Over the Wall,Movie,2020-03-18,20200318,2017,PG,113,
s2805,Women Of The Night,TV Show,2020-03-18,20200318,2019,TV-MA,,1
s2806,XV: Beyond the Tryline,Movie,2020-03-18,20200318,2016,TV-14,91,
s2807,Bert Kreischer: Hey Big Boy,Movie,2020-03-17,20200317,2020,TV-MA,62,
s2808,Shaun the Sheep: Adventures from Mossy Bottom,TV Show,2020-03-17,20200317,2020,TV-Y7,,1
s2809,We Speak Dance,TV Show,2020-03-17,20200317,2018,TV-MA,,1
s2810,Search Party,Movie,2020-03-16,20200316,2014,R,93,
s2811,Bypass Road,Movie,2020-03-15,20200315,2019,TV-14,135,
s2812,Digs & Discoveries: All Track's Lead to Rome,Movie,2020-03-15,20200315,2019,TV-Y,23,
s2813,Digs & Discoveries: Mines of Mystery,Movie,2020-03-15,20200315,2019,TV-Y,23,
s2814,Ken Burns Presents: College Behind Bars: A Film by Lynn Novick and Produced by Sarah Botstein,TV Show,2020-03-15,20200315,2019,TV-MA,,1
s2815,Steam Team to the Rescue,Movie,2020-03-15,20200315,2019,TV-Y,23,
s2816,Jai Mummy Di,Movie,2020-03-14,20200314,2020,TV-MA,101,
s2817,100 Humans,TV Show,2020-03-13,20200313,2020,TV-14,,1
s2818,Baby Mamas,Movie,2020-03-13,20200313,2018,TV-14,98,
s2819,Bloodride,TV Show,2020-03-13,20200313,2020,TV-MA,,1
s2820,Go Karts,Movie,2020-03-13,20200313,2020,TV-PG,103,
s2821,Justine,Movie,2020-03-13,20200313,2019,TV-MA,106,
s2822,Kingdom,TV Show,2020-03-13,20200313,2020,TV-MA,,2
s2823,Lost Girls,Movie,2020-03-13,20200313,2020,R,95,
s2824,Miracle in Cell No. 7,Movie,2020-03-13,20200313,2019,TV-14,132,
s2825,The Valhalla Murders,TV Show,2020-03-13,20200313,2020,TV-MA,,1
s2826,Dirty Money,TV Show,2020-03-11,20200311,2020,TV-MA,,2
s2827,On My Block,TV Show,2020-03-11,20200311,2020,TV-14,,3
s2828,The Circle Brazil,TV Show,2020-03-11,20200311,2020,TV-MA,,1
s2829,Carmen Sandiego: To Steal or Not to Steal,Movie,2020-03-10,20200310,2020,TV-Y7,82,
s2830,Marc Maron: End Times Fun,Movie,2020-03-10,20200310,2020,TV-MA,71,
s2831,Sitara: Let Girls Dream,Movie,2020-03-08,20200308,2020,TV-PG,16,
s2832,Alakada Reloaded,Movie,2020-03-06,20200306,2017,TV-MA,104,
s2833,All About Love,Movie,2020-03-06,20200306,2017,TV-MA,79,
s2834,Guilty,Movie,2020-03-06,20200306,2020,TV-MA,120,
s2835,I am Jonas,Movie,2020-03-06,20200306,2019,TV-MA,82,
s2836,Miles Davis: Birth of the Cool,Movie,2020-03-06,20200306,2019,TV-MA,115,
s2837,Spenser Confidential,Movie,2020-03-06,20200306,2020,R,111,
s2838,Twin Murders: the Silence of the White City,Movie,2020-03-06,20200306,2020,TV-MA,110,
s2839,Ugly Delicious,TV Show,2020-03-06,20200306,2020,TV-MA,,2
s2840,93 Days,Movie,2020-03-05,20200305,2016,TV-PG,121,
s2841,Angu Vaikuntapurathu (Malayalam),Movie,2020-03-05,20200305,2020,TV-14,162,
s2842,Mighty Little Bheem: Festival of Colors,TV Show,2020-03-05,20200305,2020,TV-Y,,1
s2843,Tootsies & The Fake,Movie,2020-03-05,20200305,2019,TV-MA,108,
s2844,Aurora,Movie,2020-03-04,20200304,2010,TV-MA,186,
s2845,Lil Peep: Everybody’s Everything,Movie,2020-03-04,20200304,2019,TV-MA,116,
s2846,The Death of Mr. Lazarescu,Movie,2020-03-04,20200304,2005,R,154,
s2847,Velvet,TV Show,2020-03-04,20200304,2016,TV-14,,4
s2848,Freaks,Movie,2020-03-03,20200303,2018,R,105,
s2849,Luccas Neto in: The End of Christmas,Movie,2020-03-03,20200303,2019,TV-Y,71,
s2850,Taylor Tomlinson: Quarter-Life Crisis,Movie,2020-03-03,20200303,2020,TV-MA,61,
s2851,The Last Bomb of the Second World War,Movie,2020-03-03,20200303,2019,TV-14,133,
s2852,Uncovered,Movie,2020-03-03,20200303,2019,TV-MA,98,
s2853,W.E.,Movie,2020-03-03,20200303,2011,R,119,
s2854,Fat Ballerina - David A. Arnold,Movie,2020-03-02,20200302,2020,TV-MA,61,
s2855,Akame ga Kill!,TV Show,2020-03-01,20200301,2014,TV-14,,1
s2856,Babylon Berlin,TV Show,2020-03-01,20200301,2020,TV-MA,,3
s2857,Bhangra Paa Le,Movie,2020-03-01,20200301,2019,TV-14,130,
s2858,Calico Critters Mini Episodes Clover,TV Show,2020-03-01,20200301,2020,TV-Y,,1
s2859,Calico Critters: Everyone's Big Dream Flying in the Sky,Movie,2020-03-01,20200301,2019,TV-Y,11,
s2860,Frank & Lola,Movie,2020-03-01,20200301,2016,TV-MA,87,
s2861,Hugo,Movie,2020-03-01,20200301,2011,PG,127,
s2862,Ordinary World,Movie,2020-03-01,20200301,2016,TV-14,87,
s2863,"Pop, Lock 'n Roll",Movie,2020-03-01,20200301,2017,TV-14,88,
s2864,There Will Be Blood,Movie,2020-03-01,20200301,2007,R,158,
s2865,Velvet Colección: Grand Finale,Movie,2020-03-01,20200301,2020,TV-14,82,
s2866,Voulez-vous rire avec moi ce soir?,Movie,2020-03-01,20200301,2018,TV-MA,93,
s2867,ZZ TOP: THAT LITTLE OL' BAND FROM TEXAS,Movie,2020-03-01,20200301,2019,TV-MA,90,
s2868,All The Bright Places,Movie,2020-02-28,20200228,2020,TV-MA,109,
s2869,Always a Witch,TV Show,2020-02-28,20200228,2019,TV-14,,2
s2870,Amit Tandon: Family Tandoncies,Movie,2020-02-28,20200228,2019,TV-14,72,
s2871,Queen Sono,TV Show,2020-02-28,20200228,2020,TV-MA,,1
s2872,Toy Boy,TV Show,2020-02-28,20200228,2019,TV-MA,,1
s2873,Unstoppable,TV Show,2020-02-28,20200228,2020,TV-MA,,1
s2874,Ala Vaikunthapurramuloo,Movie,2020-02-27,20200227,2020,TV-14,162,
s2875,Altered Carbon,TV Show,2020-02-27,20200227,2020,TV-MA,,2
s2876,Followers,TV Show,2020-02-27,20200227,2020,TV-MA,,1
s2877,Pokémon: Mewtwo Strikes Back - Evolution,Movie,2020-02-27,20200227,2019,TV-Y7,98,
s2878,Six Windows in the Desert,TV Show,2020-02-27,20200227,2020,TV-14,,1
s2879,Couple of Days,Movie,2020-02-26,20200226,2016,TV-14,103,
s2880,Gbomo Gbomo Express,Movie,2020-02-26,20200226,2015,TV-MA,97,
s2881,I Am Not Okay With This,TV Show,2020-02-26,20200226,2020,TV-MA,,1
s2882,Taxi Driver,Movie,2020-02-26,20200226,2015,TV-MA,94,
s2883,The Arbitration,Movie,2020-02-26,20200226,2016,TV-MA,101,
s2884,The Trials of Gabriel Fernandez,TV Show,2020-02-26,20200226,2020,TV-MA,,1
s2885,The Visit,Movie,2020-02-26,20200226,2015,TV-MA,138,
s2886,When Love Happens,Movie,2020-02-26,20200226,2014,TV-14,109,
s2887,Pete Davidson: Alive From New York,Movie,2020-02-25,20200225,2020,TV-MA,50,
s2888,Full Count,Movie,2020-02-23,20200223,2019,TV-PG,110,
s2889,"Hi Bye, Mama!",TV Show,2020-02-23,20200223,2020,TV-14,,1
s2890,Girl on the Third Floor,Movie,2020-02-22,20200222,2019,TV-MA,92,
s2891,Unabomber - In His Own Words,TV Show,2020-02-22,20200222,2018,TV-MA,,1
s2892,Gentefied,TV Show,2020-02-21,20200221,2020,TV-MA,,1
s2893,Hyena,TV Show,2020-02-21,20200221,2020,TV-MA,,1
s2894,Passion. Panache. Pep,TV Show,2020-02-21,20200221,2020,TV-G,,1
s2895,Puerta 7,TV Show,2020-02-21,20200221,2020,TV-MA,,1
s2896,System Crasher,Movie,2020-02-21,20200221,2020,TV-MA,120,
s2897,The Body,Movie,2020-02-21,20200221,2019,TV-14,101,
s2898,The Last Thing He Wanted,Movie,2020-02-21,20200221,2020,R,116,
s2899,Yeh Ballet,Movie,2020-02-21,20200221,2020,TV-MA,117,
s2900,Pretville,Movie,2020-02-20,20200220,2012,TV-PG,95,
s2901,Spectros,TV Show,2020-02-20,20200220,2020,TV-MA,,1
s2902,Untamed Romania,Movie,2020-02-20,20200220,2018,TV-PG,93,
s2903,DreamWorks Shrek's Swamp Stories,TV Show,2020-02-17,20200217,2008,TV-PG,,1
s2904,By the Sea,Movie,2020-02-16,20200216,2015,R,122,
s2905,Miss Virginia,Movie,2020-02-16,20200216,2019,TV-MA,102,
s2906,MR. RIGHT,Movie,2020-02-16,20200216,2015,R,96,
s2907,On the Real,TV Show,2020-02-16,20200216,2017,TV-MA,,1
s2908,Term Life,Movie,2020-02-16,20200216,2016,R,93,
s2909,The Forest,Movie,2020-02-16,20200216,2016,PG-13,93,
s2910,Monster High: Electrified,Movie,2020-02-15,20200215,2017,TV-Y,72,
s2911,Talking Tom and Friends,TV Show,2020-02-15,20200215,2017,TV-Y,,1
s2912,A Shaun the Sheep Movie: Farmageddon,Movie,2020-02-14,20200214,2019,G,87,
s2913,Cuddle Weather,Movie,2020-02-14,20200214,2019,TV-MA,95,
s2914,Fanatyk,Movie,2020-02-14,20200214,2017,TV-MA,33,
s2915,Isi & Ossi,Movie,2020-02-14,20200214,2020,TV-MA,113,
s2916,Liefling,Movie,2020-02-14,20200214,2010,TV-PG,118,
s2917,Panipat - The Great Betrayal,Movie,2020-02-14,20200214,2019,TV-14,171,
s2918,Taj Mahal 1989,TV Show,2020-02-14,20200214,2020,TV-MA,,1
s2919,The Ghost and the Tout,Movie,2020-02-14,20200214,2018,TV-14,100,
s2920,Dragon Quest Your Story,Movie,2020-02-13,20200213,2019,TV-PG,103,
s2921,Love Is Blind,TV Show,2020-02-13,20200213,2021,TV-MA,,1
s2922,Narcos: Mexico,TV Show,2020-02-13,20200213,2020,TV-MA,,2
s2923,Palazuelos mi rey,TV Show,2020-02-13,20200213,2019,TV-14,,1
s2924,Sleepless Society: Insomnia,TV Show,2020-02-13,20200213,2019,TV-MA,,1
s2925,French Toast,Movie,2020-02-12,20200212,2015,TV-PG,86,
s2926,To All the Boys: P.S. I Still Love You,Movie,2020-02-12,20200212,2020,TV-14,102,
s2927,We Bare Bears,TV Show,2020-02-12,20200212,2018,TV-Y,,2
s2928,Captain Underpants Epic Choice-o-Rama,Movie,2020-02-11,20200211,2020,TV-Y7,81,
s2929,Good Time,Movie,2020-02-11,20200211,2017,R,101,
s2930,ROAD TO ROMA,Movie,2020-02-11,20200211,2020,TV-PG,73,
s2931,Love for Sale 2,Movie,2020-02-10,20200210,2019,TV-14,96,
s2932,Better Call Saul,TV Show,2020-02-09,20200209,2018,TV-MA,,4
s2933,Fronteras,Movie,2020-02-09,20200209,2018,TV-MA,106,
s2934,Polaroid,Movie,2020-02-09,20200209,2019,PG-13,88,
s2935,The Coldest Game,Movie,2020-02-08,20200208,2019,TV-MA,103,
s2936,Thottappan,Movie,2020-02-08,20200208,2019,TV-14,139,
s2937,Azali,Movie,2020-02-07,20200207,2018,TV-14,89,
s2938,Dragons: Rescue Riders,TV Show,2020-02-07,20200207,2020,TV-Y,,2
s2939,Fifty: The Series,TV Show,2020-02-07,20200207,2018,TV-14,,2
s2940,Horse Girl,Movie,2020-02-07,20200207,2020,R,104,
s2941,Jada,Movie,2020-02-07,20200207,2019,TV-14,124,
s2942,Locke & Key,TV Show,2020-02-07,20200207,2020,TV-14,,1
s2943,My Holo Love,TV Show,2020-02-07,20200207,2020,TV-14,,1
s2944,The Ballad of Lefty Brown,Movie,2020-02-07,20200207,2017,R,112,
s2945,Who Killed Malcolm X?,TV Show,2020-02-07,20200207,2020,TV-MA,,1
s2946,Cagaster of an Insect Cage,TV Show,2020-02-06,20200206,2020,TV-MA,,1
s2947,Gardeners of Eden,Movie,2020-02-06,20200206,2014,TV-14,70,
s2948,Arrow,TV Show,2020-02-05,20200205,2019,TV-14,,8
s2949,The Pharmacist,TV Show,2020-02-05,20200205,2020,TV-MA,,1
s2950,Uppity: The Willy T. Ribbs Story,Movie,2020-02-05,20200205,2020,TV-MA,106,
s2951,Dragonheart: Vengeance,Movie,2020-02-04,20200204,2020,PG-13,97,
s2952,"Faith, Hope & Love",Movie,2020-02-04,20200204,2019,PG,106,
s2953,Tom Papa: You're Doing Great!,Movie,2020-02-04,20200204,2020,TV-14,60,
s2954,Team Kaylie,TV Show,2020-02-03,20200203,2020,TV-PG,,3
s2955,Thambi,Movie,2020-02-03,20200203,2019,TV-14,148,
s2956,The Silent War,Movie,2020-02-03,20200203,2020,TV-MA,122,
s2957,Chronically Metropolitan,Movie,2020-02-01,20200201,2016,TV-MA,86,
s2958,Hum Aapke Hain Koun,Movie,2020-02-01,20200201,1994,TV-14,193,
s2959,Is It Wrong to Try to Pick Up Girls in a Dungeon?,TV Show,2020-02-01,20200201,2015,TV-MA,,1
s2960,Itaewon Class,TV Show,2020-02-01,20200201,2020,TV-MA,,1
s2961,Justice,Movie,2020-02-01,20200201,2017,R,92,
s2962,Love Jacked,Movie,2020-02-01,20200201,2018,PG-13,94,
s2963,Miraculous: Tales of Ladybug & Cat Noir,TV Show,2020-02-01,20200201,2019,TV-Y7,,5
s2964,Misfit 2,Movie,2020-02-01,20200201,2019,TV-G,82,
s2965,Night on Earth: Shot in the Dark,Movie,2020-02-01,20200201,2020,TV-PG,59,
s2966,No Game No Life,TV Show,2020-02-01,20200201,2014,TV-MA,,1
s2967,Pop Team Epic,TV Show,2020-02-01,20200201,2018,TV-14,,1
s2968,Shopkins,TV Show,2020-02-01,20200201,2014,TV-Y,,1
s2969,The Car: Road to Revenge,Movie,2020-02-01,20200201,2019,TV-MA,89,
s2970,Together For Eternity,Movie,2020-02-01,20200201,1999,TV-G,176,
s2971,37 Seconds,Movie,2020-01-31,20200131,2020,TV-MA,116,
s2972,Diablero,TV Show,2020-01-31,20200131,2020,TV-MA,,2
s2973,Gang of the Caribbean,Movie,2020-01-31,20200131,2016,TV-MA,86,
s2974,Hakkunde,Movie,2020-01-31,20200131,2017,TV-14,93,
s2975,Luna Nera,TV Show,2020-01-31,20200131,2020,TV-MA,,1
s2976,Miss Americana,Movie,2020-01-31,20200131,2020,TV-MA,85,
s2977,Unauthorized Living,TV Show,2020-01-31,20200131,2020,TV-MA,,2
s2978,Ainori Love Wagon: African Journey,TV Show,2020-01-30,20200130,2019,TV-14,,1
s2979,Kevin Hart: I'm a Grown Little Man,Movie,2020-01-30,20200130,2009,TV-MA,62,
s2980,THE STRANGER,TV Show,2020-01-30,20200130,2020,TV-MA,,1
s2981,What the Love! with Karan Johar,TV Show,2020-01-30,20200130,2020,TV-14,,1
s2982,Close Enemies,Movie,2020-01-29,20200129,2018,TV-MA,112,
s2983,Find Yourself,TV Show,2020-01-29,20200129,2020,TV-14,,1
s2984,Night on Earth,TV Show,2020-01-29,20200129,2020,TV-PG,,1
s2985,Omniscient,TV Show,2020-01-29,20200129,2020,TV-MA,,1
s2986,Shimla Mirchi,Movie,2020-01-27,20200127,2020,TV-14,121,
s2987,Sillu Karuppatti,Movie,2020-01-26,20200126,2019,TV-14,133,
s2988,Vir Das: For India,Movie,2020-01-26,20200126,2020,TV-MA,76,
s2989,Menashe,Movie,2020-01-25,20200125,2017,PG,82,
s2990,A Sun,Movie,2020-01-24,20200124,2019,TV-MA,156,
s2991,Die Ontwaking,Movie,2020-01-24,20200124,2015,TV-MA,90,
s2992,Rise of Empires: Ottoman,TV Show,2020-01-24,20200124,2020,TV-MA,,1
s2993,Sons of the Caliphate,TV Show,2020-01-24,20200124,2017,TV-14,,2
s2994,The goop lab with Gwyneth Paltrow,TV Show,2020-01-24,20200124,2020,TV-MA,,1
s2995,The Ranch,TV Show,2020-01-24,20200124,2020,TV-MA,,8
s2996,Airplane Mode,Movie,2020-01-23,20200123,2020,TV-PG,97,
s2997,Alex Fernández: The Best Comedian in the World,Movie,2020-01-23,20200123,2020,TV-MA,51,
s2998,October Faction,TV Show,2020-01-23,20200123,2020,TV-MA,,1
s2999,​SAINT SEIYA: Knights of the Zodiac,TV Show,2020-01-23,20200123,2020,TV-14,,2
s3000,The Ghost Bride,TV Show,2020-01-23,20200123,2020,TV-14,,1
s3001,Pandemic: How to Prevent an Outbreak,TV Show,2020-01-22,20200122,2020,TV-14,,1
s3002,Playing with Fire,TV Show,2020-01-22,20200122,2019,TV-MA,,1
s3003,Whisky,Movie,2020-01-22,20200122,2004,TV-MA,98,
s3004,Fortune Feimster: Sweet & Salty,Movie,2020-01-21,20200121,2020,TV-MA,61,
s3005,KD (A) Karuppudurai,Movie,2020-01-21,20200121,2019,TV-14,116,
s3006,DreamWorks How to Train Your Dragon Legends,TV Show,2020-01-20,20200120,2011,TV-PG,,1
s3007,Motichoor Chaknachoor,Movie,2020-01-20,20200120,2019,TV-14,132,
s3008,WHAT DID JACK DO?,Movie,2020-01-20,20200120,2020,TV-14,17,
s3009,The Bling Ring,Movie,2020-01-18,20200118,2013,R,91,
s3010,A Fall from Grace,Movie,2020-01-17,20200117,2020,TV-MA,121,
s3011,Ares,TV Show,2020-01-17,20200117,2020,TV-MA,,1
s3012,Hip-Hop Evolution,TV Show,2020-01-17,20200117,2020,TV-MA,,4
s3013,Nailed It! Germany,TV Show,2020-01-17,20200117,2020,TV-14,,1
s3014,Tiny House Nation,TV Show,2020-01-17,20200117,2019,TV-PG,,2
s3015,Deadcon,Movie,2020-01-16,20200116,2019,TV-14,78,
s3016,Handsome Siblings,TV Show,2020-01-16,20200116,2020,TV-14,,1
s3017,Hop,Movie,2020-01-16,20200116,2011,PG,95,
s3018,Jezebel,Movie,2020-01-16,20200116,2019,TV-MA,86,
s3019,Legend,Movie,2020-01-16,20200116,2015,R,132,
s3020,NiNoKuni,Movie,2020-01-16,20200116,2019,TV-14,107,
s3021,Soul Eater,TV Show,2020-01-16,20200116,2008,TV-14,,1
s3022,Steve Jobs,Movie,2020-01-16,20200116,2015,R,122,
s3023,Bulbul Can Sing,Movie,2020-01-15,20200115,2018,TV-14,95,
s3024,Eye For An Eye,Movie,2020-01-15,20200115,2019,TV-MA,108,
s3025,Killer Inside: The Mind of Aaron Hernandez,TV Show,2020-01-15,20200115,2020,TV-MA,,1
s3026,MindGamers,Movie,2020-01-15,20200115,2017,R,99,
s3027,The Brave,Movie,2020-01-15,20200115,2019,TV-MA,103,
s3028,Leslie Jones: Time Machine,Movie,2020-01-14,20200114,2020,TV-MA,66,
s3029,The Ollie & Moon Show,TV Show,2020-01-14,20200114,2018,TV-Y,,1
s3030,Women of Mafia 2,Movie,2020-01-14,20200114,2019,TV-MA,132,
s3031,The Healing Powers of Dude,TV Show,2020-01-13,20200113,2020,TV-G,,1
s3032,Betty White: First Lady of Television,Movie,2020-01-12,20200112,2018,TV-14,56,
s3033,Made in China,Movie,2020-01-12,20200112,2019,TV-MA,128,
s3034,AJ and the Queen,TV Show,2020-01-10,20200110,2020,TV-14,,1
s3035,Giri / Haji,TV Show,2020-01-10,20200110,2019,TV-MA,,1
s3036,Harvey Street Kids,TV Show,2020-01-10,20200110,2020,TV-Y7,,4
s3037,Jamtara - Sabka Number Ayega,TV Show,2020-01-10,20200110,2020,TV-MA,,1
s3038,Medical Police,TV Show,2020-01-10,20200110,2020,TV-MA,,1
s3039,Monsters: Dark Continent,Movie,2020-01-10,20200110,2014,R,119,
s3040,The InBESTigators,TV Show,2020-01-10,20200110,2020,TV-Y,,2
s3041,Until Dawn,TV Show,2020-01-10,20200110,2020,TV-MA,,1
s3042,Bulletproof 2,Movie,2020-01-09,20200109,2020,TV-MA,97,
s3043,Cheer,TV Show,2020-01-08,20200108,2020,TV-MA,,1
s3044,A Ghost Story,Movie,2020-01-07,20200107,2017,R,92,
s3045,"Live Twice, Love Once",Movie,2020-01-07,20200107,2020,TV-MA,102,
s3046,Dracula,TV Show,2020-01-04,20200104,2020,TV-14,,1
s3047,All the Freckles in the World,Movie,2020-01-03,20200103,2020,TV-14,90,
s3048,Anne with an E,TV Show,2020-01-03,20200103,2019,TV-PG,,3
s3049,Half Girlfriend,Movie,2020-01-02,20200102,2017,TV-14,129,
s3050,"Sex, Explained",TV Show,2020-01-02,20200102,2020,TV-MA,,1
s3051,Thieves of the Wood,TV Show,2020-01-02,20200102,2019,TV-MA,,1
s3052,Aruna & Her Palate,Movie,2020-01-01,20200101,2018,TV-14,106,
s3053,Because This Is My First Life,TV Show,2020-01-01,20200101,2017,TV-14,,1
s3054,Border Security: America's Front Line,TV Show,2020-01-01,20200101,2018,TV-14,,1
s3055,Breaking the Bank,Movie,2020-01-01,20200101,2014,TV-PG,105,
s3056,Cells at Work!,TV Show,2020-01-01,20200101,2018,TV-PG,,1
s3057,Chhota Bheem Kung Fu Dhamaka Series,TV Show,2020-01-01,20200101,2019,TV-Y7,,1
s3058,Garfield Gets Real,Movie,2020-01-01,20200101,2007,TV-Y,78,
s3059,Garfield's Fun Fest,Movie,2020-01-01,20200101,2008,TV-Y7,79,
s3060,Garfield's Pet Force,Movie,2020-01-01,20200101,2009,G,78,
s3061,Ghost Stories,Movie,2020-01-01,20200101,2020,TV-MA,145,
s3062,Jeff Dunham: Unhinged in Hollywood,Movie,2020-01-01,20200101,2015,TV-MA,71,
s3063,Jimmy Neutron: Boy Genius,Movie,2020-01-01,20200101,2001,G,83,
s3064,Live Up To Your Name,TV Show,2020-01-01,20200101,2017,TV-MA,,1
s3065,Luccas Neto in: Children's Day,Movie,2020-01-01,20200101,2019,TV-G,81,
s3066,Messiah,TV Show,2020-01-01,20200101,2020,TV-MA,,1
s3067,Mia and Me,TV Show,2020-01-01,20200101,2017,TV-Y7,,2
s3068,"Nisman: The Prosecutor, the President, and the Spy",TV Show,2020-01-01,20200101,2020,TV-MA,,1
s3069,Pan's Labyrinth,Movie,2020-01-01,20200101,2006,R,119,
s3070,Pokémon the Movie: Power of Us,Movie,2020-01-01,20200101,2018,TV-Y7,98,
s3071,Posesif,Movie,2020-01-01,20200101,2017,TV-MA,102,
s3072,Reply 1988,TV Show,2020-01-01,20200101,2015,TV-14,,1
s3073,Riot,Movie,2020-01-01,20200101,2015,TV-MA,88,
s3074,Road Trip: Beer Pong,Movie,2020-01-01,20200101,2009,R,97,
s3075,Save Me,TV Show,2020-01-01,20200101,2017,TV-MA,,1
s3076,Spinning Out,TV Show,2020-01-01,20200101,2020,TV-MA,,1
s3077,The Bride of Habaek,TV Show,2020-01-01,20200101,2017,TV-14,,1
s3078,Aaviri,Movie,2019-12-31,20191231,2019,TV-14,110,
s3079,Albert Pinto Ko Gussa Kyun Aata Hai?,Movie,2019-12-31,20191231,2019,TV-MA,85,
s3080,ARASHI's Diary -Voyage-,TV Show,2019-12-31,20191231,2019,TV-PG,,1
s3081,Benchwarmers 2: Breaking Balls,Movie,2019-12-31,20191231,2019,PG-13,90,
s3082,How High 2,Movie,2019-12-31,20191231,2019,TV-MA,89,
s3083,Occupied,TV Show,2019-12-31,20191231,2019,TV-MA,,3
s3084,Pucca: Love Recipe,TV Show,2019-12-31,20191231,2018,TV-Y7,,1
s3085,Rainbow Ruby,TV Show,2019-12-31,20191231,2016,TV-Y,,1
s3086,Robot Trains,TV Show,2019-12-31,20191231,2018,TV-Y7,,2
s3087,The Degenerates,TV Show,2019-12-31,20191231,2019,TV-MA,,2
s3088,Yanxi Palace: Princess Adventures,TV Show,2019-12-31,20191231,2019,TV-14,,1
s3089,The Disastrous Life of Saiki K.: Reawakened,TV Show,2019-12-30,20191230,2019,TV-14,,1
s3090,Hot Gimmick: Girl Meets Boy,Movie,2019-12-28,20191228,2019,TV-MA,120,
s3091,Blitz Patrollie,Movie,2019-12-27,20191227,2013,TV-MA,102,
s3092,"El Pepe, a Supreme Life",Movie,2019-12-27,20191227,2018,TV-14,73,
s3093,Kevin Hart: Don’t F**k This Up,TV Show,2019-12-27,20191227,2019,TV-MA,,1
s3094,The Vendor,Movie,2019-12-27,20191227,2018,TV-MA,103,
s3095,The App,Movie,2019-12-26,20191226,2019,TV-MA,79,
s3096,The Bonfire of Destiny,TV Show,2019-12-26,20191226,2019,TV-MA,,1
s3097,You,TV Show,2019-12-26,20191226,2019,TV-MA,,2
s3098,Doom: Annihilation,Movie,2019-12-25,20191225,2019,R,97,
s3099,Fireworks,Movie,2019-12-25,20191225,2017,TV-PG,91,
s3100,Grand-Daddy Day Care,Movie,2019-12-25,20191225,2019,PG-13,96,
s3101,Jarhead: Law of Return,Movie,2019-12-25,20191225,2019,R,103,
s3102,MFKZ,Movie,2019-12-25,20191225,2017,R,95,
s3103,Sweetheart,Movie,2019-12-25,20191225,2019,PG-13,83,
s3104,CAROLE & TUESDAY,TV Show,2019-12-24,20191224,2019,TV-MA,,2
s3105,Como caído del cielo,Movie,2019-12-24,20191224,2019,TV-14,117,
s3106,John Mulaney & The Sack Lunch Bunch,Movie,2019-12-24,20191224,2019,TV-PG,70,
s3107,Lost in Space,TV Show,2019-12-24,20191224,2019,TV-PG,,2
s3108,Jacob's Ladder,Movie,2019-12-22,20191222,2019,R,90,
s3109,Private Practice,TV Show,2019-12-22,20191222,2012,TV-14,,6
s3110,Back of the Net,Movie,2019-12-21,20191221,2019,TV-Y,86,
s3111,Lost in London,Movie,2019-12-21,20191221,2017,TV-PG,86,
s3112,Agent,TV Show,2019-12-20,20191220,2019,TV-MA,,1
s3113,Being Mrs Elliot,Movie,2019-12-20,20191220,2014,TV-14,113,
s3114,Falz Experience,Movie,2019-12-20,20191220,2018,TV-MA,82,
s3115,Iyore,Movie,2019-12-20,20191220,2015,TV-PG,141,
s3116,The First Lady,Movie,2019-12-20,20191220,2015,TV-MA,107,
s3117,The Two Popes,Movie,2019-12-20,20191220,2019,PG-13,126,
s3118,The Witcher,TV Show,2019-12-20,20191220,2019,TV-MA,,1
s3119,After the Raid,Movie,2019-12-19,20191219,2019,TV-PG,25,
s3120,Twice Upon A Time,TV Show,2019-12-19,20191219,2019,TV-MA,,1
s3121,Ultraviolet,TV Show,2019-12-19,20191219,2019,TV-MA,,2
s3122,Don't F**k with Cats: Hunting an Internet Killer,TV Show,2019-12-18,20191218,2019,TV-MA,,1
s3123,Soundtrack,TV Show,2019-12-18,20191218,2019,TV-MA,,1
s3124,Ronny Chieng: Asian Comedian Destroys America!,Movie,2019-12-17,20191217,2019,TV-MA,63,
s3125,"Sincerely Yours, Dhaka",Movie,2019-12-16,20191216,2018,TV-MA,136,
s3126,The Danish Girl,Movie,2019-12-16,20191216,2015,R,120,
s3127,Bangistan,Movie,2019-12-15,20191215,2015,TV-14,134,
s3128,Cinderella and the Four Knights,TV Show,2019-12-15,20191215,2016,TV-PG,,1
s3129,Cocomong,TV Show,2019-12-15,20191215,2015,TV-Y,,2
s3130,Crash Landing on You,TV Show,2019-12-15,20191215,2019,TV-14,,1
s3131,"Crazy, Lovely, Cool",TV Show,2019-12-15,20191215,2018,TV-MA,,1
s3132,Dil Chahta Hai,Movie,2019-12-15,20191215,2001,TV-14,185,
s3133,Dil Dhadakne Do,Movie,2019-12-15,20191215,2015,TV-MA,174,
s3134,Don,Movie,2019-12-15,20191215,2006,TV-14,169,
s3135,Don 2,Movie,2019-12-15,20191215,2011,TV-14,148,
s3136,Fukrey,Movie,2019-12-15,20191215,2013,TV-14,135,
s3137,Game,Movie,2019-12-15,20191215,2011,TV-14,135,
s3138,Girls und Panzer,TV Show,2019-12-15,20191215,2012,TV-PG,,1
s3139,Holy Expectations,Movie,2019-12-15,20191215,2019,TV-14,89,
s3140,Honeymoon Travels Pvt. Ltd.,Movie,2019-12-15,20191215,2007,TV-14,119,
s3141,Isoken,Movie,2019-12-15,20191215,2017,TV-14,98,
s3142,Karthik Calling Karthik,Movie,2019-12-15,20191215,2010,TV-14,135,
s3143,Lakshya,Movie,2019-12-15,20191215,2004,TV-PG,185,
s3144,Luck by Chance,Movie,2019-12-15,20191215,2009,TV-14,156,
s3145,Potato Potahto,Movie,2019-12-15,20191215,2017,TV-MA,104,
s3146,Rock On!!,Movie,2019-12-15,20191215,2008,TV-14,139,
s3147,Scooby-Doo!: Mystery Incorporated,TV Show,2019-12-15,20191215,2012,TV-Y7,,2
s3148,Talaash,Movie,2019-12-15,20191215,2012,TV-14,140,
s3149,What's New Scooby-Doo?,TV Show,2019-12-15,20191215,2005,TV-Y7,,3
s3150,Zindagi Na Milegi Dobara,Movie,2019-12-15,20191215,2011,TV-14,154,
s3151,6 Underground,Movie,2019-12-13,20191213,2019,R,129,
s3152,A Trip to Jamaica,Movie,2019-12-13,20191213,2016,TV-MA,99,
s3153,My Wife and I,Movie,2019-12-13,20191213,2017,TV-MA,100,
s3154,Okafor's Law,Movie,2019-12-13,20191213,2016,TV-14,110,
s3155,Seven and a half dates,Movie,2019-12-13,20191213,2018,TV-14,107,
s3156,The 9th Precinct,Movie,2019-12-13,20191213,2019,TV-MA,95,
s3157,Zero Hour,Movie,2019-12-13,20191213,2018,TV-MA,89,
s3158,Jack Whitehall: Christmas with My Father,Movie,2019-12-12,20191212,2019,TV-MA,65,
s3159,The Sky Is Pink,Movie,2019-12-11,20191211,2019,TV-MA,143,
s3160,Good and Prosperous,Movie,2019-12-10,20191210,2017,TV-14,101,
s3161,Michelle Wolf: Joke Show,Movie,2019-12-10,20191210,2019,TV-MA,60,
s3162,A Family Reunion Christmas,Movie,2019-12-09,20191209,2019,TV-PG,29,
s3163,It Comes at Night,Movie,2019-12-09,20191209,2017,R,92,
s3164,Saaho,Movie,2019-12-08,20191208,2019,TV-14,172,
s3165,Nothing to Lose 2,Movie,2019-12-07,20191207,2019,PG-13,97,
s3166,Astronomy Club: The Sketch Show,TV Show,2019-12-06,20191206,2019,TV-MA,,1
s3167,Banana Island Ghost,Movie,2019-12-06,20191206,2017,TV-14,108,
s3168,Celebrity Marriage,Movie,2019-12-06,20191206,2017,TV-14,107,
s3169,Fuller House,TV Show,2019-12-06,20191206,2020,TV-PG,,5
s3170,Marriage Story,Movie,2019-12-06,20191206,2019,R,137,
s3171,No Game No Life: Zero,Movie,2019-12-06,20191206,2017,TV-MA,106,
s3172,Slow Country,Movie,2019-12-06,20191206,2017,TV-MA,115,
s3173,Spirit Riding Free: Spirit of Christmas,Movie,2019-12-06,20191206,2019,TV-Y7,46,
s3174,Teasing Master Takagi-san,TV Show,2019-12-06,20191206,2019,TV-PG,,1
s3175,The Chosen One,TV Show,2019-12-06,20191206,2019,TV-MA,,2
s3176,The Confession Killer,TV Show,2019-12-06,20191206,2019,TV-14,,1
s3177,Three Days of Christmas,TV Show,2019-12-06,20191206,2019,TV-MA,,1
s3178,Triad Princess,TV Show,2019-12-06,20191206,2019,TV-MA,,1
s3179,Wives on Strike,Movie,2019-12-06,20191206,2016,TV-14,92,
s3180,Wives on Strike: The Revolution,Movie,2019-12-06,20191206,2017,TV-PG,93,
s3181,A Christmas Prince: The Royal Baby,Movie,2019-12-05,20191205,2019,TV-PG,85,
s3182,The Irishman: In Conversation,Movie,2019-12-05,20191205,2019,TV-MA,24,
s3183,V Wars,TV Show,2019-12-05,20191205,2019,TV-MA,,1
s3184,The Last O.G.,TV Show,2019-12-04,20191204,2019,TV-MA,,2
s3185,The Prince of Tennis ~ Match! Tennis Juniors ~,TV Show,2019-12-04,20191204,2019,TV-PG,,1
s3186,The Road to Love,TV Show,2019-12-04,20191204,2019,TV-14,,1
s3187,Tiffany Haddish: Black Mitzvah,Movie,2019-12-03,20191203,2019,TV-MA,56,
s3188,Nightflyers,TV Show,2019-12-02,20191202,2018,TV-MA,,1
s3189,A Cinderella Story: Christmas Wish,Movie,2019-12-01,20191201,2019,PG,86,
s3190,Baby Dolls,Movie,2019-12-01,20191201,2019,TV-PG,127,
s3191,Cut Bank,Movie,2019-12-01,20191201,2014,R,93,
s3192,Dead Kids,Movie,2019-12-01,20191201,2019,TV-MA,94,
s3193,Eastsiders,TV Show,2019-12-01,20191201,2018,TV-MA,,4
s3194,High End Yaariyan,Movie,2019-12-01,20191201,2019,TV-14,120,
s3195,Iron Fists and Kung-Fu Kicks,Movie,2019-12-01,20191201,2019,TV-MA,108,
s3196,Jindua,Movie,2019-12-01,20191201,2017,TV-14,135,
s3197,Lakeeran,Movie,2019-12-01,20191201,2016,TV-PG,111,
s3198,Mahi NRI,Movie,2019-12-01,20191201,2017,TV-14,134,
s3199,Qismat,Movie,2019-12-01,20191201,2018,TV-PG,137,
s3200,Space Jungle,TV Show,2019-12-01,20191201,2016,TV-Y,,2
s3201,Tee Shot: Ariya Jutanugarn,Movie,2019-12-01,20191201,2019,TV-14,103,
s3202,Thug Life,Movie,2019-12-01,20191201,2017,TV-14,133,
s3203,Wandering Stars,Movie,2019-12-01,20191201,2019,TV-MA,95,
s3204,Why Me?,Movie,2019-12-01,20191201,2015,TV-MA,126,
s3205,Chocolate,TV Show,2019-11-30,20191130,2019,TV-14,,1
s3206,Guatemala: Heart of the Mayan World,Movie,2019-11-30,20191130,2019,TV-G,67,
s3207,The Zoya Factor,Movie,2019-11-30,20191130,2019,TV-14,135,
s3208,Atlantics,Movie,2019-11-29,20191129,2019,TV-14,106,
s3209,Chip and Potato,TV Show,2019-11-29,20191129,2019,TV-Y,,2
s3210,Crazy people,Movie,2019-11-29,20191129,2018,TV-MA,107,
s3211,I Lost My Body,Movie,2019-11-29,20191129,2019,TV-MA,81,
s3212,Kalushi: The Story of Solomon Mahlangu,Movie,2019-11-29,20191129,2016,TV-MA,107,
s3213,La Reina del Sur,TV Show,2019-11-29,20191129,2019,TV-MA,,2
s3214,Lagos Real Fake Life,Movie,2019-11-29,20191129,2018,TV-MA,118,
s3215,Payday,Movie,2019-11-29,20191129,2018,TV-MA,110,
s3216,The Accidental Spy,Movie,2019-11-29,20191129,2017,TV-MA,104,
s3217,The Charming Stepmom,TV Show,2019-11-29,20191129,2019,TV-14,,1
s3218,The Island,Movie,2019-11-29,20191129,2018,TV-14,93,
s3219,Holiday Rush,Movie,2019-11-28,20191128,2019,TV-PG,94,
s3220,Levius,TV Show,2019-11-28,20191128,2019,TV-14,,1
s3221,Lugar de Mulher,TV Show,2019-11-28,20191128,2019,TV-MA,,1
s3222,Merry Happy Whatever,TV Show,2019-11-28,20191128,2019,TV-PG,,1
s3223,Mythomaniac,TV Show,2019-11-28,20191128,2019,TV-MA,,1
s3224,Defiance,Movie,2019-11-27,20191127,2008,R,137,
s3225,Evvarikee Cheppoddu,Movie,2019-11-27,20191127,2019,TV-14,134,
s3226,Little Singham: Mahabali,Movie,2019-11-27,20191127,2019,TV-Y7,69,
s3227,The Body Remembers When the World Broke Open,Movie,2019-11-27,20191127,2019,TV-MA,106,
s3228,The Irishman,Movie,2019-11-27,20191127,2019,R,209,
s3229,Mike Birbiglia: The New One,Movie,2019-11-26,20191126,2019,TV-MA,86,
s3230,Super Monsters Save Christmas,Movie,2019-11-26,20191126,2019,TV-Y,24,
s3231,The Crime,TV Show,2019-11-26,20191126,2015,TV-MA,,2
s3232,True: Winter Wishes,Movie,2019-11-26,20191126,2019,TV-Y,46,
s3233,Zona Rosa,TV Show,2019-11-26,20191126,2019,TV-MA,,1
s3234,Pranaam,Movie,2019-11-25,20191125,2019,TV-14,117,
s3235,What the F* Is Going On?,Movie,2019-11-25,20191125,2019,TV-MA,87,
s3236,Shot Caller,Movie,2019-11-24,20191124,2017,R,121,
s3237,Once Upon A Time In Lingjian Mountain,TV Show,2019-11-23,20191123,2019,TV-14,,1
s3238,Brother,Movie,2019-11-22,20191122,2019,TV-MA,97,
s3239,Dolly Parton's Heartstrings,TV Show,2019-11-22,20191122,2019,TV-14,,1
s3240,Girls und Panzer der Film,Movie,2019-11-22,20191122,2015,TV-MA,121,
s3241,Mike Birbiglia: What I Should Have Said Was Nothing: Tales from My Secret Public Journal,Movie,2019-11-22,20191122,2008,TV-MA,56,
s3242,Nailed It! Holiday!,TV Show,2019-11-22,20191122,2019,TV-PG,,2
s3243,Narcoworld: Dope Stories,TV Show,2019-11-22,20191122,2019,TV-MA,,1
s3244,Nobody's Looking,TV Show,2019-11-22,20191122,2019,TV-MA,,1
s3245,Shelby American,Movie,2019-11-22,20191122,2019,TV-MA,119,
s3246,Singapore Social,TV Show,2019-11-22,20191122,2019,TV-MA,,1
s3247,The Dragon Prince,TV Show,2019-11-22,20191122,2019,TV-Y7,,3
s3248,Trolls: The Beat Goes On!,TV Show,2019-11-22,20191122,2019,TV-Y7,,8
s3249,The Knight Before Christmas,Movie,2019-11-21,20191121,2019,TV-14,93,
s3250,Bangkok Buddies,TV Show,2019-11-20,20191120,2019,TV-MA,,1
s3251,"Bikram: Yogi, Guru, Predator",Movie,2019-11-20,20191120,2019,TV-MA,86,
s3252,Dorasaani,Movie,2019-11-20,20191120,2019,TV-14,134,
s3253,Holiday Secrets,TV Show,2019-11-20,20191120,2019,TV-MA,,1
s3254,"Lorena, Light-Footed Woman",Movie,2019-11-20,20191120,2019,TV-G,28,
s3255,Mallesham,Movie,2019-11-20,20191120,2019,TV-14,131,
s3256,Who Killed Little Gregory?,TV Show,2019-11-20,20191120,2019,TV-MA,,1
s3257,Iliza Shlesinger: Unveiled,Movie,2019-11-19,20191119,2019,TV-MA,78,
s3258,Miss Culinary,TV Show,2019-11-19,20191119,2019,TV-14,,1
s3259,Candy Online,TV Show,2019-11-17,20191117,2019,TV-MA,,1
s3260,Iron Sky: The Coming Race,Movie,2019-11-16,20191116,2019,TV-MA,93,
s3261,Jeff Dunham: All Over the Map,Movie,2019-11-16,20191116,2014,TV-MA,84,
s3262,Suffragette,Movie,2019-11-16,20191116,2015,PG-13,107,
s3263,The Green Inferno,Movie,2019-11-16,20191116,2013,R,101,
s3264,At the Dolphin Bay,TV Show,2019-11-15,20191115,2003,TV-14,,1
s3265,Earthquake Bird,Movie,2019-11-15,20191115,2019,R,107,
s3266,El sendero de la anaconda,Movie,2019-11-15,20191115,2019,TV-14,74,
s3267,GO! The Unforgettable Party,Movie,2019-11-15,20191115,2019,TV-PG,60,
s3268,Guna 369,Movie,2019-11-15,20191115,2019,TV-MA,143,
s3269,House Arrest,Movie,2019-11-15,20191115,2019,TV-14,105,
s3270,I'm with the Band: Nasty Cherry,TV Show,2019-11-15,20191115,2019,TV-MA,,1
s3271,Inheritors,TV Show,2019-11-15,20191115,2013,TV-14,,1
s3272,K-On!,TV Show,2019-11-15,20191115,2010,TV-PG,,2
s3273,K-on! the movie,Movie,2019-11-15,20191115,2011,TV-PG,110,
s3274,Klaus,Movie,2019-11-15,20191115,2019,PG,98,
s3275,La Robe De Mariee Des Cieux,TV Show,2019-11-15,20191115,2004,TV-MA,,1
s3276,Llama Llama,TV Show,2019-11-15,20191115,2019,TV-Y,,2
s3277,My MVP Valentine,TV Show,2019-11-15,20191115,2002,TV-PG,,1
s3278,My Sassy Girl,TV Show,2019-11-15,20191115,2017,TV-14,,1
s3279,SunGanges,Movie,2019-11-15,20191115,2018,TV-14,74,
s3280,The Club,TV Show,2019-11-15,20191115,2019,TV-MA,,1
s3281,The Garden of Words,Movie,2019-11-15,20191115,2013,TV-14,46,
s3282,The Stranded,TV Show,2019-11-15,20191115,2019,TV-MA,,1
s3283,The Toys That Made Us,TV Show,2019-11-15,20191115,2019,TV-14,,3
s3284,The Yard,TV Show,2019-11-15,20191115,2019,TV-MA,,2
s3285,Westside Story,TV Show,2019-11-15,20191115,2003,TV-14,,1
s3286,Fadily Camara : La plus drôle de tes copines,Movie,2019-11-14,20191114,2019,TV-MA,54,
s3287,My Dear Warrior,TV Show,2019-11-14,20191114,2019,TV-14,,1
s3288,Maradona in Mexico,TV Show,2019-11-13,20191113,2020,TV-MA,,1
s3289,Chief of Staff,TV Show,2019-11-12,20191112,2019,TV-14,,2
s3290,Jeff Garlin: Our Man In Chicago,Movie,2019-11-12,20191112,2019,TV-MA,59,
s3291,A Single Man,Movie,2019-11-11,20191111,2009,R,100,
s3292,Put Your Head on My Shoulder,TV Show,2019-11-11,20191111,2019,TV-14,,1
s3293,To Be of Service,Movie,2019-11-11,20191111,2019,TV-MA,88,
s3294,Little Things,TV Show,2019-11-09,20191109,2019,TV-MA,,3
s3295,Greatest Events of WWII in Colour,TV Show,2019-11-08,20191108,2019,TV-14,,1
s3296,Green Eggs and Ham,TV Show,2019-11-08,20191108,2019,TV-Y7,,1
s3297,Let It Snow,Movie,2019-11-08,20191108,2019,PG-13,93,
s3298,Paradise Beach,Movie,2019-11-08,20191108,2019,TV-MA,94,
s3299,Wild District,TV Show,2019-11-08,20191108,2019,TV-MA,,2
s3300,U Turn,Movie,2019-11-07,20191107,2016,TV-14,121,
s3301,Burning Cane,Movie,2019-11-06,20191106,2019,TV-MA,78,
s3302,SCAMS,TV Show,2019-11-06,20191106,2019,TV-14,,1
s3303,Shadow,Movie,2019-11-06,20191106,2018,TV-14,116,
s3304,Luccas Neto in: Summer Camp,Movie,2019-11-05,20191105,2019,TV-G,87,
s3305,Sam & Cat,TV Show,2019-11-05,20191105,2014,TV-PG,,2
s3306,Seth Meyers: Lobby Baby,Movie,2019-11-05,20191105,2019,TV-MA,61,
s3307,The End of the F***ing World,TV Show,2019-11-05,20191105,2019,TV-MA,,2
s3308,The Lovers,Movie,2019-11-05,20191105,2017,R,98,
s3309,Tune in for Love,Movie,2019-11-05,20191105,2019,TV-MA,123,
s3310,Undercover Brother 2,Movie,2019-11-05,20191105,2019,R,85,
s3311,Meet the Adebanjos,TV Show,2019-11-04,20191104,2016,TV-PG,,3
s3312,Minimalism: A Documentary About the Important Things,Movie,2019-11-04,20191104,2016,TV-14,78,
s3313,Oththa Seruppu Size 7,Movie,2019-11-04,20191104,2019,TV-MA,103,
s3314,The Devil Next Door,TV Show,2019-11-04,20191104,2019,TV-MA,,1
s3315,100 Things to do Before High School,Movie,2019-11-02,20191102,2014,TV-Y,44,
s3316,A Fairly Odd Summer,Movie,2019-11-02,20191102,2014,TV-Y7,68,
s3317,Bella and the Bulldogs,TV Show,2019-11-02,20191102,2015,TV-G,,1
s3318,Big Time Movie,Movie,2019-11-02,20191102,2012,TV-PG,68,
s3319,Escape from Mr. Lemoncello’s Library,Movie,2019-11-02,20191102,2017,TV-Y,69,
s3320,Hey Arnold! The Jungle Movie,Movie,2019-11-02,20191102,2017,TV-PG,81,
s3321,Jinxed,Movie,2019-11-02,20191102,2013,TV-Y,69,
s3322,LEGENDS OF THE HIDDEN TEMPLE,Movie,2019-11-02,20191102,2016,TV-PG,68,
s3323,"Liar, Liar, Vampire",Movie,2019-11-02,20191102,2015,TV-PG,68,
s3324,The Boy Who Cried Werewolf,Movie,2019-11-02,20191102,2010,TV-Y,86,
s3325,The Massively Mixed-Up Middle School Mystery,Movie,2019-11-02,20191102,2015,TV-Y,40,
s3326,Victorious,TV Show,2019-11-02,20191102,2013,TV-G,,3
s3327,A Remarkable Tale,Movie,2019-11-01,20191101,2019,TV-MA,94,
s3328,A Year In Space,TV Show,2019-11-01,20191101,2015,TV-PG,,1
s3329,Ad Vitam,TV Show,2019-11-01,20191101,2018,TV-MA,,1
s3330,American Son,Movie,2019-11-01,20191101,2019,TV-MA,90,
s3331,Billy on the Street,TV Show,2019-11-01,20191101,2016,TV-14,,4
s3332,Christmas in the Heartland,Movie,2019-11-01,20191101,2017,TV-PG,112,
s3333,Christmas Survival,Movie,2019-11-01,20191101,2018,TV-MA,101,
s3334,CLANNAD,TV Show,2019-11-01,20191101,2008,TV-PG,,2
s3335,Drive,Movie,2019-11-01,20191101,2019,TV-14,119,
s3336,Fire in Paradise,Movie,2019-11-01,20191101,2019,TV-MA,40,
s3337,Haikyu!!,TV Show,2019-11-01,20191101,2015,TV-14,,2
s3338,Holiday in the Wild,Movie,2019-11-01,20191101,2019,TV-PG,86,
s3339,Holly Star,Movie,2019-11-01,20191101,2018,PG,92,
s3340,"Love, Chunibyo & Other Delusions!",TV Show,2019-11-01,20191101,2014,TV-PG,,2
s3341,Maid-Sama!,TV Show,2019-11-01,20191101,2010,TV-14,,1
s3342,Mobile Suit Gundam: Iron-Blooded Orphans,TV Show,2019-11-01,20191101,2016,TV-14,,2
s3343,Queer Eye: We're in Japan!,TV Show,2019-11-01,20191101,2019,TV-14,,1
s3344,Santa Girl,Movie,2019-11-01,20191101,2019,TV-PG,91,
s3345,The Boulet Brothers Dragula,TV Show,2019-11-01,20191101,2019,TV-MA,,2
s3346,The Deep,TV Show,2019-11-01,20191101,2019,TV-Y7,,3
s3347,The House of Flowers Presents: The Funeral,Movie,2019-11-01,20191101,2019,TV-MA,36,
s3348,The King,Movie,2019-11-01,20191101,2019,R,141,
s3349,The Man Without Gravity,Movie,2019-11-01,20191101,2019,TV-MA,107,
s3350,The Old Thieves: The Legend of Artegios,Movie,2019-11-01,20191101,2007,TV-MA,97,
s3351,True: Grabbleapple Harvest,Movie,2019-11-01,20191101,2019,TV-Y,24,
s3352,Vientos de agua,TV Show,2019-11-01,20191101,2006,TV-MA,,1
s3353,We Are the Wave,TV Show,2019-11-01,20191101,2019,TV-MA,,1
s3354,Zoé: Panoramas,Movie,2019-11-01,20191101,2016,TV-MA,89,
s3355,Grego Rossello: Disculpe las molestias,Movie,2019-10-31,20191031,2019,TV-MA,65,
s3356,KENGAN ASHURA,TV Show,2019-10-31,20191031,2019,TV-MA,,2
s3357,Nowhere Man,TV Show,2019-10-31,20191031,2019,TV-MA,,1
s3358,Sleepless Society: Bedtime Wishes,TV Show,2019-10-31,20191031,2019,TV-MA,,1
s3359,"Bring It On, Ghost",TV Show,2019-10-30,20191030,2016,TV-14,,1
s3360,Mehandi Circus,Movie,2019-10-30,20191030,2019,TV-MA,126,
s3361,Tomorrow with You,TV Show,2019-10-30,20191030,2017,TV-14,,1
s3362,Tunnel,TV Show,2019-10-30,20191030,2019,TV-14,,1
s3363,Arsenio Hall: Smart & Classy,Movie,2019-10-29,20191029,2019,TV-MA,63,
s3364,Shine On with Reese,TV Show,2019-10-29,20191029,2018,TV-MA,,1
s3365,The Road to El Camino: Behind the Scenes of El Camino: A Breaking Bad Movie,Movie,2019-10-29,20191029,2019,TV-14,14,
s3366,A 3 Minute Hug,Movie,2019-10-28,20191028,2019,TV-PG,28,
s3367,Little Miss Sumo,Movie,2019-10-28,20191028,2018,TV-G,20,
s3368,"Wait, My Youth",TV Show,2019-10-27,20191027,2019,TV-PG,,1
s3369,A Little Thing Called First Love,TV Show,2019-10-26,20191026,2019,TV-G,,1
s3370,BoJack Horseman,TV Show,2019-10-25,20191025,2020,TV-MA,,6
s3371,Brotherhood,TV Show,2019-10-25,20191025,2019,TV-MA,,1
s3372,Consequences,Movie,2019-10-25,20191025,2014,TV-MA,106,
s3373,Dolemite Is My Name,Movie,2019-10-25,20191025,2019,R,118,
s3374,Drug Squad: Costa del Sol,TV Show,2019-10-25,20191025,2019,TV-MA,,1
s3375,It Takes a Lunatic,Movie,2019-10-25,20191025,2019,TV-MA,127,
s3376,Monzón: A Knockout Blow,TV Show,2019-10-25,20191025,2018,TV-MA,,1
s3377,My Next Guest with David Letterman and Shah Rukh Khan,Movie,2019-10-25,20191025,2019,TV-PG,61,
s3378,Nailed It! France,TV Show,2019-10-25,20191025,2019,TV-14,,1
s3379,Nailed It! Spain,TV Show,2019-10-25,20191025,2019,TV-PG,,1
s3380,Rattlesnake,Movie,2019-10-25,20191025,2019,TV-MA,86,
s3381,The Awakening of Motti Wolkenbruch,Movie,2019-10-25,20191025,2018,TV-MA,94,
s3382,The Untamed,TV Show,2019-10-25,20191025,2019,TV-14,,1
s3383,Daybreak,TV Show,2019-10-24,20191024,2019,TV-MA,,1
s3384,Echo in the Canyon,Movie,2019-10-24,20191024,2019,PG-13,82,
s3385,Revenge of the Pontianak,Movie,2019-10-24,20191024,2019,TV-14,92,
s3386,"Breakfast, Lunch & Dinner",TV Show,2019-10-23,20191023,2019,TV-MA,,1
s3387,Dancing with the Birds,Movie,2019-10-23,20191023,2019,TV-PG,52,
s3388,Master Z: The Ip Man Legacy,Movie,2019-10-23,20191023,2018,TV-14,108,
s3389,Jenny Slate: Stage Fright,Movie,2019-10-22,20191022,2019,TV-MA,67,
s3390,Free Fire,Movie,2019-10-21,20191021,2016,R,91,
s3391,Little Singham: Kaal Ki Tabaahi,Movie,2019-10-19,20191019,2019,TV-Y7,66,
s3392,The Command,Movie,2019-10-19,20191019,2018,PG-13,118,
s3393,10 Days in Sun City,Movie,2019-10-18,20191018,2017,TV-14,87,
s3394,"ChuChu TV Kids Songs, Learning Videos & Bedtime Stories",TV Show,2019-10-18,20191018,2019,TV-Y,,1
s3395,ChuChuTV Bedtime Stories & Moral Stories for Kids (English),Movie,2019-10-18,20191018,2019,TV-Y,47,
s3396,ChuChuTV Bedtime Stories & Moral Stories for Kids (Hindi),Movie,2019-10-18,20191018,2019,TV-Y,56,
s3397,ChuChuTV Surprise Eggs Learning Videos (English),Movie,2019-10-18,20191018,2019,TV-Y,61,
s3398,ChuChuTV Surprise Eggs Learning Videos (Hindi),Movie,2019-10-18,20191018,2019,TV-Y,34,
s3399,Eli,Movie,2019-10-18,20191018,2019,TV-MA,98,
s3400,In My Country,Movie,2019-10-18,20191018,2018,TV-MA,99,
s3401,Interior Design Masters,TV Show,2019-10-18,20191018,2019,TV-PG,,1
s3402,Little Baby Bum: Nursery Rhyme Friends,TV Show,2019-10-18,20191018,2019,TV-Y,,2
s3403,"Love, Surreal and Odd",Movie,2019-10-18,20191018,2017,TV-14,95,
s3404,Mighty Little Bheem: Diwali,TV Show,2019-10-18,20191018,2019,TV-Y,,1
s3405,MONKART,TV Show,2019-10-18,20191018,2017,TV-Y7,,1
s3406,Seventeen,Movie,2019-10-18,20191018,2019,TV-MA,100,
s3407,Spirit Riding Free: Pony Tales,TV Show,2019-10-18,20191018,2019,TV-Y7,,2
s3408,Tatu,Movie,2019-10-18,20191018,2017,TV-MA,101,
s3409,Tell Me Who I Am,Movie,2019-10-18,20191018,2019,TV-MA,86,
s3410,The Laundromat,Movie,2019-10-18,20191018,2019,R,96,
s3411,Toon,TV Show,2019-10-18,20191018,2017,TV-MA,,2
s3412,Up North,Movie,2019-10-18,20191018,2018,TV-14,99,
s3413,Upstarts,Movie,2019-10-18,20191018,2019,TV-14,112,
s3414,Verses of Love 2,Movie,2019-10-18,20191018,2017,TV-14,127,
s3415,Chosen,TV Show,2019-10-17,20191017,2019,TV-14,,2
s3416,THE UNLISTED,TV Show,2019-10-17,20191017,2019,TV-PG,,1
s3417,Another Miss Oh,TV Show,2019-10-16,20191016,2016,TV-MA,,1
s3418,Ghosts of Sugar Land,Movie,2019-10-16,20191016,2019,TV-MA,22,
s3419,League of Legends Origins,Movie,2019-10-16,20191016,2019,TV-MA,78,
s3420,Park Na-rae: Glamour Warning,Movie,2019-10-16,20191016,2019,TV-MA,63,
s3421,Second 20s,TV Show,2019-10-16,20191016,2015,TV-14,,1
s3422,Sinister 2,Movie,2019-10-16,20191016,2015,R,97,
s3423,The Game Changers,Movie,2019-10-16,20191016,2018,TV-MA,86,
s3424,Black Money Love,TV Show,2019-10-15,20191015,2014,TV-MA,,1
s3425,"Martin Matte: La vie, la mort...eh la la..!",Movie,2019-10-14,20191014,2019,TV-14,62,
s3426,Street Flow,Movie,2019-10-13,20191013,2019,TV-MA,96,
s3427,The Lies Within,TV Show,2019-10-13,20191013,2019,TV-14,,1
s3428,Bygones Be Bygones,Movie,2019-10-11,20191011,2017,TV-MA,104,
s3429,El Camino: A Breaking Bad Movie,Movie,2019-10-11,20191011,2019,TV-MA,123,
s3430,Fractured,Movie,2019-10-11,20191011,2019,TV-MA,100,
s3431,Insatiable,TV Show,2019-10-11,20191011,2019,TV-MA,,2
s3432,The Bling Lagosians,Movie,2019-10-11,20191011,2019,TV-14,99,
s3433,The Forest of Love,Movie,2019-10-11,20191011,2019,TV-MA,151,
s3434,The Hook Up Plan,TV Show,2019-10-11,20191011,2020,TV-MA,,2
s3435,The Influence,Movie,2019-10-11,20191011,2019,TV-MA,102,
s3436,Beyblade Burst Turbo,TV Show,2019-10-10,20191010,2018,TV-Y7,,1
s3437,GEN HOSHINO STADIUM TOUR “POP VIRUS”,Movie,2019-10-10,20191010,2019,TV-14,154,
s3438,Ultramarine Magmell,TV Show,2019-10-10,20191010,2019,TV-14,,1
s3439,After,Movie,2019-10-09,20191009,2019,PG-13,106,
s3440,Home Is Where the Killer Is,Movie,2019-10-09,20191009,2019,TV-14,87,
s3441,Rhythm + Flow,TV Show,2019-10-09,20191009,2019,TV-MA,,1
s3442,Deon Cole: Cole Hearted,Movie,2019-10-08,20191008,2019,TV-MA,70,
s3443,The Spooky Tale of Captain Underpants Hack-a-ween,Movie,2019-10-08,20191008,2019,TV-Y7,46,
s3444,Love for Sale,Movie,2019-10-06,20191006,2018,TV-14,101,
s3445,Legend Quest: Masters of Myth,TV Show,2019-10-05,20191005,2019,TV-Y7,,1
s3446,My Country: The New Age,TV Show,2019-10-05,20191005,2019,TV-14,,1
s3447,Noblemen,Movie,2019-10-05,20191005,2019,TV-MA,109,
s3448,A Plastic Ocean,Movie,2019-10-04,20191004,2016,TV-14,100,
s3449,Brother in Love,Movie,2019-10-04,20191004,2019,TV-MA,110,
s3450,Creeped Out,TV Show,2019-10-04,20191004,2019,TV-PG,,2
s3451,In the Tall Grass,Movie,2019-10-04,20191004,2019,TV-MA,102,
s3452,Kids on the Block,Movie,2019-10-04,20191004,2019,TV-PG,102,
s3453,Peaky Blinders,TV Show,2019-10-04,20191004,2019,TV-MA,,5
s3454,Raising Dion,TV Show,2019-10-04,20191004,2019,TV-PG,,1
s3455,Rotten,TV Show,2019-10-04,20191004,2019,TV-MA,,2
s3456,Super Monsters,TV Show,2019-10-04,20191004,2019,TV-Y,,3
s3457,Super Monsters: Vida's First Halloween,Movie,2019-10-04,20191004,2019,TV-Y,24,
s3458,Seis Manos,TV Show,2019-10-03,20191003,2019,TV-MA,,1
s3459,Living Undocumented,TV Show,2019-10-02,20191002,2019,TV-MA,,1
s3460,Ready to Mingle,Movie,2019-10-02,20191002,2019,TV-MA,98,
s3461,Salam - The First ****** Nobel Laureate,Movie,2019-10-02,20191002,2018,TV-PG,76,
s3462,Cheese in the Trap,TV Show,2019-10-01,20191001,2016,TV-14,,1
s3463,Chicago Typewriter,TV Show,2019-10-01,20191001,2017,TV-14,,1
s3464,College Romance,TV Show,2019-10-01,20191001,2018,TV-MA,,1
s3465,Engineering Girls,TV Show,2019-10-01,20191001,2018,TV-MA,,1
s3466,First Kiss,Movie,2019-10-01,20191001,2018,TV-14,90,
s3467,Girls Hostel,TV Show,2019-10-01,20191001,2018,TV-MA,,1
s3468,Inmates,TV Show,2019-10-01,20191001,2017,TV-MA,,1
s3469,Limitless,Movie,2019-10-01,20191001,2017,TV-PG,59,
s3470,Little Baby Bum: Go Buster,Movie,2019-10-01,20191001,2019,TV-Y,58,
s3471,Miniforce X,TV Show,2019-10-01,20191001,2018,TV-Y7,,1
s3472,Nikki Glaser: Bangin’,Movie,2019-10-01,20191001,2019,TV-MA,64,
s3473,Rugrats in Paris: The Movie,Movie,2019-10-01,20191001,2000,G,79,
s3474,The K2,TV Show,2019-10-01,20191001,2016,TV-14,,1
s3475,The Liar and His Lover,TV Show,2019-10-01,20191001,2017,TV-PG,,1
s3476,The Rugrats Movie,Movie,2019-10-01,20191001,1998,G,81,
s3477,The Squid and the Whale,Movie,2019-10-01,20191001,2005,R,81,
s3478,Gotham,TV Show,2019-09-30,20190930,2019,TV-MA,,5
s3479,Mo Gilligan: Momentum,Movie,2019-09-30,20190930,2019,TV-MA,64,
s3480,Cultivating the Seas: History and Future of the Full-Cycle Cultured Kindai Tuna,Movie,2019-09-28,20190928,2019,TV-PG,45,
s3481,TUNA GIRL,Movie,2019-09-28,20190928,2019,TV-PG,90,
s3482,Bard of Blood,TV Show,2019-09-27,20190927,2019,TV-MA,,1
s3483,Deliha 2,Movie,2019-09-27,20190927,2018,TV-PG,102,
s3484,El Marginal,TV Show,2019-09-27,20190927,2019,TV-MA,,3
s3485,In the Shadow of the Moon,Movie,2019-09-27,20190927,2019,TV-MA,116,
s3486,Sturgill Simpson Presents Sound & Fury,Movie,2019-09-27,20190927,2019,TV-MA,42,
s3487,Malaal,Movie,2019-09-26,20190926,2019,TV-14,133,
s3488,The Grandmaster,Movie,2019-09-26,20190926,2013,PG-13,108,
s3489,The Inmate,TV Show,2019-09-26,20190926,2018,TV-MA,,1
s3490,Abstract: The Art of Design,TV Show,2019-09-25,20190925,2019,TV-14,,2
s3491,Birders,Movie,2019-09-25,20190925,2019,TV-G,38,
s3492,Glitch,TV Show,2019-09-25,20190925,2019,TV-MA,,3
s3493,Oh! Baby (Malayalam),Movie,2019-09-25,20190925,2019,TV-14,146,
s3494,Oh! Baby (Tamil),Movie,2019-09-25,20190925,2019,TV-14,146,
s3495,Inside Man: Most Wanted,Movie,2019-09-24,20190924,2019,R,106,
s3496,Jeff Dunham: Beside Himself,Movie,2019-09-24,20190924,2019,TV-MA,58,
s3497,Manmadhudu 2,Movie,2019-09-23,20190923,2019,TV-MA,152,
s3498,Under the Eiffel Tower,Movie,2019-09-23,20190923,2018,TV-MA,87,
s3499,Do Paise Ki Dhoop Chaar Aane Ki Baarish,Movie,2019-09-22,20190922,2009,TV-MA,121,
s3500,Vagabond,TV Show,2019-09-21,20190921,2019,TV-MA,,1
s3501,Between Two Ferns: The Movie,Movie,2019-09-20,20190920,2019,TV-MA,83,
s3502,Criminal: France,TV Show,2019-09-20,20190920,2019,TV-MA,,1
s3503,Criminal: Germany,TV Show,2019-09-20,20190920,2019,TV-MA,,1
s3504,Criminal: Spain,TV Show,2019-09-20,20190920,2019,TV-MA,,1
s3505,Fastest Car,TV Show,2019-09-20,20190920,2019,TV-MA,,2
s3506,Inside Bill's Brain: Decoding Bill Gates,TV Show,2019-09-20,20190920,2019,TV-14,,1
s3507,The Hockey Girls,TV Show,2019-09-20,20190920,2019,TV-MA,,1
s3508,Travel Mates 2,Movie,2019-09-20,20190920,2018,TV-MA,111,
s3509,True: Tricky Treat Day,Movie,2019-09-20,20190920,2019,TV-Y,24,
s3510,Kabir Singh,Movie,2019-09-19,20190919,2019,TV-MA,171,
s3511,When the Camellia Blooms,TV Show,2019-09-18,20190918,2019,TV-14,,1
s3512,Avengement,Movie,2019-09-17,20190917,2019,TV-MA,88,
s3513,Sebastian Maniscalco: What's Wrong with People?,Movie,2019-09-17,20190917,2012,TV-MA,76,
s3514,Los Tigres del Norte at Folsom Prison,Movie,2019-09-15,20190915,2019,TV-PG,64,
s3515,Steal a Pencil for Me,Movie,2019-09-15,20190915,2006,TV-14,94,
s3516,Surviving R. Kelly,TV Show,2019-09-15,20190915,2019,TV-MA,,1
s3517,Oh! Baby,Movie,2019-09-14,20190914,2019,TV-14,157,
s3518,The Crystal Calls Making the Dark Crystal: Age of Resistance,Movie,2019-09-14,20190914,2019,TV-PG,83,
s3519,"Hello, Privilege. It's Me, Chelsea",Movie,2019-09-13,20190913,2019,TV-MA,65,
s3520,Kabaneri of the Iron Fortress: The Battle of Unato,TV Show,2019-09-13,20190913,2019,TV-MA,,1
s3521,Locked on You,Movie,2019-09-13,20190913,2018,TV-14,105,
s3522,Marianne,TV Show,2019-09-13,20190913,2019,TV-MA,,1
s3523,Shanghai Fortress,Movie,2019-09-13,20190913,2019,TV-14,107,
s3524,Tall Girl,Movie,2019-09-13,20190913,2019,TV-PG,103,
s3525,Top Boy,TV Show,2019-09-13,20190913,2019,TV-MA,,1
s3526,Unbelievable,TV Show,2019-09-13,20190913,2019,TV-MA,,1
s3527,The I-Land,TV Show,2019-09-12,20190912,2019,TV-MA,,1
s3528,"The Mind, Explained",TV Show,2019-09-12,20190912,2019,TV-14,,1
s3529,Bill Burr: Paper Tiger,Movie,2019-09-10,20190910,2019,TV-MA,67,
s3530,Evelyn,Movie,2019-09-10,20190910,2019,TV-MA,96,
s3531,Article 15,Movie,2019-09-06,20190906,2019,TV-MA,125,
s3532,Care of Kancharapalem,Movie,2019-09-06,20190906,2018,TV-MA,142,
s3533,Ee Nagaraniki Emaindi,Movie,2019-09-06,20190906,2018,TV-14,133,
s3534,Kill Me If You Dare,Movie,2019-09-06,20190906,2019,TV-14,100,
s3535,The Spy,TV Show,2019-09-06,20190906,2019,TV-MA,,1
s3536,American Factory: A Conversation with the Obamas,Movie,2019-09-05,20190905,2019,TV-G,10,
s3537,Saawan,Movie,2019-09-04,20190904,2016,TV-14,128,
s3538,Watchman,Movie,2019-09-04,20190904,2019,TV-14,93,
s3539,Elena,Movie,2019-09-01,20190901,2012,TV-MA,81,
s3540,Loo Loo Kids: Johny & Friends Musical Adventures,TV Show,2019-09-01,20190901,2016,TV-Y,,1
s3541,Moving Art,TV Show,2019-09-01,20190901,2018,TV-G,,3
s3542,Naruto,TV Show,2019-09-01,20190901,2006,TV-14,,9
s3543,Olmo & the Seagull,Movie,2019-09-01,20190901,2014,TV-MA,82,
s3544,Serial Killer with Piers Morgan,TV Show,2019-09-01,20190901,2018,TV-14,,1
s3545,Spookley the Square Pumpkin,Movie,2019-09-01,20190901,2004,G,47,
s3546,Uncle Naji in UAE,Movie,2019-09-01,20190901,2019,TV-14,95,
s3547,Luo Bao Bei,TV Show,2019-08-31,20190831,2018,TV-Y,,1
s3548,Back to School,Movie,2019-08-30,20190830,2019,TV-MA,84,
s3549,Feo pero sabroso,Movie,2019-08-30,20190830,2018,TV-MA,91,
s3550,Mi amigo Alexis,Movie,2019-08-30,20190830,2019,TV-PG,102,
s3551,Styling Hollywood,TV Show,2019-08-30,20190830,2019,TV-14,,1
s3552,The Dark Crystal: Age of Resistance,TV Show,2019-08-30,20190830,2019,TV-PG,,1
s3553,The Good Bandit,TV Show,2019-08-30,20190830,2018,TV-MA,,1
s3554,True and the Rainbow Kingdom,TV Show,2019-08-30,20190830,2019,TV-Y,,3
s3555,Unbridled,Movie,2019-08-30,20190830,2018,TV-MA,100,
s3556,Falling Inn Love,Movie,2019-08-29,20190829,2019,TV-PG,98,
s3557,Kardec,Movie,2019-08-29,20190829,2019,TV-14,110,
s3558,Travis Scott: Look Mom I Can Fly,Movie,2019-08-28,20190828,2019,TV-MA,85,
s3559,Million Pound Menu,TV Show,2019-08-27,20190827,2019,TV-MA,,2
s3560,Dave Chappelle: Sticks & Stones,Movie,2019-08-26,20190826,2019,TV-MA,66,
s3561,Drink Drank Drunk,Movie,2019-08-24,20190824,2016,TV-MA,92,
s3562,13 Reasons Why: Beyond the Reasons,TV Show,2019-08-23,20190823,2019,TV-MA,,3
s3563,HERO MASK,TV Show,2019-08-23,20190823,2019,TV-14,,2
s3564,Kaake Da Viyah,Movie,2019-08-23,20190823,2019,TV-PG,133,
s3565,Marriage Palace,Movie,2019-08-23,20190823,2018,TV-14,135,
s3566,Mayday Life,Movie,2019-08-23,20190823,2019,TV-PG,120,
s3567,Saavat,Movie,2019-08-23,20190823,2019,TV-14,118,
s3568,American Factory,Movie,2019-08-21,20190821,2019,TV-14,110,
s3569,Game Over (Hindi Version),Movie,2019-08-21,20190821,2019,TV-MA,98,
s3570,Game Over (Tamil Version),Movie,2019-08-21,20190821,2019,TV-MA,98,
s3571,Game Over (Telugu Version),Movie,2019-08-21,20190821,2019,TV-MA,98,
s3572,Hyperdrive,TV Show,2019-08-21,20190821,2019,TV-PG,,1
s3573,The Girl Allergic to Wi-Fi,Movie,2019-08-21,20190821,2018,TV-MA,104,
s3574,Our Planet - Behind The Scenes,Movie,2019-08-20,20190820,2019,TV-G,63,
s3575,Simon Amstell: Set Free,Movie,2019-08-20,20190820,2019,TV-MA,52,
s3576,45 rpm,TV Show,2019-08-16,20190816,2019,TV-MA,,1
s3577,Apache: The Life of Carlos Tevez,TV Show,2019-08-16,20190816,2019,TV-MA,,1
s3578,Better Than Us,TV Show,2019-08-16,20190816,2019,TV-MA,,1
s3579,Diagnosis,TV Show,2019-08-16,20190816,2019,TV-14,,1
s3580,Green Frontier,TV Show,2019-08-16,20190816,2019,TV-MA,,1
s3581,Invader Zim: Enter the Florpus,Movie,2019-08-16,20190816,2019,TV-Y7,72,
s3582,MINDHUNTER,TV Show,2019-08-16,20190816,2019,TV-MA,,2
s3583,Selfless,Movie,2019-08-16,20190816,2015,PG-13,117,
s3584,Sextuplets,Movie,2019-08-16,20190816,2019,TV-14,100,
s3585,Super Monsters Back to School,Movie,2019-08-16,20190816,2019,TV-Y,24,
s3586,The King's Avatar,TV Show,2019-08-16,20190816,2019,TV-MA,,1
s3587,The Little Switzerland,Movie,2019-08-16,20190816,2019,TV-MA,86,
s3588,Victim Number 8,TV Show,2019-08-16,20190816,2018,TV-MA,,1
s3589,Cannon Busters,TV Show,2019-08-15,20190815,2019,TV-MA,,1
s3590,Sacred Games,TV Show,2019-08-15,20190815,2019,TV-MA,,2
s3591,Til Death Do Us Part,TV Show,2019-08-15,20190815,2019,TV-MA,,1
s3592,Whindersson Nunes: Adult,Movie,2019-08-15,20190815,2019,TV-MA,69,
s3593,Happy Jail,TV Show,2019-08-14,20190814,2019,TV-MA,,1
s3594,Uyare,Movie,2019-08-14,20190814,2019,TV-14,119,
s3595,90 ML,Movie,2019-08-13,20190813,2019,TV-MA,123,
s3596,Calum von Moger: Unbroken,Movie,2019-08-13,20190813,2019,TV-MA,93,
s3597,Hasta los dientes,Movie,2019-08-13,20190813,2018,TV-MA,109,
s3598,Knightfall,TV Show,2019-08-13,20190813,2019,TV-MA,,2
s3599,DC Super Hero Girls,TV Show,2019-08-12,20190812,2019,TV-Y7,,1
s3600,Colin Quinn: Red State Blue State,Movie,2019-08-09,20190809,2019,TV-14,66,
s3601,GLOW,TV Show,2019-08-09,20190809,2019,TV-MA,,3
s3602,IZombie,TV Show,2019-08-09,20190809,2019,TV-MA,,5
s3603,Jaoon Kahan Bata Ae Dil,Movie,2019-08-09,20190809,2018,TV-MA,107,
s3604,Rocko's Modern Life: Static Cling,Movie,2019-08-09,20190809,2019,TV-Y7,46,
s3605,Sintonia,TV Show,2019-08-09,20190809,2019,TV-MA,,1
s3606,The Family,TV Show,2019-08-09,20190809,2019,TV-14,,1
s3607,Bad Guys,TV Show,2019-08-08,20190808,2014,TV-MA,,1
s3608,Dollar,TV Show,2019-08-08,20190808,2019,TV-MA,,1
s3609,Jane The Virgin,TV Show,2019-08-08,20190808,2019,TV-14,,5
s3610,Let's Eat 2,TV Show,2019-08-08,20190808,2015,TV-MA,,1
s3611,Let’s Eat,TV Show,2019-08-08,20190808,2013,TV-PG,,1
s3612,Misaeng,TV Show,2019-08-08,20190808,2014,TV-MA,,1
s3613,Oh My Ghost,TV Show,2019-08-08,20190808,2015,TV-MA,,1
s3614,Reply 1994,TV Show,2019-08-08,20190808,2014,TV-MA,,1
s3615,Reply 1997,TV Show,2019-08-08,20190808,2012,TV-MA,,1
s3616,Wu Assassins,TV Show,2019-08-08,20190808,2019,TV-MA,,1
s3617,Badla,Movie,2019-08-07,20190807,2019,TV-14,117,
s3618,Theo Von: No Offense,Movie,2019-08-07,20190807,2016,TV-MA,67,
s3619,Crazy Beautiful You,Movie,2019-08-06,20190806,2015,TV-14,114,
s3620,I'm Brent Morin,Movie,2019-08-06,20190806,2015,TV-MA,67,
s3621,Jim Jefferies : BARE,Movie,2019-08-06,20190806,2014,TV-MA,77,
s3622,Screwball,Movie,2019-08-06,20190806,2018,TV-MA,105,
s3623,Sebastian Maniscalco: Why Would You Do That,Movie,2019-08-06,20190806,2016,TV-MA,63,
s3624,Enter the Anime,Movie,2019-08-05,20190805,2019,TV-MA,59,
s3625,No Good Nick,TV Show,2019-08-05,20190805,2019,TV-PG,,2
s3626,No One Will Ever Know,Movie,2019-08-05,20190805,2017,TV-MA,102,
s3627,Misfit,Movie,2019-08-03,20190803,2017,TV-14,81,
s3628,Basketball or Nothing,TV Show,2019-08-02,20190802,2019,TV-PG,,1
s3629,Léa & I,Movie,2019-08-02,20190802,2019,TV-MA,84,
s3630,Otherhood,Movie,2019-08-02,20190802,2019,R,101,
s3631,Uriyadi 2,Movie,2019-08-02,20190802,2019,TV-14,116,
s3632,Manu,Movie,2019-08-01,20190801,2018,TV-14,177,
s3633,Sleepless Society: Nyctophobia,TV Show,2019-08-01,20190801,2019,TV-MA,,1
s3634,The Letdown,TV Show,2019-07-31,20190731,2019,TV-MA,,2
s3635,The Red Sea Diving Resort,Movie,2019-07-31,20190731,2019,TV-MA,130,
s3636,Whitney Cummings: Can I Touch It?,Movie,2019-07-30,20190730,2019,TV-MA,59,
s3637,Twelve Forever,TV Show,2019-07-29,20190729,2019,TV-PG,,1
s3638,Boi,Movie,2019-07-26,20190726,2018,TV-MA,111,
s3639,Eerie,Movie,2019-07-26,20190726,2019,TV-14,100,
s3640,Girls With Balls,Movie,2019-07-26,20190726,2019,TV-MA,77,
s3641,My First First Love,TV Show,2019-07-26,20190726,2019,TV-14,,2
s3642,The Son,Movie,2019-07-26,20190726,2019,TV-MA,93,
s3643,Another Life,TV Show,2019-07-25,20190725,2019,TV-MA,,1
s3644,The Great Hack,Movie,2019-07-24,20190724,2019,TV-MA,114,
s3645,Beat Bugs,TV Show,2019-07-21,20190721,2018,TV-Y,,3
s3646,D.L. Hughley: Contrarian,Movie,2019-07-21,20190721,2018,TV-MA,58,
s3647,Demetri Martin: The Overthinker,Movie,2019-07-21,20190721,2018,TV-MA,56,
s3648,The Beast Stalker,Movie,2019-07-21,20190721,2008,TV-14,110,
s3649,The Midas Touch,Movie,2019-07-21,20190721,2013,TV-14,98,
s3650,The Twins Effect II,Movie,2019-07-21,20190721,2004,TV-14,106,
s3651,Twins Mission,Movie,2019-07-21,20190721,2007,TV-MA,102,
s3652,Sexy Central,TV Show,2019-07-20,20190720,2019,TV-MA,,1
s3653,"¡Ay, mi madre!",Movie,2019-07-19,20190719,2019,TV-MA,81,
s3654,Comedians in Cars Getting Coffee,TV Show,2019-07-19,20190719,2019,TV-14,,6
s3655,The Epic Tales of Captain Underpants,TV Show,2019-07-19,20190719,2019,TV-Y7,,3
s3656,Typewriter,TV Show,2019-07-19,20190719,2019,TV-MA,,1
s3657,Rookie Historian Goo Hae-Ryung,TV Show,2019-07-18,20190718,2019,TV-14,,1
s3658,Secret Obsession,Movie,2019-07-18,20190718,2019,TV-14,98,
s3659,Mauli,Movie,2019-07-17,20190717,2018,TV-14,136,
s3660,Pinky Malinky,TV Show,2019-07-17,20190717,2019,TV-Y7,,3
s3661,Unrequited Love,TV Show,2019-07-17,20190717,2019,TV-14,,1
s3662,Bogda,Movie,2019-07-16,20190716,2018,TV-PG,161,
s3663,"Frankenstein’s Monster’s Monster, Frankenstein",Movie,2019-07-16,20190716,2019,TV-14,32,
s3664,Angel Beats!,TV Show,2019-07-15,20190715,2010,TV-PG,,1
s3665,Anohana: The Flower We Saw That Day,TV Show,2019-07-15,20190715,2011,TV-14,,1
s3666,God Eater,TV Show,2019-07-15,20190715,2015,TV-14,,1
s3667,GRANBLUE FANTASY the Animation,TV Show,2019-07-15,20190715,2017,TV-PG,,1
s3668,3Below: Tales of Arcadia,TV Show,2019-07-12,20190712,2019,TV-Y7,,2
s3669,4L,Movie,2019-07-12,20190712,2019,TV-MA,105,
s3670,Bonus Family,TV Show,2019-07-12,20190712,2019,TV-MA,,3
s3671,Cities of Last Things,Movie,2019-07-12,20190712,2018,TV-MA,106,
s3672,Extreme Engagement,TV Show,2019-07-12,20190712,2019,TV-MA,,1
s3673,Kidnapping Stella,Movie,2019-07-12,20190712,2019,TV-MA,90,
s3674,One Spring Night,TV Show,2019-07-12,20190712,2019,TV-14,,1
s3675,PILI Fantasy: War of Dragons,TV Show,2019-07-12,20190712,2019,TV-14,,1
s3676,Point Blank,Movie,2019-07-12,20190712,2019,TV-MA,87,
s3677,The Milk System,Movie,2019-07-12,20190712,2017,TV-14,91,
s3678,True Tunes,TV Show,2019-07-12,20190712,2019,TV-Y,,1
s3679,Parchís: the Documentary,Movie,2019-07-11,20190711,2019,TV-14,106,
s3680,Aziz Ansari: RIGHT NOW,Movie,2019-07-09,20190709,2019,TV-MA,65,
s3681,Free Rein,TV Show,2019-07-06,20190706,2019,TV-G,,3
s3682,"River, el más grande siempre",Movie,2019-07-05,20190705,2019,TV-G,105,
s3683,The Legend of White Snake,TV Show,2019-07-05,20190705,2019,TV-14,,1
s3684,Cristina,Movie,2019-07-04,20190704,2016,TV-14,40,
s3685,Kakegurui,TV Show,2019-07-04,20190704,2019,TV-MA,,2
s3686,Stranger Things,TV Show,2019-07-04,20190704,2019,TV-14,,3
s3687,The Last Czars,TV Show,2019-07-03,20190703,2019,TV-MA,,1
s3688,Yummy Mummies,TV Show,2019-07-03,20190703,2019,TV-MA,,2
s3689,Bangkok Love Stories: Objects of Affection,TV Show,2019-07-02,20190702,2019,TV-14,,1
s3690,Bangkok Love Stories: Plead,TV Show,2019-07-02,20190702,2019,TV-14,,1
s3691,Designated Survivor: 60 Days,TV Show,2019-07-02,20190702,2019,TV-14,,1
s3692,DreamWorks Kung Fu Panda Awesome Secrets,TV Show,2019-07-01,20190701,2008,TV-PG,,1
s3693,Hatchimals | Adventures in Hatchtopia,TV Show,2019-07-01,20190701,2018,TV-Y,,2
s3694,Katherine Ryan: Glitter Room,Movie,2019-07-01,20190701,2019,TV-MA,66,
s3695,Molang,TV Show,2019-07-01,20190701,2015,TV-Y,,1
s3696,Rabbids Invasion,TV Show,2019-07-01,20190701,2018,TV-Y7,,1
s3697,Record of Grancrest War,TV Show,2019-07-01,20190701,2018,TV-MA,,1
s3698,War Against Women,Movie,2019-07-01,20190701,2013,TV-MA,61,
s3699,Inhuman Kiss,Movie,2019-06-30,20190630,2019,TV-MA,122,
s3700,Romeo Akbar Walter,Movie,2019-06-30,20190630,2019,TV-14,141,
s3701,Scare Tactics,TV Show,2019-06-30,20190630,2011,TV-MA,,2
s3702,Super Deluxe,Movie,2019-06-29,20190629,2019,TV-MA,176,
s3703,Dope,TV Show,2019-06-28,20190628,2019,TV-MA,,3
s3704,El testigo,Movie,2019-06-28,20190628,2018,TV-14,73,
s3705,Exhibit A,TV Show,2019-06-28,20190628,2019,TV-MA,,1
s3706,Instant Hotel,TV Show,2019-06-28,20190628,2019,TV-MA,,2
s3707,La Leyenda del Diamante,Movie,2019-06-28,20190628,2017,TV-MA,87,
s3708,Motown Magic,TV Show,2019-06-28,20190628,2019,TV-Y,,2
s3709,Paquita Salas,TV Show,2019-06-28,20190628,2018,TV-MA,,3
s3710,ANIMA,Movie,2019-06-27,20190627,2019,TV-PG,15,
s3711,Answer for Heaven,TV Show,2019-06-27,20190627,2019,TV-MA,,1
s3712,Daniel Sosa: Maleducado,Movie,2019-06-27,20190627,2019,TV-MA,55,
s3713,Hikaru Utada Laughter in the Dark Tour 2018,Movie,2019-06-26,20190626,2018,TV-PG,141,
s3714,Kahaani,Movie,2019-06-26,20190626,2012,TV-14,122,
s3715,Unbroken,Movie,2019-06-26,20190626,2019,TV-14,109,
s3716,Mike Epps: Only One Mike,Movie,2019-06-25,20190625,2019,TV-MA,63,
s3717,Forest of Piano,TV Show,2019-06-24,20190624,2019,TV-14,,2
s3718,Triple Threat,Movie,2019-06-22,20190622,2019,R,96,
s3719,Blood Will Tell,Movie,2019-06-21,20190621,2019,TV-MA,113,
s3720,Bolívar,TV Show,2019-06-21,20190621,2019,TV-MA,,1
s3721,EVANGELION: DEATH (TRUE)²,Movie,2019-06-21,20190621,1998,TV-MA,69,
s3722,Girls Incarcerated,TV Show,2019-06-21,20190621,2019,TV-MA,,2
s3723,Go! Live Your Way,TV Show,2019-06-21,20190621,2019,TV-PG,,2
s3724,Magi: The Labyrinth of Magic,TV Show,2019-06-21,20190621,2013,TV-MA,,2
s3725,Neon Genesis Evangelion,TV Show,2019-06-21,20190621,1995,TV-MA,,1
s3726,Shooter,TV Show,2019-06-21,20190621,2018,TV-14,,3
s3727,The Casketeers,TV Show,2019-06-21,20190621,2019,TV-14,,2
s3728,The Confession Tapes,TV Show,2019-06-21,20190621,2019,TV-MA,,2
s3729,The End of Evangelion,Movie,2019-06-21,20190621,1997,TV-MA,87,
s3730,Rakkhosh,Movie,2019-06-20,20190620,2019,TV-MA,116,
s3731,The Wolf's Call,Movie,2019-06-20,20190620,2019,TV-14,116,
s3732,Beats,Movie,2019-06-19,20190619,2019,TV-MA,110,
s3733,The Edge of Democracy,Movie,2019-06-19,20190619,2019,TV-14,122,
s3734,Adam Devine: Best Time of Our Lives,Movie,2019-06-18,20190618,2019,TV-MA,59,
s3735,Cop Car,Movie,2019-06-16,20190616,2015,R,88,
s3736,Right Here Right Now,Movie,2019-06-16,20190616,2018,TV-MA,91,
s3737,Fate/Zero,TV Show,2019-06-15,20190615,2012,TV-MA,,2
s3738,Kill la Kill,TV Show,2019-06-15,20190615,2014,TV-MA,,1
s3739,Life Overtakes Me,Movie,2019-06-15,20190615,2019,TV-PG,40,
s3740,Luckee,Movie,2019-06-15,20190615,2019,TV-14,113,
s3741,Pihu,Movie,2019-06-15,20190615,2018,TV-14,90,
s3742,Puella Magi Madoka Magica,TV Show,2019-06-15,20190615,2011,TV-14,,1
s3743,Somewhere Only We Know,TV Show,2019-06-15,20190615,2019,TV-MA,,1
s3744,The Alcàsser Murders,TV Show,2019-06-15,20190615,2019,TV-MA,,1
s3745,Unit 42,TV Show,2019-06-15,20190615,2017,TV-MA,,1
s3746,Awake: The Million Dollar Game,TV Show,2019-06-14,20190614,2019,TV-PG,,1
s3747,Black Spot,TV Show,2019-06-14,20190614,2019,TV-MA,,2
s3748,DJ Cinderella,Movie,2019-06-14,20190614,2019,TV-PG,95,
s3749,El desconocido,TV Show,2019-06-14,20190614,2019,TV-MA,,2
s3750,Girlfriends' Guide to Divorce,TV Show,2019-06-14,20190614,2019,TV-MA,,5
s3751,Leila,TV Show,2019-06-14,20190614,2019,TV-MA,,1
s3752,Marlon,TV Show,2019-06-14,20190614,2018,TV-14,,2
s3753,Marvel's Jessica Jones,TV Show,2019-06-14,20190614,2019,TV-MA,,3
s3754,Murder Mystery,Movie,2019-06-14,20190614,2019,PG-13,98,
s3755,Yankee,TV Show,2019-06-14,20190614,2019,TV-MA,,1
s3756,Jinn,TV Show,2019-06-13,20190613,2019,TV-MA,,1
s3757,Oprah Presents When They See Us Now,Movie,2019-06-13,20190613,2019,TV-PG,61,
s3758,The 3rd Eye 2,Movie,2019-06-13,20190613,2019,TV-MA,117,
s3759,Jo Koy: Comin' In Hot,Movie,2019-06-12,20190612,2019,TV-MA,60,
s3760,Rolling Thunder Revue: A Bob Dylan Story by Martin Scorsese,Movie,2019-06-12,20190612,2019,TV-MA,142,
s3761,Upin & Ipin,TV Show,2019-06-10,20190610,2011,TV-Y,,1
s3762,Belmonte,Movie,2019-06-07,20190607,2018,TV-MA,74,
s3763,Designated Survivor,TV Show,2019-06-07,20190607,2019,TV-MA,,3
s3764,Elisa & Marcela,Movie,2019-06-07,20190607,2019,TV-MA,119,
s3765,I Am Mother,Movie,2019-06-07,20190607,2019,TV-PG,114,
s3766,Luka Chuppi,Movie,2019-06-07,20190607,2019,TV-PG,125,
s3767,Pachamama,Movie,2019-06-07,20190607,2019,PG,71,
s3768,Rock My Heart,Movie,2019-06-07,20190607,2019,TV-PG,110,
s3769,Stree,Movie,2019-06-07,20190607,2018,TV-MA,127,
s3770,Super Monsters Monster Pets,TV Show,2019-06-07,20190607,2019,TV-Y,,1
s3771,Tales of the City,TV Show,2019-06-07,20190607,2019,TV-MA,,1
s3772,The Black Godfather,Movie,2019-06-07,20190607,2019,TV-MA,118,
s3773,Alles ist gut,Movie,2019-06-06,20190606,2019,TV-MA,90,
s3774,A Silent Voice,Movie,2019-06-05,20190605,2016,TV-14,130,
s3775,Black Mirror,TV Show,2019-06-05,20190605,2019,TV-MA,,5
s3776,Cosmos Laundromat: First Cycle,Movie,2019-06-04,20190604,2015,TV-MA,12,
s3777,Miranda Sings Live…Your Welcome,Movie,2019-06-04,20190604,2019,TV-14,62,
s3778,Silent,Movie,2019-06-04,20190604,2014,TV-Y,3,
s3779,Documentary Now!,TV Show,2019-06-03,20190603,2019,TV-14,,3
s3780,Malibu Rescue: The Series,TV Show,2019-06-03,20190603,2019,TV-G,,1
s3781,Arthdal Chronicles,TV Show,2019-06-02,20190602,2019,TV-MA,,1
s3782,Krutant,Movie,2019-06-02,20190602,2019,TV-14,114,
s3783,A Thousand Goodnights,TV Show,2019-06-01,20190601,2019,TV-14,,1
s3784,III Smoking Barrels,Movie,2019-06-01,20190601,2017,TV-MA,128,
s3785,March Comes in Like a Lion,TV Show,2019-06-01,20190601,2017,TV-14,,2
s3786,"Oh, Ramona!",Movie,2019-06-01,20190601,2019,TV-MA,109,
s3787,We Are Legends,Movie,2019-06-01,20190601,2019,TV-14,109,
s3788,Bad Blood,TV Show,2019-05-31,20190531,2019,TV-MA,,2
s3789,Chopsticks,Movie,2019-05-31,20190531,2019,TV-MA,101,
s3790,Killer Ratings,TV Show,2019-05-31,20190531,2019,TV-MA,,1
s3791,Mere Pyare Prime Minister,Movie,2019-05-31,20190531,2019,TV-MA,103,
s3792,Pegasus,Movie,2019-05-31,20190531,2019,TV-MA,98,
s3793,When They See Us,TV Show,2019-05-31,20190531,2019,TV-MA,,1
s3794,Svaha: The Sixth Finger,Movie,2019-05-30,20190530,2019,TV-MA,123,
s3795,Historical Roasts,TV Show,2019-05-27,20190527,2019,TV-MA,,1
s3796,After Maria,Movie,2019-05-24,20190524,2019,TV-PG,38,
s3797,Hyper HardBoiled Gourmet Report,TV Show,2019-05-24,20190524,2017,TV-MA,,1
s3798,Joy,Movie,2019-05-24,20190524,2019,TV-MA,101,
s3799,Rim of the World,Movie,2019-05-24,20190524,2019,TV-14,99,
s3800,She's Gotta Have It,TV Show,2019-05-24,20190524,2018,TV-MA,,2
s3801,The Perfection,Movie,2019-05-24,20190524,2019,TV-MA,91,
s3802,WHAT / IF,TV Show,2019-05-24,20190524,2019,TV-MA,,1
s3803,The Lonely Island Presents: The Unauthorized Bash Brothers Experience,Movie,2019-05-23,20190523,2019,TV-MA,30,
s3804,A Tale of Two Kitchens,Movie,2019-05-22,20190522,2019,TV-PG,30,
s3805,The Man Who Feels No Pain,Movie,2019-05-22,20190522,2018,TV-14,137,
s3806,Wanda Sykes: Not Normal,Movie,2019-05-21,20190521,2019,TV-MA,66,
s3807,Prince of Peoria,TV Show,2019-05-20,20190520,2019,TV-G,,2
s3808,Rosario Tijeras,TV Show,2019-05-20,20190520,2018,TV-MA,,2
s3809,1994,TV Show,2019-05-17,20190517,2019,TV-MA,,1
s3810,Born in Gaza,Movie,2019-05-17,20190517,2014,TV-14,70,
s3811,Born in Syria,Movie,2019-05-17,20190517,2016,TV-14,87,
s3812,Dying to Tell,Movie,2019-05-17,20190517,2018,TV-MA,88,
s3813,It's Bruno!,TV Show,2019-05-17,20190517,2019,TV-MA,,1
s3814,Maria,Movie,2019-05-17,20190517,2019,TV-MA,90,
s3815,ReMastered: The Lion's Share,Movie,2019-05-17,20190517,2019,TV-14,84,
s3816,Saverio Raimondo: Il Satiro Parlante,Movie,2019-05-17,20190517,2019,TV-MA,53,
s3817,See You Yesterday,Movie,2019-05-17,20190517,2019,TV-MA,87,
s3818,White Gold,TV Show,2019-05-17,20190517,2019,TV-MA,,2
s3819,Good Sam,Movie,2019-05-16,20190516,2019,TV-PG,90,
s3820,Jonaki,Movie,2019-05-16,20190516,2018,TV-MA,96,
s3821,PATRICK (2019),Movie,2019-05-16,20190516,2019,TV-PG,94,
s3822,Dennis and Gnasher Unleashed,TV Show,2019-05-15,20190515,2017,TV-Y,,1
s3823,Hamid,Movie,2019-05-15,20190515,2018,TV-MA,108,
s3824,"Heidi, bienvenida a casa",TV Show,2019-05-15,20190515,2017,TV-Y,,1
s3825,I Hear You,TV Show,2019-05-15,20190515,2019,TV-14,,1
s3826,Backdraft 2,Movie,2019-05-14,20190514,2019,R,102,
s3827,Revisions,TV Show,2019-05-14,20190514,2018,TV-14,,1
s3828,Still LAUGH-IN: The Stars Celebrate,Movie,2019-05-14,20190514,2019,TV-MA,61,
s3829,Weed the People,Movie,2019-05-14,20190514,2018,TV-MA,94,
s3830,Malibu Rescue,Movie,2019-05-13,20190513,2019,TV-G,70,
s3831,Merata: How Mum Decolonised the Screen,Movie,2019-05-12,20190512,2018,TV-14,88,
s3832,The Defected,TV Show,2019-05-12,20190512,2019,TV-14,,1
s3833,Dry Martina,Movie,2019-05-11,20190511,2018,TV-MA,100,
s3834,Shéhérazade,Movie,2019-05-11,20190511,2019,TV-MA,111,
s3835,The Great Magician,Movie,2019-05-11,20190511,2011,TV-14,128,
s3836,Easy,TV Show,2019-05-10,20190510,2019,TV-MA,,3
s3837,In Family I Trust,Movie,2019-05-10,20190510,2018,TV-MA,98,
s3838,Jailbirds,TV Show,2019-05-10,20190510,2019,TV-MA,,1
s3839,The Mechanism,TV Show,2019-05-10,20190510,2019,TV-MA,,2
s3840,The Princess Weiyoung,TV Show,2019-05-10,20190510,2016,TV-14,,1
s3841,The Society,TV Show,2019-05-10,20190510,2019,TV-MA,,1
s3842,Wine Country,Movie,2019-05-10,20190510,2019,R,104,
s3843,Gatao 2: Rise of the King,Movie,2019-05-09,20190509,2018,TV-MA,126,
s3844,Away From Home,TV Show,2019-05-08,20190508,2015,TV-PG,,1
s3845,Bibik-Bibikku,TV Show,2019-05-08,20190508,2016,TV-PG,,1
s3846,Cinta 100KG,TV Show,2019-05-08,20190508,2016,TV-14,,1
s3847,Cinta Iris,TV Show,2019-05-08,20190508,2015,TV-PG,,1
s3848,Cinta Si Wedding Planner,TV Show,2019-05-08,20190508,2015,TV-14,,1
s3849,Cinta Teruna Kimchi,TV Show,2019-05-08,20190508,2016,TV-PG,,1
s3850,Secret of Success,TV Show,2019-05-08,20190508,2015,TV-14,,1
s3851,The Missing Menu,TV Show,2019-05-08,20190508,2016,TV-PG,,1
s3852,Unchained Fate,TV Show,2019-05-08,20190508,2016,TV-14,,1
s3853,Abyss,TV Show,2019-05-07,20190507,2019,TV-14,,1
s3854,I Have a Script,TV Show,2019-05-07,20190507,2019,TV-14,,1
s3855,In the Bosom of a Thorn,TV Show,2019-05-07,20190507,2019,TV-14,,1
s3856,The Writer,TV Show,2019-05-07,20190507,2019,TV-14,,1
s3857,What If?,TV Show,2019-05-07,20190507,2019,TV-14,,1
s3858,Last Breath,Movie,2019-05-06,20190506,2019,TV-MA,86,
s3859,The Wandering Earth,Movie,2019-05-06,20190506,2019,TV-MA,125,
s3860,All In My Family,Movie,2019-05-03,20190503,2019,TV-14,40,
s3861,Crime Diaries: Night Out,TV Show,2019-05-03,20190503,2019,TV-MA,,1
s3862,Cupcake & Dino - General Services,TV Show,2019-05-03,20190503,2019,TV-Y7,,2
s3863,Despite Everything,Movie,2019-05-03,20190503,2019,TV-MA,79,
s3864,"Extremely Wicked, Shockingly Evil and Vile",Movie,2019-05-03,20190503,2019,R,110,
s3865,Flinch,TV Show,2019-05-03,20190503,2019,TV-PG,,1
s3866,Jo Pil-ho: The Dawning Rage,Movie,2019-05-03,20190503,2018,TV-MA,128,
s3867,The Last Summer,Movie,2019-05-03,20190503,2019,TV-14,110,
s3868,Tuca & Bertie,TV Show,2019-05-03,20190503,2019,TV-MA,,1
s3869,Laatu,Movie,2019-05-02,20190502,2018,TV-PG,116,
s3870,Olympus Has Fallen,Movie,2019-05-02,20190502,2013,R,119,
s3871,Code Geass: Lelouch of the Rebellion,TV Show,2019-05-01,20190501,2008,TV-MA,,2
s3872,John & Yoko: Above Us Only Sky,Movie,2019-05-01,20190501,2018,TV-MA,90,
s3873,Knock Down The House,Movie,2019-05-01,20190501,2019,PG,88,
s3874,Munafik 2,Movie,2019-05-01,20190501,2018,TV-MA,104,
s3875,Sur Sapata,Movie,2019-05-01,20190501,2019,TV-14,140,
s3876,A Home with A View,Movie,2019-04-30,20190430,2019,TV-MA,92,
s3877,Angel 'N' Devil,TV Show,2019-04-30,20190430,2014,TV-14,,1
s3878,Anthony Jeselnik: Fire in the Maternity Ward,Movie,2019-04-30,20190430,2019,TV-MA,64,
s3879,Hong Kong West Side Stories,TV Show,2019-04-30,20190430,2018,TV-MA,,1
s3880,Ingress: The Animation,TV Show,2019-04-30,20190430,2018,TV-MA,,1
s3881,K.O. One Re-act,TV Show,2019-04-30,20190430,2013,TV-14,,1
s3882,K.O.3an Guo,TV Show,2019-04-30,20190430,2009,TV-14,,1
s3883,KO One Return,TV Show,2019-04-30,20190430,2012,TV-MA,,1
s3884,The Outsiders,TV Show,2019-04-30,20190430,2004,TV-MA,,1
s3885,Ash vs. Evil Dead,TV Show,2019-04-29,20190429,2018,TV-MA,,3
s3886,Teen Aur Aadha,Movie,2019-04-29,20190429,2018,TV-MA,119,
s3887,Señora Acero,TV Show,2019-04-28,20190428,2018,TV-MA,,5
s3888,Chambers,TV Show,2019-04-26,20190426,2019,TV-MA,,1
s3889,Loving is Losing,Movie,2019-04-26,20190426,2019,TV-MA,91,
s3890,Money Trap,Movie,2019-04-26,20190426,2019,TV-MA,122,
s3891,Njan Prakashan,Movie,2019-04-26,20190426,2018,TV-PG,125,
s3892,ReMastered: Devil at the Crossroads,Movie,2019-04-26,20190426,2019,TV-14,49,
s3893,Street Food,TV Show,2019-04-26,20190426,2019,TV-PG,,1
s3894,The Hateful Eight: Extended Version,TV Show,2019-04-25,20190425,2015,R,,1
s3895,A Fortunate Man,Movie,2019-04-20,20190420,2018,TV-MA,168,
s3896,Grass Is Greener,Movie,2019-04-20,20190420,2019,TV-MA,98,
s3897,Brené Brown: The Call to Courage,Movie,2019-04-19,20190419,2019,TV-14,77,
s3898,KO One,TV Show,2019-04-19,20190419,2005,TV-MA,,1
s3899,Lunatics,TV Show,2019-04-19,20190419,2019,TV-MA,,1
s3900,Music Teacher,Movie,2019-04-19,20190419,2019,TV-14,102,
s3901,My Dear Boy,TV Show,2019-04-19,20190419,2017,TV-MA,,1
s3902,Rilakkuma and Kaoru,TV Show,2019-04-19,20190419,2019,TV-PG,,1
s3903,Samantha!,TV Show,2019-04-19,20190419,2019,TV-MA,,2
s3904,Someone Great,Movie,2019-04-19,20190419,2019,R,92,
s3905,The Ruthless,Movie,2019-04-19,20190419,2019,TV-MA,111,
s3906,A Little Chaos,Movie,2019-04-17,20190417,2014,R,113,
s3907,Franco Escamilla: Bienvenido al mundo,Movie,2019-04-17,20190417,2019,TV-MA,54,
s3908,HOMECOMING: A film by Beyoncé,Movie,2019-04-17,20190417,2019,TV-MA,138,
s3909,About Time,Movie,2019-04-16,20190416,2013,R,123,
s3910,Super Monsters Furever Friends,Movie,2019-04-16,20190416,2019,TV-Y,59,
s3911,Bollywood Calling,Movie,2019-04-15,20190415,2001,TV-MA,102,
s3912,Ek Khiladi Ek Haseena,Movie,2019-04-15,20190415,2005,TV-14,141,
s3913,Generation Iron 3,Movie,2019-04-15,20190415,2018,TV-MA,95,
s3914,Hazaaron Khwaishein Aisi,Movie,2019-04-15,20190415,2003,TV-MA,111,
s3915,Jhankaar Beats,Movie,2019-04-15,20190415,2003,TV-14,131,
s3916,Mumbai Matinee,Movie,2019-04-15,20190415,2003,TV-14,116,
s3917,Rainbow Jelly,Movie,2019-04-15,20190415,2018,TV-14,119,
s3918,Shabd,Movie,2019-04-15,20190415,2005,TV-14,146,
s3919,Shortcut Safari,Movie,2019-04-15,20190415,2016,TV-PG,101,
s3920,Thriller,Movie,2019-04-14,20190414,2018,TV-MA,87,
s3921,Crazy Ex-Girlfriend,TV Show,2019-04-13,20190413,2019,TV-MA,,4
s3922,Who Would You Take to a Deserted Island?,Movie,2019-04-13,20190413,2019,TV-MA,94,
s3923,Dabbe 5: Zehr-i Cin,Movie,2019-04-12,20190412,2014,TV-MA,133,
s3924,Dabbe: The Possession,Movie,2019-04-12,20190412,2013,TV-MA,135,
s3925,Francesco De Carlo: Cose di Questo Mondo,Movie,2019-04-12,20190412,2019,TV-MA,61,
s3926,Huge in France,TV Show,2019-04-12,20190412,2019,TV-MA,,1
s3927,The Perfect Date,Movie,2019-04-12,20190412,2019,TV-14,91,
s3928,New Girl,TV Show,2019-04-11,20190411,2018,TV-14,,7
s3929,Persona,TV Show,2019-04-11,20190411,2019,TV-MA,,1
s3930,Liss Pereira: Reteniendo líquidos,Movie,2019-04-10,20190410,2019,TV-14,59,
s3931,The Silence,Movie,2019-04-10,20190410,2019,PG-13,91,
s3932,You vs. Wild,TV Show,2019-04-10,20190410,2019,TV-PG,,1
s3933,Sarvam Thaala Mayam (Telugu Version),Movie,2019-04-08,20190408,2018,TV-14,131,
s3934,Petta (Telugu Version),Movie,2019-04-07,20190407,2019,TV-14,170,
s3935,Time: The Kalief Browder Story,TV Show,2019-04-07,20190407,2017,TV-MA,,1
s3936,Alien Warfare,Movie,2019-04-05,20190405,2019,TV-MA,88,
s3937,Derek,TV Show,2019-04-05,20190405,2015,TV-MA,,3
s3938,Imposters,TV Show,2019-04-05,20190405,2017,TV-MA,,2
s3939,Our Planet,TV Show,2019-04-05,20190405,2019,TV-PG,,1
s3940,Petta,Movie,2019-04-05,20190405,2019,TV-14,170,
s3941,Quicksand,TV Show,2019-04-05,20190405,2019,TV-MA,,1
s3942,Rimba Racer,TV Show,2019-04-05,20190405,2017,TV-PG,,1
s3943,Roman Empire: Reign of Blood,TV Show,2019-04-05,20190405,2019,TV-MA,,3
s3944,Spirit: Riding Free,TV Show,2019-04-05,20190405,2019,TV-Y7,,8
s3945,Tijuana,TV Show,2019-04-05,20190405,2019,TV-MA,,1
s3946,Unicorn Store,Movie,2019-04-05,20190405,2019,TV-14,92,
s3947,Possessed,TV Show,2019-04-04,20190404,2019,TV-MA,,1
s3948,Ricardo Quevedo: Los amargados somos más,Movie,2019-04-03,20190403,2019,TV-MA,59,
s3949,Suzzanna: Buried Alive,Movie,2019-04-03,20190403,2018,TV-MA,126,
s3950,Tango,TV Show,2019-04-03,20190403,2018,TV-14,,1
s3951,Ek Ladki Ko Dekha Toh Aisa Laga,Movie,2019-04-02,20190402,2019,TV-14,120,
s3952,Jagat,Movie,2019-04-02,20190402,2015,TV-MA,76,
s3953,Kevin Hart: Irresponsible,Movie,2019-04-02,20190402,2019,TV-MA,60,
s3954,Kicko & Super Speedo,TV Show,2019-04-01,20190401,2018,TV-Y7,,1
s3955,Love O2O,Movie,2019-04-01,20190401,2016,TV-14,103,
s3956,Pinky Memsaab,Movie,2019-04-01,20190401,2018,TV-MA,124,
s3957,"That Winter, the Wind Blows",TV Show,2019-04-01,20190401,2013,TV-MA,,1
s3958,The Trap,Movie,2019-04-01,20190401,2017,TV-MA,91,
s3959,Ultraman,TV Show,2019-04-01,20190401,2019,TV-14,,1
s3960,Mercy Black,Movie,2019-03-31,20190331,2019,TV-14,88,
s3961,The Burial of Kojo,Movie,2019-03-31,20190331,2018,TV-14,81,
s3962,Pablo,TV Show,2019-03-30,20190330,2017,TV-Y,,1
s3963,15 August,Movie,2019-03-29,20190329,2019,TV-14,124,
s3964,Bayonet,Movie,2019-03-29,20190329,2019,TV-MA,102,
s3965,Osmosis,TV Show,2019-03-29,20190329,2019,TV-MA,,1
s3966,Santa Clarita Diet,TV Show,2019-03-29,20190329,2019,TV-MA,,3
s3967,The Highwaymen,Movie,2019-03-29,20190329,2019,R,132,
s3968,The Legend of Cocaine Island,Movie,2019-03-29,20190329,2019,TV-MA,87,
s3969,The Terminal,TV Show,2019-03-29,20190329,2018,TV-14,,1
s3970,Traitors,TV Show,2019-03-29,20190329,2019,TV-MA,,1
s3971,Versailles,TV Show,2019-03-29,20190329,2018,TV-MA,,3
s3972,Ainori Love Wagon: Asian Journey,TV Show,2019-03-28,20190328,2018,TV-MA,,2
s3973,Danur: I Can See Ghosts,Movie,2019-03-27,20190327,2017,TV-MA,75,
s3974,Verses of Love,Movie,2019-03-27,20190327,2008,TV-PG,126,
s3975,Nate Bargatze: The Tennessee Kid,Movie,2019-03-26,20190326,2019,TV-PG,61,
s3976,Sei,Movie,2019-03-25,20190325,2018,TV-14,126,
s3977,The Eagle of El-Se'eed,TV Show,2019-03-25,20190325,2018,TV-14,,1
s3978,Superlopez,Movie,2019-03-24,20190324,2018,TV-MA,108,
s3979,Oversize Cops,Movie,2019-03-23,20190323,2017,TV-MA,100,
s3980,Charlie's Colorforms City,TV Show,2019-03-22,20190322,2019,TV-Y,,1
s3981,Crime Diaries: The Candidate,TV Show,2019-03-22,20190322,2019,TV-MA,,1
s3982,Delhi Crime,TV Show,2019-03-22,20190322,2019,TV-MA,,1
s3983,Mirage,Movie,2019-03-22,20190322,2018,TV-MA,129,
s3984,ReMastered: The Miami Showband Massacre,Movie,2019-03-22,20190322,2019,TV-MA,71,
s3985,The 10 Sins,TV Show,2019-03-22,20190322,2018,TV-14,,1
s3986,The Dirt,Movie,2019-03-22,20190322,2019,TV-MA,108,
s3987,The OA,TV Show,2019-03-22,20190322,2019,TV-MA,,2
s3988,Antoine Griezmann: The Making of a Legend,Movie,2019-03-21,20190321,2019,TV-PG,60,
s3989,Bo on the Go!,TV Show,2019-03-21,20190321,2007,TV-Y,,1
s3990,Stay Tuned!,TV Show,2019-03-21,20190321,2019,TV-14,,1
s3991,The Amazing Praybeyt Benjamin,Movie,2019-03-21,20190321,2014,TV-14,105,
s3992,The Super Parental Guardians,Movie,2019-03-21,20190321,2016,TV-14,115,
s3993,The Third Party,Movie,2019-03-21,20190321,2016,TV-MA,118,
s3994,The Unmarried Wife,Movie,2019-03-21,20190321,2016,TV-MA,130,
s3995,Vince and Kath and James,Movie,2019-03-21,20190321,2016,TV-PG,115,
s3996,Alexis Viera: A Story of Surviving,Movie,2019-03-20,20190320,2019,TV-MA,69,
s3997,February 9,TV Show,2019-03-20,20190320,2018,TV-14,,1
s3998,Imago,Movie,2019-03-20,20190320,2018,TV-PG,97,
s3999,My Husband Won't Fit,TV Show,2019-03-20,20190320,2019,TV-MA,,1
s4000,Amy Schumer Growing,Movie,2019-03-19,20190319,2019,TV-MA,61,
s4001,5 Flights Up,Movie,2019-03-17,20190317,2014,PG-13,92,
s4002,Green Door,TV Show,2019-03-17,20190317,2019,TV-MA,,1
s4003,Bombairiya,Movie,2019-03-15,20190315,2018,TV-MA,108,
s4004,Burn Out,Movie,2019-03-15,20190315,2017,TV-MA,104,
s4005,Edoardo Ferrario: Temi Caldi,Movie,2019-03-15,20190315,2019,TV-MA,65,
s4006,Girl,Movie,2019-03-15,20190315,2018,R,106,
s4007,If I Hadn't Met You,TV Show,2019-03-15,20190315,2018,TV-MA,,1
s4008,Jeff Dunham: Arguing with Myself,Movie,2019-03-15,20190315,2006,TV-MA,69,
s4009,Jeff Dunham: Controlled Chaos,Movie,2019-03-15,20190315,2011,TV-MA,97,
s4010,Jeff Dunham: Minding the Monsters,Movie,2019-03-15,20190315,2012,TV-MA,80,
s4011,Jeff Dunham's Very Special Christmas Special,Movie,2019-03-15,20190315,2008,TV-MA,85,
s4012,Late Life: The Chien-Ming Wang Story,Movie,2019-03-15,20190315,2018,TV-14,98,
s4013,My Pride,TV Show,2019-03-15,20190315,2018,TV-14,,1
s4014,Paskal,Movie,2019-03-15,20190315,2018,TV-14,115,
s4015,Robozuna,TV Show,2019-03-15,20190315,2018,TV-Y7,,2
s4016,The Disappearance of Madeleine McCann,TV Show,2019-03-15,20190315,2019,TV-14,,1
s4017,Turn Up Charlie,TV Show,2019-03-15,20190315,2019,TV-MA,,1
s4018,A Love Story,Movie,2019-03-14,20190314,2007,TV-14,117,
s4019,Barcelona: A Love Untold,Movie,2019-03-14,20190314,2016,TV-14,132,
s4020,Everything About Her,Movie,2019-03-14,20190314,2016,TV-MA,127,
s4021,Finally Found Someone,Movie,2019-03-14,20190314,2017,TV-14,125,
s4022,Seven Sundays,Movie,2019-03-14,20190314,2017,TV-MA,128,
s4023,More to Say,TV Show,2019-03-13,20190313,2018,TV-14,,1
s4024,The Land of Hypocrisy,TV Show,2019-03-13,20190313,2018,TV-14,,1
s4025,Triple Frontier,Movie,2019-03-13,20190313,2019,R,126,
s4026,Jimmy Carr: The Best of Ultimate Gold Greatest Hits,Movie,2019-03-12,20190312,2019,TV-MA,58,
s4027,Eugenie Nights,TV Show,2019-03-11,20190311,2018,TV-14,,1
s4028,This Evening,TV Show,2019-03-11,20190311,2017,TV-14,,1
s4029,Into the Badlands,TV Show,2019-03-10,20190310,2018,TV-MA,,3
s4030,Bangkok Love Stories: Hey You!,TV Show,2019-03-08,20190308,2018,TV-14,,1
s4031,Disappearance,TV Show,2019-03-08,20190308,2018,TV-MA,,1
s4032,Hajwala 2: Mysterious Mission,Movie,2019-03-08,20190308,2018,TV-14,116,
s4033,Immortals,TV Show,2019-03-08,20190308,2018,TV-MA,,1
s4034,Juanita,Movie,2019-03-08,20190308,2019,TV-MA,90,
s4035,Lady J,Movie,2019-03-08,20190308,2019,TV-MA,111,
s4036,The Confrontation,TV Show,2019-03-08,20190308,2018,TV-PG,,1
s4037,Walk. Ride. Rodeo.,Movie,2019-03-08,20190308,2019,TV-PG,100,
s4038,Nappily Ever After,Movie,2019-03-07,20190307,2018,TV-MA,99,
s4039,Sisterakas,Movie,2019-03-07,20190307,2012,TV-14,105,
s4040,Starting Over Again,Movie,2019-03-07,20190307,2014,TV-14,128,
s4041,That Thing Called Tadhana,Movie,2019-03-07,20190307,2015,TV-MA,91,
s4042,The Love Affair,Movie,2019-03-07,20190307,2015,TV-MA,127,
s4043,American Crime Story: The People v. O.J. Simpson,TV Show,2019-03-06,20190306,2016,TV-MA,,1
s4044,Secret City,TV Show,2019-03-06,20190306,2016,TV-MA,,2
s4045,A Korean Odyssey,TV Show,2019-03-05,20190305,2017,TV-MA,,1
s4046,The Hard Way,Movie,2019-03-05,20190305,2019,TV-MA,94,
s4047,Everyday I Love You,Movie,2019-03-04,20190304,2015,TV-14,124,
s4048,No Other Woman,Movie,2019-03-04,20190304,2011,TV-MA,103,
s4049,River's Edge,Movie,2019-03-02,20190302,2018,TV-MA,118,
s4050,Sarkar,Movie,2019-03-02,20190302,2018,TV-MA,162,
s4051,Weapon of Choice,Movie,2019-03-02,20190302,2018,TV-MA,89,
s4052,"2,215",Movie,2019-03-01,20190301,2018,TV-MA,89,
s4053,BNK48: Girls Don't Cry,Movie,2019-03-01,20190301,2018,TV-14,108,
s4054,Budapest,Movie,2019-03-01,20190301,2018,TV-MA,103,
s4055,Cricket Fever: Mumbai Indians,TV Show,2019-03-01,20190301,2019,TV-MA,,1
s4056,Larva Island,TV Show,2019-03-01,20190301,2019,TV-Y7,,2
s4057,Losers,TV Show,2019-03-01,20190301,2019,TV-MA,,1
s4058,Northern Rescue,TV Show,2019-03-01,20190301,2019,TV-14,,1
s4059,Pants on Fire,Movie,2019-03-01,20190301,2014,TV-G,87,
s4060,Paranormal Investigation,Movie,2019-03-01,20190301,2018,TV-14,93,
s4061,Radio Rebel,Movie,2019-03-01,20190301,2012,TV-G,90,
s4062,Sarvam Thaala Mayam (Tamil Version),Movie,2019-03-01,20190301,2018,TV-14,131,
s4063,The Boy Who Harnessed the Wind,Movie,2019-03-01,20190301,2019,TV-PG,114,
s4064,The Disastrous Life of Saiki K.,TV Show,2019-03-01,20190301,2018,TV-14,,3
s4065,The Last Runway,Movie,2019-03-01,20190301,2018,TV-MA,107,
s4066,The Spiderwick Chronicles,Movie,2019-03-01,20190301,2008,PG,97,
s4067,Your Son,Movie,2019-03-01,20190301,2018,TV-MA,103,
s4068,Quién te cantará,Movie,2019-02-28,20190228,2018,TV-MA,125,
s4069,A Second Chance,Movie,2019-02-27,20190227,2015,TV-MA,130,
s4070,Beauty and the Bestie,Movie,2019-02-27,20190227,2015,TV-14,119,
s4071,Bride For Rent,Movie,2019-02-27,20190227,2014,TV-PG,110,
s4072,Can't Help Falling in Love,Movie,2019-02-27,20190227,2017,TV-14,120,
s4073,Evening Shadows,Movie,2019-02-27,20190227,2018,TV-PG,102,
s4074,Four Sisters and a Wedding,Movie,2019-02-27,20190227,2013,TV-14,125,
s4075,It Takes a Man and a Woman,Movie,2019-02-27,20190227,2013,TV-PG,127,
s4076,My Ex & Whys,Movie,2019-02-27,20190227,2017,TV-14,121,
s4077,She's Dating the Gangster,Movie,2019-02-27,20190227,2014,TV-14,113,
s4078,The Breakup Playlist,Movie,2019-02-27,20190227,2015,TV-MA,118,
s4079,The Mistress,Movie,2019-02-27,20190227,2012,TV-MA,132,
s4080,Unsolved,TV Show,2019-02-27,20190227,2018,TV-MA,,1
s4081,Zach Galifianakis: Live at the Purple Onion,Movie,2019-02-26,20190226,2006,TV-MA,61,
s4082,Life of An Outcast,Movie,2019-02-25,20190225,2018,TV-PG,80,
s4083,The Photographer Of Mauthausen,Movie,2019-02-23,20190223,2018,TV-MA,110,
s4084,Bert Kreischer: The Machine,Movie,2019-02-22,20190222,2016,TV-MA,70,
s4085,Chef's Table,TV Show,2019-02-22,20190222,2019,TV-MA,,6
s4086,Firebrand,Movie,2019-02-22,20190222,2019,TV-MA,117,
s4087,Paddleton,Movie,2019-02-22,20190222,2019,TV-MA,89,
s4088,Paris Is Us,Movie,2019-02-22,20190222,2019,TV-MA,84,
s4089,Shonar Pahar,Movie,2019-02-22,20190222,2018,TV-PG,131,
s4090,The Big Family Cooking Showdown,TV Show,2019-02-22,20190222,2018,TV-PG,,2
s4091,Z4,TV Show,2019-02-22,20190222,2018,TV-PG,,2
s4092,The Drug King,Movie,2019-02-21,20190221,2018,TV-MA,139,
s4093,Kevin James: Sweat the Small Stuff,Movie,2019-02-20,20190220,2001,TV-PG,42,
s4094,Transformer,Movie,2019-02-20,20190220,2017,TV-MA,79,
s4095,Genius,Movie,2019-02-17,20190217,2018,TV-14,96,
s4096,Black Sea,Movie,2019-02-16,20190216,2015,R,114,
s4097,Studio 54,Movie,2019-02-16,20190216,2018,TV-MA,99,
s4098,Awe,Movie,2019-02-15,20190215,2018,TV-MA,111,
s4099,Ayana,Movie,2019-02-15,20190215,2017,TV-MA,112,
s4100,Behind the Curve,Movie,2019-02-15,20190215,2018,TV-14,96,
s4101,Buddies,Movie,2019-02-15,20190215,2012,TV-MA,103,
s4102,Candyflip,Movie,2019-02-15,20190215,2017,TV-MA,104,
s4103,Chameli,Movie,2019-02-15,20190215,2004,TV-14,102,
s4104,Fatso,Movie,2019-02-15,20190215,2012,TV-14,97,
s4105,Hjørdis,TV Show,2019-02-15,20190215,2015,TV-MA,,1
s4106,Larry Charles' Dangerous World of Comedy,TV Show,2019-02-15,20190215,2019,TV-MA,,1
s4107,Neevevaro,Movie,2019-02-15,20190215,2018,TV-14,132,
s4108,Pyaar Ke Side Effects,Movie,2019-02-15,20190215,2006,TV-MA,120,
s4109,Sur: The Melody of Life,Movie,2019-02-15,20190215,2002,TV-14,137,
s4110,The 43,TV Show,2019-02-15,20190215,2019,TV-MA,,1
s4111,The Breaker Upperers,Movie,2019-02-15,20190215,2018,TV-MA,82,
s4112,The Kirlian Frequency,TV Show,2019-02-15,20190215,2017,TV-14,,1
s4113,Ugly Aur Pagli,Movie,2019-02-15,20190215,2008,TV-14,115,
s4114,Yucatán,Movie,2019-02-15,20190215,2018,TV-MA,130,
s4115,Barbie Dreamhouse Adventures,TV Show,2019-02-14,20190214,2018,TV-Y,,3
s4116,"Ken Jeong: You Complete Me, Ho",Movie,2019-02-14,20190214,2019,TV-MA,62,
s4117,Velvet Colección,TV Show,2019-02-14,20190214,2018,TV-14,,2
s4118,Period. End of Sentence.,Movie,2019-02-12,20190212,2018,TV-PG,26,
s4119,Iron Ladies,TV Show,2019-02-09,20190209,2018,TV-14,,1
s4120,The Break,TV Show,2019-02-09,20190209,2018,TV-MA,,2
s4121,High Flying Bird,Movie,2019-02-08,20190208,2019,TV-MA,91,
s4122,Kevin Hart's Guide to Black History,Movie,2019-02-08,20190208,2019,TV-PG,63,
s4123,One Day at a Time,TV Show,2019-02-08,20190208,2019,TV-PG,,3
s4124,ReMastered: The Two Killings of Sam Cooke,Movie,2019-02-08,20190208,2019,TV-MA,74,
s4125,The Tree of Blood,Movie,2019-02-08,20190208,2018,TV-MA,136,
s4126,The Last of the Schmucks,TV Show,2019-02-07,20190207,2017,TV-MA,,1
s4127,Hidden Worlds,TV Show,2019-02-05,20190205,2018,TV-14,,1
s4128,Live,TV Show,2019-02-05,20190205,2018,TV-MA,,1
s4129,"Ray Romano: Right Here, Around the Corner",Movie,2019-02-05,20190205,2019,TV-MA,59,
s4130,Safe,TV Show,2019-02-05,20190205,2018,TV-MA,,1
s4131,Tayee,TV Show,2019-02-05,20190205,2018,TV-MA,,1
s4132,Violet Evergarden,TV Show,2019-02-05,20190205,2018,TV-14,,1
s4133,Romance is a bonus book,TV Show,2019-02-03,20190203,2019,TV-14,,1
s4134,Await Further Instructions,Movie,2019-02-02,20190202,2018,TV-MA,91,
s4135,Manusangada,Movie,2019-02-02,20190202,2017,TV-14,93,
s4136,14 Minutes from Earth,Movie,2019-02-01,20190201,2016,TV-MA,84,
s4137,Dear Ex,Movie,2019-02-01,20190201,2018,TV-MA,100,
s4138,Free Rein: Valentine's Day,Movie,2019-02-01,20190201,2019,TV-G,51,
s4139,Lego DC Comics: Batman Be-Leaguered,Movie,2019-02-01,20190201,2014,TV-Y7,22,
s4140,LEGO Marvel Super Heroes: Black Panther,Movie,2019-02-01,20190201,2018,TV-Y7,22,
s4141,LEGO Marvel Super Heroes: Guardians of the Galaxy,Movie,2019-02-01,20190201,2017,TV-Y,22,
s4142,Littlest Pet Shop: A World of Our Own,TV Show,2019-02-01,20190201,2018,TV-Y7,,2
s4143,Russian Doll,TV Show,2019-02-01,20190201,2019,TV-MA,,1
s4144,Sparta,TV Show,2019-02-01,20190201,2018,TV-MA,,1
s4145,Sword Art Online Alternative: Gun Gale Online,TV Show,2019-02-01,20190201,2018,TV-MA,,1
s4146,True: Happy Hearts Day,Movie,2019-02-01,20190201,2019,TV-Y,24,
s4147,Velvet Buzzsaw,Movie,2019-02-01,20190201,2019,R,113,
s4148,Hantu Kak Limah,Movie,2019-01-31,20190131,2018,TV-PG,110,
s4149,Love Off the Cuff,Movie,2019-01-31,20190131,2017,TV-MA,120,
s4150,Paprika,TV Show,2019-01-31,20190131,2018,TV-Y,,1
s4151,Maharaja: The Story of Ranjit Singh,Movie,2019-01-30,20190130,2010,TV-14,56,
s4152,Virsa,Movie,2019-01-30,20190130,2010,TV-14,127,
s4153,Bhasmasur,Movie,2019-01-29,20190129,2017,TV-14,74,
s4154,"Gabriel ""Fluffy"" Iglesias: One Show Fits All",Movie,2019-01-29,20190129,2019,TV-14,91,
s4155,High Society,Movie,2019-01-29,20190129,2018,TV-MA,137,
s4156,Up Among  The Stars,Movie,2019-01-29,20190129,2018,TV-MA,86,
s4157,Alt-Right: Age of Rage,Movie,2019-01-28,20190128,2018,TV-MA,106,
s4158,Habibie & Ainun,Movie,2019-01-28,20190128,2012,TV-14,125,
s4159,Nathicharami,Movie,2019-01-28,20190128,2018,TV-MA,114,
s4160,Rudy Habibie,Movie,2019-01-28,20190128,2016,TV-14,143,
s4161,Surga Yang Tak Dirindukan,Movie,2019-01-28,20190128,2015,TV-14,121,
s4162,Surga Yang Tak Dirindukan 2,Movie,2019-01-28,20190128,2017,TV-14,119,
s4163,A Taiwanese Tale of Two Cities,TV Show,2019-01-27,20190127,2018,TV-MA,,1
s4164,Z Nation,TV Show,2019-01-27,20190127,2018,TV-MA,,5
s4165,Goyo: The Boy General,Movie,2019-01-26,20190126,2018,TV-MA,150,
s4166,Animas,Movie,2019-01-25,20190125,2018,TV-MA,88,
s4167,Black Earth Rising,TV Show,2019-01-25,20190125,2018,TV-MA,,1
s4168,Club of Crows,TV Show,2019-01-25,20190125,2019,TV-MA,,4
s4169,Examination of Conscience,TV Show,2019-01-25,20190125,2019,TV-MA,,1
s4170,Mi Obra Maestra,Movie,2019-01-25,20190125,2018,TV-MA,105,
s4171,Polar,Movie,2019-01-25,20190125,2019,TV-MA,119,
s4172,The Perfect Match,TV Show,2019-01-25,20190125,2017,TV-14,,1
s4173,Conversations with a Killer: The Ted Bundy Tapes,TV Show,2019-01-24,20190124,2019,TV-MA,,1
s4174,Just Love,Movie,2019-01-24,20190124,2018,TV-MA,96,
s4175,Innocent,TV Show,2019-01-23,20190123,2017,TV-MA,,1
s4176,Close,Movie,2019-01-18,20190118,2019,TV-MA,95,
s4177,FYRE: The Greatest Party That Never Happened,Movie,2019-01-18,20190118,2019,TV-MA,98,
s4178,IO,Movie,2019-01-18,20190118,2019,TV-14,96,
s4179,Marvel's The Punisher,TV Show,2019-01-18,20190118,2019,TV-MA,,2
s4180,Memory Love,TV Show,2019-01-18,20190118,2017,TV-14,,1
s4181,Old Lord Savanna,Movie,2019-01-18,20190118,2018,TV-14,96,
s4182,Patria,Movie,2019-01-18,20190118,2019,TV-MA,90,
s4183,Soni,Movie,2019-01-18,20190118,2018,TV-MA,97,
s4184,The World's Most Extraordinary Homes,TV Show,2019-01-18,20190118,2019,TV-G,,3
s4185,Trigger Warning with Killer Mike,TV Show,2019-01-18,20190118,2019,TV-MA,,1
s4186,Abducted in Plain Sight,Movie,2019-01-15,20190115,2017,TV-14,90,
s4187,"Abdullah, The Final Witness",Movie,2019-01-15,20190115,2016,TV-14,88,
s4188,Adhugo,Movie,2019-01-15,20190115,2018,TV-14,105,
s4189,Echcharikkai,Movie,2019-01-15,20190115,2018,TV-14,127,
s4190,Lavender,TV Show,2019-01-15,20190115,2002,TV-14,,1
s4191,Pandigai,Movie,2019-01-15,20190115,2017,TV-MA,125,
s4192,Pari,Movie,2019-01-15,20190115,2018,TV-14,116,
s4193,Revenger,Movie,2019-01-15,20190115,2018,TV-MA,102,
s4194,Sebastian Maniscalco: Stay Hungry,Movie,2019-01-15,20190115,2019,TV-MA,65,
s4195,The Doll,Movie,2019-01-15,20190115,2016,TV-MA,106,
s4196,The Doll 2,Movie,2019-01-15,20190115,2017,TV-MA,117,
s4197,La Grande Chaumière Violette,TV Show,2019-01-14,20190114,2016,TV-14,,1
s4198,Baazaar,Movie,2019-01-13,20190113,2018,TV-MA,136,
s4199,All of You,Movie,2019-01-11,20190111,2017,TV-MA,104,
s4200,Back with the Ex,TV Show,2019-01-11,20190111,2018,TV-MA,,1
s4201,Friends from College,TV Show,2019-01-11,20190111,2019,TV-MA,,2
s4202,Hardy Bucks,TV Show,2019-01-11,20190111,2018,TV-MA,,4
s4203,Horrid Henry,TV Show,2019-01-11,20190111,2019,TV-Y7,,2
s4204,ReMastered: Massacre at the Stadium,Movie,2019-01-11,20190111,2019,TV-MA,65,
s4205,Solo,Movie,2019-01-11,20190111,2018,TV-MA,91,
s4206,The Last Laugh,Movie,2019-01-11,20190111,2019,TV-MA,99,
s4207,Pocoyo,TV Show,2019-01-10,20190110,2017,TV-Y,,4
s4208,When Heroes Fly,TV Show,2019-01-10,20190110,2018,TV-MA,,1
s4209,GODZILLA The Planet Eater,Movie,2019-01-09,20190109,2018,TV-PG,91,
s4210,Next Enti?,Movie,2019-01-09,20190109,2018,TV-14,117,
s4211,Komola Rocket,Movie,2019-01-07,20190107,2018,TV-14,95,
s4212,Nang Nak,Movie,2019-01-05,20190105,1999,TV-MA,101,
s4213,And Breathe Normally,Movie,2019-01-04,20190104,2018,TV-14,102,
s4214,El Potro: Unstoppable,Movie,2019-01-04,20190104,2018,TV-MA,122,
s4215,Lionheart,Movie,2019-01-04,20190104,2018,TV-PG,95,
s4216,See You in Time,TV Show,2019-01-04,20190104,2017,TV-14,,1
s4217,Déjà Vu,TV Show,2019-01-02,20190102,2013,TV-14,,1
s4218,Monty Python and the Holy Grail,Movie,2019-01-02,20190102,1975,PG,92,
s4219,A Series of Unfortunate Events,TV Show,2019-01-01,20190101,2019,TV-PG,,3
s4220,Back to the 90s,Movie,2019-01-01,20190101,2015,TV-14,111,
s4221,COMEDIANS of the world,TV Show,2019-01-01,20190101,2019,TV-MA,,13
s4222,Merku Thodarchi Malai,Movie,2019-01-01,20190101,2018,TV-MA,115,
s4223,Moshe Kasher: Live in Oakland,Movie,2019-01-01,20190101,2012,TV-MA,61,
s4224,Pokémon the Movie: I Choose You!,Movie,2019-01-01,20190101,2017,TV-Y7,97,
s4225,Puriyatha Puthir,Movie,2019-01-01,20190101,2017,TV-MA,120,
s4226,Taramani,Movie,2019-01-01,20190101,2017,TV-MA,148,
s4227,The Paper,TV Show,2019-01-01,20190101,2018,TV-MA,,2
s4228,Tidying Up with Marie Kondo,TV Show,2019-01-01,20190101,2019,TV-PG,,1
s4229,Whitney Cummings: Money Shot,Movie,2019-01-01,20190101,2010,TV-MA,48,
s4230,Bill Hicks: One Night Stand,Movie,2018-12-31,20181231,1991,TV-MA,28,
s4231,Bill Hicks: Reflections,Movie,2018-12-31,20181231,2015,TV-MA,34,
s4232,Bill Hicks: Relentless,Movie,2018-12-31,20181231,1992,TV-MA,61,
s4233,Bill Hicks: Revelations,Movie,2018-12-31,20181231,1993,TV-MA,56,
s4234,Bill Hicks: Sane Man,Movie,2018-12-31,20181231,1989,TV-MA,81,
s4235,Gina Yashere: Laughing to America,Movie,2018-12-31,20181231,2013,TV-MA,68,
s4236,Gina Yashere: Skinny B*tch,Movie,2018-12-31,20181231,2008,TV-MA,58,
s4237,Mexicanos de Bronce,Movie,2018-12-31,20181231,2016,TV-MA,100,
s4238,Sam Kinison: Breaking the Rules,Movie,2018-12-31,20181231,1987,TV-MA,50,
s4239,Sam Kinison: Family Entertainment Hour,Movie,2018-12-31,20181231,1991,TV-MA,49,
s4240,Sam Kinison: Live in Vegas,Movie,2018-12-31,20181231,1991,TV-MA,71,
s4241,Sam Kinison: The Scream Continues,Movie,2018-12-31,20181231,2016,TV-MA,29,
s4242,Secrets in the Hot Spring,Movie,2018-12-31,20181231,2018,TV-14,108,
s4243,Taylor Swift reputation Stadium Tour,Movie,2018-12-31,20181231,2018,TV-PG,125,
s4244,The Seven Deadly Sins the Movie: Prisoners of the Sky,Movie,2018-12-31,20181231,2018,TV-14,100,
s4245,Tim Allen: Men Are Pigs,Movie,2018-12-31,20181231,1990,TV-MA,30,
s4246,Tim Allen: ReWires America,Movie,2018-12-31,20181231,1991,TV-MA,30,
s4247,Tim Minchin And The Heritage Orchestra Live,Movie,2018-12-31,20181231,2011,TV-MA,146,
s4248,Tim Minchin: So F**king Rock,Movie,2018-12-31,20181231,2008,TV-MA,127,
s4249,Todd Glass: Stand-Up Special,Movie,2018-12-31,20181231,2012,TV-MA,46,
s4250,Tom Papa Live in New York City,Movie,2018-12-31,20181231,2011,TV-14,57,
s4251,Pioneers: First Women Filmmakers*,TV Show,2018-12-30,20181230,1925,TV-14,,1
s4252,In Family We Trust,TV Show,2018-12-29,20181229,2018,TV-MA,,1
s4253,A Twelve Year Night,Movie,2018-12-28,20181228,2018,TV-MA,122,
s4254,Black Mirror: Bandersnatch,Movie,2018-12-28,20181228,2018,TV-MA,312,
s4255,Hashoter Hatov,TV Show,2018-12-28,20181228,2015,TV-MA,,1
s4256,Life Ki Toh Lag Gayi,Movie,2018-12-28,20181228,2012,TV-MA,109,
s4257,Murder Mountain,TV Show,2018-12-28,20181228,2018,TV-MA,,1
s4258,Selection Day,TV Show,2018-12-28,20181228,2018,TV-14,,1
s4259,The Birth Reborn 3,Movie,2018-12-28,20181228,2018,TV-14,73,
s4260,When Angels Sleep,Movie,2018-12-28,20181228,2018,TV-MA,96,
s4261,Stand Up and Away! with Brian Regan,TV Show,2018-12-24,20181224,2018,TV-PG,,1
s4262,Way Back into Love,TV Show,2018-12-24,20181224,2011,TV-14,,1
s4263,Watership Down,TV Show,2018-12-23,20181223,2018,TV-PG,,1
s4264,Demon's Path,TV Show,2018-12-22,20181222,2018,TV-14,,1
s4265,People Just Do Nothing,TV Show,2018-12-22,20181222,2018,TV-MA,,5
s4266,Single Ladies Senior,TV Show,2018-12-22,20181222,2018,TV-MA,,1
s4267,7 Days Out,TV Show,2018-12-21,20181221,2018,TV-PG,,1
s4268,Bad Seeds,Movie,2018-12-21,20181221,2018,TV-MA,105,
s4269,Bird Box,Movie,2018-12-21,20181221,2018,R,124,
s4270,Jojo's World,TV Show,2018-12-21,20181221,2017,TV-14,,1
s4271,LAST HOPE,TV Show,2018-12-21,20181221,2018,TV-14,,2
s4272,Lion Pride,TV Show,2018-12-21,20181221,2017,TV-MA,,1
s4273,Love @ Seventeen,TV Show,2018-12-21,20181221,2016,TV-14,,1
s4274,Perfume,TV Show,2018-12-21,20181221,2018,TV-MA,,1
s4275,Sirius the Jaeger,TV Show,2018-12-21,20181221,2018,TV-MA,,1
s4276,Struggle: The Life and Lost Art of Szukalski,Movie,2018-12-21,20181221,2018,TV-MA,105,
s4277,Wolf,TV Show,2018-12-21,20181221,2018,TV-MA,,1
s4278,23:59,Movie,2018-12-20,20181220,2011,R,78,
s4279,Aggretsuko: We Wish You a Metal Christmas,Movie,2018-12-20,20181220,2018,TV-PG,22,
s4280,Fate/stay night: Unlimited Blade Works,TV Show,2018-12-20,20181220,2015,TV-14,,2
s4281,Imperfect,Movie,2018-12-20,20181220,2012,TV-MA,95,
s4282,Lang Tong,Movie,2018-12-20,20181220,2015,TV-MA,82,
s4283,Miss J Contemplates Her Choice,Movie,2018-12-20,20181220,2014,TV-MA,89,
s4284,Ascharyachakit!,Movie,2018-12-19,20181219,2018,TV-MA,90,
s4285,Ellen DeGeneres: Relatable,TV Show,2018-12-18,20181218,2018,TV-MA,,1
s4286,Lilli,Movie,2018-12-17,20181217,2018,TV-MA,85,
s4287,Prince of Peoria: A Christmas Moose Miracle,Movie,2018-12-17,20181217,2018,TV-G,29,
s4288,Andhadhun,Movie,2018-12-16,20181216,2018,TV-14,137,
s4289,Ashes of Love,TV Show,2018-12-16,20181216,2018,TV-14,,1
s4290,Dragons: Dawn of the Dragon Racers,Movie,2018-12-16,20181216,2014,TV-PG,27,
s4291,DreamWorks Holiday Classics,TV Show,2018-12-16,20181216,2011,TV-PG,,1
s4292,Kill the Messenger,Movie,2018-12-16,20181216,2014,R,112,
s4293,Maps to the Stars,Movie,2018-12-16,20181216,2014,R,112,
s4294,Springsteen on Broadway,Movie,2018-12-16,20181216,2018,TV-MA,153,
s4295,The Theory of Everything,Movie,2018-12-16,20181216,2014,PG-13,123,
s4296,F.R.E.D.I.,Movie,2018-12-15,20181215,2018,TV-PG,90,
s4297,Flowers,TV Show,2018-12-15,20181215,2018,TV-MA,,2
s4298,Kita Kita,Movie,2018-12-15,20181215,2017,TV-14,84,
s4299,Once in a Lifetime Sessions with George Ezra,Movie,2018-12-15,20181215,2018,TV-MA,78,
s4300,Once in a Lifetime Sessions with Kasabian,Movie,2018-12-15,20181215,2018,TV-MA,79,
s4301,Once in a Lifetime Sessions with OneRepublic,Movie,2018-12-15,20181215,2018,TV-PG,73,
s4302,Once in a Lifetime Sessions with Snow Patrol,Movie,2018-12-15,20181215,2018,TV-MA,83,
s4303,Sad Hill Unearthed,Movie,2018-12-15,20181215,2017,TV-14,83,
s4304,Vanjagar Ulagam,Movie,2018-12-15,20181215,2018,TV-MA,145,
s4305,Hymn of Death,TV Show,2018-12-14,20181214,2018,TV-14,,1
s4306,Inside the Real Narcos,TV Show,2018-12-14,20181214,2018,TV-MA,,1
s4307,ROMA,Movie,2018-12-14,20181214,2018,R,135,
s4308,The Fix,TV Show,2018-12-14,20181214,2018,TV-MA,,1
s4309,The Innocent Man,TV Show,2018-12-14,20181214,2018,TV-MA,,1
s4310,Tidelands,TV Show,2018-12-14,20181214,2018,TV-MA,,1
s4311,Travelers,TV Show,2018-12-14,20181214,2018,TV-MA,,3
s4312,Voltron: Legendary Defender,TV Show,2018-12-14,20181214,2018,TV-Y7,,8
s4313,Back Street Girls -GOKUDOLS-,TV Show,2018-12-12,20181212,2018,TV-MA,,1
s4314,"Out of Many, One",Movie,2018-12-12,20181212,2018,TV-PG,35,
s4315,Vir Das: Losing It,Movie,2018-12-11,20181211,2018,TV-MA,68,
s4316,5 Star Christmas,Movie,2018-12-07,20181207,2018,TV-14,96,
s4317,Dogs of Berlin,TV Show,2018-12-07,20181207,2018,TV-MA,,1
s4318,Dumplin',Movie,2018-12-07,20181207,2018,PG-13,110,
s4319,Free Rein: The Twelve Neighs of Christmas,Movie,2018-12-07,20181207,2018,TV-G,58,
s4320,Mowgli: Legend of the Jungle,Movie,2018-12-07,20181207,2018,PG-13,105,
s4321,Neo Yokio,TV Show,2018-12-07,20181207,2018,TV-MA,,2
s4322,Pine Gap,TV Show,2018-12-07,20181207,2018,TV-MA,,1
s4323,ReMastered: Who Killed Jam Master Jay?,Movie,2018-12-07,20181207,2018,TV-MA,59,
s4324,Super Monsters and the Wish Star,Movie,2018-12-07,20181207,2018,TV-Y,28,
s4325,The American Meme,Movie,2018-12-07,20181207,2018,TV-MA,98,
s4326,RUSSELL BRAND: RE:BIRTH,Movie,2018-12-04,20181204,2018,TV-MA,63,
s4327,The Sound of Your Heart: Reboot,TV Show,2018-12-03,20181203,2018,TV-14,,2
s4328,Memories of the Alhambra,TV Show,2018-12-02,20181202,2018,TV-MA,,1
s4329,Teefa in Trouble,Movie,2018-12-02,20181202,2018,TV-14,155,
s4330,A Beautiful Life,Movie,2018-12-01,20181201,2011,TV-14,122,
s4331,Accident,Movie,2018-12-01,20181201,2009,TV-MA,87,
s4332,"Ayotzinapa, el paso de la tortuga",Movie,2018-12-01,20181201,2018,TV-MA,73,
s4333,Battle,Movie,2018-12-01,20181201,2018,TV-MA,98,
s4334,Blind Detective,Movie,2018-12-01,20181201,2013,TV-MA,130,
s4335,Break Up 100,Movie,2018-12-01,20181201,2014,TV-14,105,
s4336,Chal Bhaag,Movie,2018-12-01,20181201,2014,TV-14,110,
s4337,Crossroads: One Two Jaga,Movie,2018-12-01,20181201,2018,TV-14,81,
s4338,Don't Go Breaking My Heart,Movie,2018-12-01,20181201,2011,TV-PG,115,
s4339,Don't Go Breaking My Heart 2,Movie,2018-12-01,20181201,2014,TV-14,113,
s4340,Faraar,Movie,2018-12-01,20181201,2015,TV-14,146,
s4341,Haunted House,TV Show,2018-12-01,20181201,2017,TV-G,,1
s4342,Helios,Movie,2018-12-01,20181201,2015,TV-14,118,
s4343,Line Walker,Movie,2018-12-01,20181201,2016,TV-MA,109,
s4344,Look for a Star,Movie,2018-12-01,20181201,2009,TV-14,117,
s4345,Oddbods: The Festive Menace,Movie,2018-12-01,20181201,2018,TV-Y,23,
s4346,Once a Gangster,Movie,2018-12-01,20181201,2010,TV-MA,95,
s4347,Power Paandi,Movie,2018-12-01,20181201,2017,TV-MA,124,
s4348,Roll With Me,Movie,2018-12-01,20181201,2017,TV-MA,90,
s4349,SDU: Sex Duties Unit,Movie,2018-12-01,20181201,2013,TV-MA,96,
s4350,Set Off,Movie,2018-12-01,20181201,2008,TV-MA,96,
s4351,1983,TV Show,2018-11-30,20181130,2018,TV-MA,,1
s4352,A Christmas Prince: The Royal Wedding,Movie,2018-11-30,20181130,2018,TV-PG,93,
s4353,Angela's Christmas,Movie,2018-11-30,20181130,2018,TV-Y,30,
s4354,Death by Magic,TV Show,2018-11-30,20181130,2018,TV-PG,,1
s4355,El club de los insomnes,Movie,2018-11-30,20181130,2018,TV-MA,82,
s4356,Happy as Lazzaro,Movie,2018-11-30,20181130,2018,PG-13,127,
s4357,Love and Fortune,TV Show,2018-11-30,20181130,2018,TV-MA,,1
s4358,Manto,Movie,2018-11-30,20181130,2018,TV-MA,114,
s4359,Rajma Chawal,Movie,2018-11-30,20181130,2018,TV-MA,119,
s4360,Spy Kids: Mission Critical,TV Show,2018-11-30,20181130,2018,TV-Y7,,2
s4361,The World Is Yours,Movie,2018-11-30,20181130,2018,TV-MA,101,
s4362,Time Share,Movie,2018-11-30,20181130,2018,TV-MA,96,
s4363,Bumping Mics with Jeff Ross & Dave Attell,TV Show,2018-11-27,20181127,2018,TV-MA,,1
s4364,Minecraft: Story Mode,TV Show,2018-11-27,20181127,2015,TV-PG,,1
s4365,My Little Pony Friendship Is Magic: Best Gift Ever,Movie,2018-11-25,20181125,2018,TV-Y,44,
s4366,Frontier,TV Show,2018-11-23,20181123,2018,TV-MA,,3
s4367,Fugitiva,TV Show,2018-11-23,20181123,2018,TV-MA,,1
s4368,Sick Note,TV Show,2018-11-23,20181123,2018,TV-MA,,2
s4369,Mystery Science Theater 3000: The Return,TV Show,2018-11-22,20181122,2018,TV-14,,2
s4370,The Christmas Chronicles,Movie,2018-11-22,20181122,2018,TV-PG,104,
s4371,The Tribe,Movie,2018-11-21,20181121,2018,TV-MA,91,
s4372,Kulipari: Dream Walker,TV Show,2018-11-20,20181120,2018,TV-Y7,,1
s4373,Paap-O-Meter,TV Show,2018-11-20,20181120,2017,TV-Y7,,1
s4374,Puppy Star Christmas,Movie,2018-11-20,20181120,2018,PG,91,
s4375,Sabrina,Movie,2018-11-20,20181120,2018,TV-MA,114,
s4376,Target,Movie,2018-11-20,20181120,2018,TV-14,91,
s4377,The Final Table,TV Show,2018-11-20,20181120,2018,TV-PG,,1
s4378,Trevor Noah: Son of Patricia,Movie,2018-11-20,20181120,2018,TV-MA,64,
s4379,The Pixar Story,Movie,2018-11-18,20181118,2007,G,89,
s4380,Eternal Love,TV Show,2018-11-17,20181117,2017,TV-14,,1
s4381,La Doña,TV Show,2018-11-17,20181117,2016,TV-14,,1
s4382,Silvana Sin Lana,TV Show,2018-11-17,20181117,2016,TV-14,,1
s4383,Cam,Movie,2018-11-16,20181116,2018,TV-MA,95,
s4384,Nothing to Hide,Movie,2018-11-16,20181116,2018,TV-MA,94,
s4385,Ponysitters Club,TV Show,2018-11-16,20181116,2018,TV-G,,2
s4386,The Ballad of Buster Scruggs,Movie,2018-11-16,20181116,2018,R,133,
s4387,The Princess Switch,Movie,2018-11-16,20181116,2018,TV-G,102,
s4388,Vai Anitta,TV Show,2018-11-16,20181116,2018,TV-MA,,1
s4389,Aalorukkam,Movie,2018-11-15,20181115,2018,TV-PG,122,
s4390,Beyblade Burst Evolution,TV Show,2018-11-15,20181115,2017,TV-Y,,1
s4391,Christmas Wedding Planner,Movie,2018-11-15,20181115,2017,PG,86,
s4392,Halkaa,Movie,2018-11-15,20181115,2018,TV-14,111,
s4393,May the Devil Take You,Movie,2018-11-15,20181115,2018,TV-MA,111,
s4394,Muzaffarnagar Baaqi Hai,Movie,2018-11-15,20181115,2015,TV-MA,136,
s4395,Odu Raja Odu,Movie,2018-11-15,20181115,2018,TV-14,121,
s4396,Savita Damodar Paranjpe,Movie,2018-11-15,20181115,2018,TV-14,119,
s4397,The Giant,Movie,2018-11-15,20181115,2017,TV-14,115,
s4398,BuyBust,Movie,2018-11-13,20181113,2018,TV-MA,128,
s4399,Loudon Wainwright III: Surviving Twin,Movie,2018-11-13,20181113,2018,TV-14,92,
s4400,Warrior,TV Show,2018-11-13,20181113,2018,TV-MA,,1
s4401,Age of Tanks,TV Show,2018-11-10,20181110,2017,TV-PG,,1
s4402,"All's Well, End's Well (2009)",Movie,2018-11-09,20181109,2009,TV-14,99,
s4403,Lommbock,Movie,2018-11-09,20181109,2017,TV-MA,106,
s4404,Medal of Honor,TV Show,2018-11-09,20181109,2018,TV-MA,,1
s4405,Outlaw King,Movie,2018-11-09,20181109,2018,R,122,
s4406,Super Drags,TV Show,2018-11-09,20181109,2018,TV-MA,,1
s4407,The Queen of Flow,TV Show,2018-11-09,20181109,2018,TV-MA,,1
s4408,Treehouse Detectives,TV Show,2018-11-09,20181109,2018,TV-Y,,2
s4409,Westside,TV Show,2018-11-09,20181109,2018,TV-MA,,1
s4410,Transfers,TV Show,2018-11-08,20181108,2017,TV-MA,,1
s4411,Damnation,TV Show,2018-11-07,20181107,2017,TV-MA,,1
s4412,Bucket List,Movie,2018-11-05,20181105,2018,TV-14,129,
s4413,John Leguizamo's Latin History for Morons,Movie,2018-11-05,20181105,2018,TV-MA,90,
s4414,Kopitiam,TV Show,2018-11-03,20181103,2003,TV-14,,7
s4415,Ana e Vitória,Movie,2018-11-02,20181102,2018,TV-MA,116,
s4416,Brainchild,TV Show,2018-11-02,20181102,2018,TV-G,,1
s4417,ReMastered: Tricky Dick & The Man in Black,Movie,2018-11-02,20181102,2018,TV-14,59,
s4418,The Holiday Calendar,Movie,2018-11-02,20181102,2018,TV-G,95,
s4419,The Other Side of the Wind,Movie,2018-11-02,20181102,2018,R,122,
s4420,They’ll Love Me When I’m Dead,Movie,2018-11-02,20181102,2018,TV-MA,98,
s4421,Aagey Se Right,Movie,2018-11-01,20181101,2009,TV-14,117,
s4422,Aamir,Movie,2018-11-01,20181101,2008,TV-14,95,
s4423,ABCD 2,Movie,2018-11-01,20181101,2015,TV-14,146,
s4424,ABCD: Any Body Can Dance,Movie,2018-11-01,20181101,2013,TV-14,136,
s4425,Arjun: The Warrior Prince,Movie,2018-11-01,20181101,2011,TV-14,91,
s4426,Asees,Movie,2018-11-01,20181101,2018,TV-14,123,
s4427,Barfi!,Movie,2018-11-01,20181101,2012,TV-14,144,
s4428,Chance Pe Dance,Movie,2018-11-01,20181101,2010,TV-14,121,
s4429,Christmas With A View,Movie,2018-11-01,20181101,2018,TV-PG,91,
s4430,Chup Chup Ke,Movie,2018-11-01,20181101,2006,TV-14,158,
s4431,Creators,TV Show,2018-11-01,20181101,2015,TV-Y,,2
s4432,Dhan Dhana Dhan Goal,Movie,2018-11-01,20181101,2007,TV-14,157,
s4433,Dhoondte Reh Jaoge,Movie,2018-11-01,20181101,2009,TV-14,124,
s4434,Do Dooni Chaar,Movie,2018-11-01,20181101,2010,TV-PG,106,
s4435,Edge of Fear,Movie,2018-11-01,20181101,2018,TV-MA,92,
s4436,"Edmilson Filho: Notas, Comedy about Relationships",Movie,2018-11-01,20181101,2017,TV-MA,80,
s4437,Follow This,TV Show,2018-11-01,20181101,2018,TV-MA,,3
s4438,Gaddar: the Traitor,Movie,2018-11-01,20181101,2015,TV-14,126,
s4439,Ghanchakkar,Movie,2018-11-01,20181101,2013,TV-MA,129,
s4440,Grandmaster,Movie,2018-11-01,20181101,2012,TV-14,133,
s4441,Hattrick,Movie,2018-11-01,20181101,2007,TV-14,109,
s4442,Heroine,Movie,2018-11-01,20181101,2012,TV-MA,143,
s4443,Himmatwala,Movie,2018-11-01,20181101,2013,TV-14,140,
s4444,Husbands in Goa,Movie,2018-11-01,20181101,2012,TV-14,150,
s4445,Jatts in Golmaal,Movie,2018-11-01,20181101,2013,TV-PG,128,
s4446,Kai Po Che!,Movie,2018-11-01,20181101,2013,TV-MA,120,
s4447,Kalakalappu,Movie,2018-11-01,20181101,2012,TV-14,154,
s4448,Katt Williams: The Pimp Chronicles: Pt. 1,Movie,2018-11-01,20181101,2006,TV-MA,45,
s4449,Katti Batti,Movie,2018-11-01,20181101,2015,TV-14,132,
s4450,Life in a ... Metro,Movie,2018-11-01,20181101,2007,TV-14,126,
s4451,Marc Maron: Thinky Pain,Movie,2018-11-01,20181101,2013,TV-MA,95,
s4452,Mumbai Meri Jaan,Movie,2018-11-01,20181101,2008,TV-MA,135,
s4453,Mundeyan Ton Bachke Rahin,Movie,2018-11-01,20181101,2014,TV-14,139,
s4454,No One Killed Jessica,Movie,2018-11-01,20181101,2011,TV-MA,131,
s4455,Oye Lucky! Lucky Oye!,Movie,2018-11-01,20181101,2008,TV-14,118,
s4456,Paan Singh Tomar,Movie,2018-11-01,20181101,2010,TV-14,129,
s4457,Raja Natwarlal,Movie,2018-11-01,20181101,2014,TV-14,131,
s4458,Satyagraha,Movie,2018-11-01,20181101,2013,TV-14,146,
s4459,Settai,Movie,2018-11-01,20181101,2013,TV-14,123,
s4460,Sigaram Thodu,Movie,2018-11-01,20181101,2014,TV-14,141,
s4461,Sommore: The Reign Continues,Movie,2018-11-01,20181101,2015,TV-MA,93,
s4462,The Great British Baking Show: The Beginnings,TV Show,2018-11-01,20181101,2012,TV-PG,,1
s4463,The Untold Tales of Armistead Maupin,Movie,2018-11-01,20181101,2017,TV-MA,91,
s4464,Vaya,Movie,2018-11-01,20181101,2016,TV-MA,106,
s4465,Welcome to Sajjanpur,Movie,2018-11-01,20181101,2008,TV-14,131,
s4466,Yeh Hai Bakrapur,Movie,2018-11-01,20181101,2014,TV-PG,95,
s4467,Zokkomon,Movie,2018-11-01,20181101,2011,PG,104,
s4468,Gun City,Movie,2018-10-31,20181031,2018,TV-MA,126,
s4469,Heneral Luna,Movie,2018-10-31,20181031,2015,R,118,
s4470,Fate/EXTRA Last Encore,TV Show,2018-10-30,20181030,2018,TV-MA,,2
s4471,Dragon Tiger Gate,Movie,2018-10-27,20181027,2006,TV-14,94,
s4472,Been So Long,Movie,2018-10-26,20181026,2018,TV-MA,100,
s4473,Dovlatov,Movie,2018-10-26,20181026,2018,PG-13,126,
s4474,Jefe,Movie,2018-10-26,20181026,2018,TV-MA,90,
s4475,Santo Cachón,Movie,2018-10-26,20181026,2018,TV-14,87,
s4476,Shirkers,Movie,2018-10-26,20181026,2018,TV-14,97,
s4477,Terrorism Close Calls,TV Show,2018-10-26,20181026,2018,TV-MA,,1
s4478,W/O Ram,Movie,2018-10-26,20181026,2018,TV-MA,115,
s4479,DreamWorks Spooky Stories,TV Show,2018-10-25,20181025,2009,TV-PG,,1
s4480,Great News,TV Show,2018-10-25,20181025,2017,TV-14,,2
s4481,Ronnie Coleman: The King,Movie,2018-10-25,20181025,2018,TV-MA,93,
s4482,Baahubali: The Beginning (English Version),Movie,2018-10-24,20181024,2015,TV-14,138,
s4483,ADAM SANDLER 100% FRESH,Movie,2018-10-23,20181023,2018,TV-MA,74,
s4484,Here to Heart,TV Show,2018-10-23,20181023,2018,TV-14,,1
s4485,Scorpion King 5: Book of Souls,Movie,2018-10-23,20181023,2018,PG-13,102,
s4486,The Hollywood Masters,TV Show,2018-10-23,20181023,2017,TV-MA,,3
s4487,How to Get Over a Breakup,Movie,2018-10-20,20181020,2018,TV-MA,104,
s4488,Accidentally in Love,TV Show,2018-10-19,20181019,2018,TV-14,,1
s4489,Ask the Doctor,TV Show,2018-10-19,20181019,2017,TV-PG,,1
s4490,Best.Worst.Weekend.Ever.,TV Show,2018-10-19,20181019,2018,TV-PG,,1
s4491,"Club de Cuervos Presents: I, Potro",Movie,2018-10-19,20181019,2018,TV-MA,51,
s4492,Derren Brown: Sacrifice,Movie,2018-10-19,20181019,2018,TV-MA,50,
s4493,Gnome Alone,Movie,2018-10-19,20181019,2018,PG,86,
s4494,Illang: The Wolf Brigade,Movie,2018-10-19,20181019,2018,TV-MA,140,
s4495,Making a Murderer,TV Show,2018-10-19,20181019,2018,TV-14,,2
s4496,Marvel's Daredevil,TV Show,2018-10-19,20181019,2018,TV-MA,,3
s4497,Naa Bangaaru Talli,Movie,2018-10-19,20181019,2013,TV-14,122,
s4498,Oddbods: Party Monsters,Movie,2018-10-19,20181019,2018,TV-Y,23,
s4499,Project S The Series,TV Show,2018-10-19,20181019,2017,TV-MA,,4
s4500,S Storm,Movie,2018-10-19,20181019,2016,TV-MA,95,
s4501,The Night Comes for Us,Movie,2018-10-19,20181019,2018,TV-MA,121,
s4502,Wanderlust,TV Show,2018-10-19,20181019,2018,TV-MA,,1
s4503,Mr. Chandramouli,Movie,2018-10-18,20181018,2018,TV-MA,131,
s4504,My Babysitter's a Vampire,TV Show,2018-10-17,20181017,2012,TV-PG,,2
s4505,Rake,TV Show,2018-10-16,20181016,2018,TV-MA,,5
s4506,"Ron White: If You Quit Listening, I'll Shut Up",Movie,2018-10-16,20181016,2018,TV-MA,63,
s4507,Meghnadbodh Rohoshyo,Movie,2018-10-15,20181015,2017,TV-MA,150,
s4508,Sanju,Movie,2018-10-15,20181015,2018,TV-MA,159,
s4509,Stunt Science,TV Show,2018-10-15,20181015,2018,TV-MA,,1
s4510,Soorma,Movie,2018-10-13,20181013,2018,TV-14,131,
s4511,Apostle,Movie,2018-10-12,20181012,2018,TV-MA,130,
s4512,Edgar Rice Burroughs' Tarzan and Jane,TV Show,2018-10-12,20181012,2018,TV-Y7,,2
s4513,Errementari: The Blacksmith and the Devil,Movie,2018-10-12,20181012,2018,TV-MA,99,
s4514,Feminists: What Were They Thinking?,Movie,2018-10-12,20181012,2018,TV-MA,86,
s4515,FIGHTWORLD,TV Show,2018-10-12,20181012,2018,TV-MA,,1
s4516,Kuntilanak,Movie,2018-10-12,20181012,2018,TV-14,106,
s4517,ReMastered: Who Shot the Sheriff,Movie,2018-10-12,20181012,2018,TV-14,57,
s4518,The Curious Creations of Christine McConnell,TV Show,2018-10-12,20181012,2018,TV-PG,,1
s4519,The Haunting of Hill House,TV Show,2018-10-12,20181012,2018,TV-MA,,1
s4520,The Kindergarten Teacher,Movie,2018-10-12,20181012,2018,R,97,
s4521,Ordinary Heroes,TV Show,2018-10-11,20181011,2018,TV-MA,,1
s4522,Salt Fat Acid Heat,TV Show,2018-10-11,20181011,2018,TV-PG,,1
s4523,22 July,Movie,2018-10-10,20181010,2018,R,144,
s4524,Blood Pact,TV Show,2018-10-10,20181010,2018,TV-MA,,1
s4525,Tales From the Hood 2,Movie,2018-10-10,20181010,2018,R,110,
s4526,Mo Amer: The Vagabond,Movie,2018-10-09,20181009,2018,TV-MA,57,
s4527,Pulang,Movie,2018-10-08,20181008,2018,TV-14,119,
s4528,Sofia the First,TV Show,2018-10-08,20181008,2017,TV-Y,,4
s4529,Seven in Heaven,Movie,2018-10-06,20181006,2018,PG-13,94,
s4530,Dancing Queen,TV Show,2018-10-05,20181005,2018,TV-14,,1
s4531,Empire Games,TV Show,2018-10-05,20181005,2018,TV-14,,1
s4532,LOST SONG,TV Show,2018-10-05,20181005,2018,TV-14,,1
s4533,Malevolent,Movie,2018-10-05,20181005,2018,TV-MA,89,
s4534,Private Life,Movie,2018-10-05,20181005,2018,R,124,
s4535,Super Monsters Save Halloween,Movie,2018-10-05,20181005,2018,TV-Y,25,
s4536,YG Future Strategy Office,TV Show,2018-10-05,20181005,2018,TV-MA,,1
s4537,Violet Evergarden: Special,TV Show,2018-10-04,20181004,2018,TV-PG,,1
s4538,The Black Prince,Movie,2018-10-03,20181003,2017,PG-13,121,
s4539,Truth or Dare,Movie,2018-10-03,20181003,2017,TV-MA,88,
s4540,Death Race: Beyond Anarchy,Movie,2018-10-02,20181002,2017,R,111,
s4541,Eric ldle's What About Dick?,Movie,2018-10-02,20181002,2012,TV-MA,81,
s4542,Joe Rogan: Strange Times,Movie,2018-10-02,20181002,2018,TV-MA,64,
s4543,Monty Python Best Bits (mostly),TV Show,2018-10-02,20181002,2014,TV-MA,,1
s4544,Monty Python Conquers America,Movie,2018-10-02,20181002,2008,TV-MA,55,
s4545,"Monty Python Live (Mostly): One Down, Five to Go",Movie,2018-10-02,20181002,2014,TV-MA,137,
s4546,Monty Python: Before the Flying Circus,Movie,2018-10-02,20181002,2000,TV-MA,56,
s4547,Monty Python: Live at Aspen,Movie,2018-10-02,20181002,1998,TV-MA,58,
s4548,Monty Python: Live at The Hollywood Bowl,Movie,2018-10-02,20181002,1982,R,80,
s4549,Monty Python: The Meaning of Live,Movie,2018-10-02,20181002,2014,TV-MA,94,
s4550,Monty Python's Almost the Truth,TV Show,2018-10-02,20181002,2009,TV-MA,,1
s4551,Monty Python's Fliegender Zirkus,TV Show,2018-10-02,20181002,1972,TV-MA,,1
s4552,Monty Python's Flying Circus,TV Show,2018-10-02,20181002,1974,TV-14,,4
s4553,Monty Python's Life of Brian,Movie,2018-10-02,20181002,1979,R,94,
s4554,Monty Python's Personal Best,TV Show,2018-10-02,20181002,2005,TV-MA,,1
s4555,Parrot Sketch Not Included: Twenty Years of Monty Python,Movie,2018-10-02,20181002,1989,TV-14,72,
s4556,The Meaning of Monty Python,Movie,2018-10-02,20181002,2013,TV-MA,60,
s4557,25 Kille,Movie,2018-10-01,20181001,2016,TV-14,140,
s4558,A Witches' Ball,Movie,2018-10-01,20181001,2017,PG,91,
s4559,Agyaat,Movie,2018-10-01,20181001,2009,TV-14,97,
s4560,Anjaan,Movie,2018-10-01,20181001,2014,TV-14,146,
s4561,Bathinda Express,Movie,2018-10-01,20181001,2016,TV-14,118,
s4562,Delhi 6,Movie,2018-10-01,20181001,2009,TV-14,128,
s4563,Dev.D,Movie,2018-10-01,20181001,2009,TV-MA,137,
s4564,Dil Vil Pyaar Vyaar,Movie,2018-10-01,20181001,2014,TV-PG,145,
s4565,Dushman,Movie,2018-10-01,20181001,2017,TV-14,141,
s4566,Ek Main Aur Ekk Tu,Movie,2018-10-01,20181001,2012,TV-14,106,
s4567,Freedom at Midnight,Movie,2018-10-01,20181001,2018,TV-MA,135,
s4568,Haani,Movie,2018-10-01,20181001,2013,TV-14,137,
s4569,Happy Go Lucky,Movie,2018-10-01,20181001,2014,TV-14,129,
s4570,Harishchandrachi Factory,Movie,2018-10-01,20181001,2009,TV-PG,99,
s4571,Hot Date,TV Show,2018-10-01,20181001,2018,TV-MA,,1
s4572,Jagga Jasoos,Movie,2018-10-01,20181001,2017,TV-14,155,
s4573,Jatt James Bond,Movie,2018-10-01,20181001,2014,TV-14,142,
s4574,Jodhaa Akbar,Movie,2018-10-01,20181001,2008,TV-14,214,
s4575,Judge Singh LLB,Movie,2018-10-01,20181001,2015,TV-PG,137,
s4576,Kaminey,Movie,2018-10-01,20181001,2009,TV-14,128,
s4577,Khido Khundi,Movie,2018-10-01,20181001,2018,TV-14,151,
s4578,Khoobsurat,Movie,2018-10-01,20181001,2014,TV-14,121,
s4579,Kisaan,Movie,2018-10-01,20181001,2009,TV-14,101,
s4580,Kismat Konnection,Movie,2018-10-01,20181001,2008,TV-14,145,
s4581,Kurbaan,Movie,2018-10-01,20181001,2009,TV-14,147,
s4582,Lock,Movie,2018-10-01,20181001,2016,TV-14,90,
s4583,Luv Shuv Tey Chicken Khurana,Movie,2018-10-01,20181001,2012,TV-14,129,
s4584,"Main, Meri Patni Aur Woh",Movie,2018-10-01,20181001,2005,TV-PG,129,
s4585,Manje Bistre,Movie,2018-10-01,20181001,2017,TV-14,136,
s4586,Motor Mitraan Di,Movie,2018-10-01,20181001,2016,TV-PG,117,
s4587,Mugamoodi,Movie,2018-10-01,20181001,2012,TV-14,150,
s4588,Muran,Movie,2018-10-01,20181001,2011,TV-14,134,
s4589,My Friend Pinto,Movie,2018-10-01,20181001,2011,TV-14,100,
s4590,My Little Pony Equestria Girls: Forgotten Friendship,Movie,2018-10-01,20181001,2018,TV-Y,44,
s4591,My Little Pony Equestria Girls: Rollercoaster of Friendship,Movie,2018-10-01,20181001,2018,TV-Y,44,
s4592,My Suicide,Movie,2018-10-01,20181001,2009,TV-MA,111,
s4593,Naan Sigappu Manithan,Movie,2018-10-01,20181001,2014,TV-14,147,
s4594,Nasha,Movie,2018-10-01,20181001,2013,TV-14,115,
s4595,Naughty Jatts,Movie,2018-10-01,20181001,2013,TV-PG,121,
s4596,Needhi Singh,Movie,2018-10-01,20181001,2016,TV-14,103,
s4597,Peace Haven,Movie,2018-10-01,20181001,2016,TV-14,73,
s4598,Phantom,Movie,2018-10-01,20181001,2015,TV-14,129,
s4599,Pizza,Movie,2018-10-01,20181001,2014,TV-14,102,
s4600,Pooja Kiven Aa,Movie,2018-10-01,20181001,2013,TV-PG,122,
s4601,Race,Movie,2018-10-01,20181001,2008,TV-14,155,
s4602,Race 2,Movie,2018-10-01,20181001,2013,TV-14,139,
s4603,Saadey CM Saab,Movie,2018-10-01,20181001,2015,TV-PG,131,
s4604,Sat Shri Akaal England,Movie,2018-10-01,20181001,2017,TV-14,127,
s4605,Strong,TV Show,2018-10-01,20181001,2016,TV-14,,1
s4606,Thaandavam,Movie,2018-10-01,20181001,2012,TV-14,156,
s4607,The Birth Reborn,Movie,2018-10-01,20181001,2018,TV-MA,91,
s4608,Theeya Velai Seyyanum Kumaru,Movie,2018-10-01,20181001,2013,TV-PG,132,
s4609,Three Wives One Husband,TV Show,2018-10-01,20181001,2018,TV-14,,1
s4610,Tiger,Movie,2018-10-01,20181001,2016,TV-14,130,
s4611,Udaan,Movie,2018-10-01,20181001,2010,TV-MA,137,
s4612,Vettai,Movie,2018-10-01,20181001,2012,TV-14,156,
s4613,Wake Up Sid,Movie,2018-10-01,20181001,2009,TV-14,132,
s4614,We Are Family,Movie,2018-10-01,20181001,2010,TV-14,119,
s4615,What the Jatt!!,Movie,2018-10-01,20181001,2015,TV-PG,140,
s4616,Zindagi Kitni Haseen Hay,Movie,2018-10-01,20181001,2016,TV-14,126,
s4617,Big Miracle,Movie,2018-09-30,20180930,2012,PG,107,
s4618,Paradise Lost,Movie,2018-09-29,20180929,2018,TV-MA,111,
s4619,Animal World,Movie,2018-09-28,20180928,2018,TV-MA,130,
s4620,Hold the Dark,Movie,2018-09-28,20180928,2018,TV-MA,126,
s4621,Lessons from a School Shooting: Notes from Dunblane,Movie,2018-09-28,20180928,2018,TV-14,24,
s4622,Made in Mexico,TV Show,2018-09-28,20180928,2018,TV-MA,,1
s4623,Reboot: The Guardian Code,TV Show,2018-09-28,20180928,2018,TV-Y7,,2
s4624,Skylanders Academy,TV Show,2018-09-28,20180928,2018,TV-Y7,,3
s4625,The 3rd Eye,Movie,2018-09-28,20180928,2018,TV-MA,108,
s4626,Two Catalonias,Movie,2018-09-28,20180928,2018,TV-MA,117,
s4627,In Darkness,Movie,2018-09-22,20180922,2018,TV-MA,101,
s4628,Battlefish,TV Show,2018-09-21,20180921,2018,TV-MA,,1
s4629,DRAGON PILOT: Hisone & Masotan,TV Show,2018-09-21,20180921,2018,TV-14,,1
s4630,Maniac,TV Show,2018-09-21,20180921,2018,TV-MA,,1
s4631,Quincy,Movie,2018-09-21,20180921,2018,TV-MA,124,
s4632,Rafinha Bastos: Ultimatum,Movie,2018-09-21,20180921,2018,TV-MA,63,
s4633,The Good Cop,TV Show,2018-09-21,20180921,2018,TV-14,,1
s4634,Mobile Suit Gundam UC,TV Show,2018-09-20,20180920,2014,TV-PG,,1
s4635,Transformers: Rescue Bots,TV Show,2018-09-19,20180919,2016,TV-Y7,,1
s4636,Al Hayba,TV Show,2018-09-15,20180915,2017,TV-14,,1
s4637,American Vandal,TV Show,2018-09-14,20180914,2018,TV-MA,,2
s4638,Boca Juniors Confidential,TV Show,2018-09-14,20180914,2018,TV-PG,,1
s4639,Ingobernable,TV Show,2018-09-14,20180914,2018,TV-MA,,2
s4640,Norm Macdonald Has a Show,TV Show,2018-09-14,20180914,2018,TV-MA,,1
s4641,Super Monsters Monster Party,TV Show,2018-09-14,20180914,2018,TV-Y,,1
s4642,The Angel,Movie,2018-09-14,20180914,2018,TV-MA,114,
s4643,The Land of Steady Habits,Movie,2018-09-14,20180914,2018,TV-MA,98,
s4644,The Rise of Phoenixes,TV Show,2018-09-14,20180914,2018,TV-14,,1
s4645,Reversing Roe,Movie,2018-09-13,20180913,2018,TV-14,100,
s4646,Life,TV Show,2018-09-12,20180912,2018,TV-MA,,1
s4647,On My Skin,Movie,2018-09-12,20180912,2018,TV-MA,100,
s4648,Daniel Sloss: Live Shows,TV Show,2018-09-11,20180911,2018,TV-MA,,1
s4649,If I were an Animal,TV Show,2018-09-11,20180911,2018,TV-G,,1
s4650,The Resistance Banker,Movie,2018-09-11,20180911,2018,TV-MA,123,
s4651,Show Me the Money,TV Show,2018-09-09,20180909,2004,TV-14,,2
s4652,Transformers Prime,TV Show,2018-09-08,20180908,2013,TV-Y7,,1
s4653,Transformers: Robots in Disguise,TV Show,2018-09-08,20180908,2016,TV-Y7,,1
s4654,City of Joy,Movie,2018-09-07,20180907,2018,TV-MA,77,
s4655,First and Last,TV Show,2018-09-07,20180907,2018,TV-MA,,1
s4656,Marvel's Iron Fist,TV Show,2018-09-07,20180907,2018,TV-MA,,2
s4657,Next Gen,Movie,2018-09-07,20180907,2018,TV-PG,106,
s4658,Sierra Burgess Is A Loser,Movie,2018-09-07,20180907,2018,PG-13,106,
s4659,Stretch Armstrong & the Flex Fighters,TV Show,2018-09-07,20180907,2018,TV-Y7,,2
s4660,The Most Assassinated Woman in the World,Movie,2018-09-07,20180907,2018,TV-MA,102,
s4661,PK,Movie,2018-09-06,20180906,2014,TV-14,146,
s4662,The Debt Collector,Movie,2018-09-03,20180903,2018,TV-MA,96,
s4663,Monkey Twins,TV Show,2018-09-02,20180902,2018,TV-MA,,1
s4664,Quantico,TV Show,2018-09-02,20180902,2018,TV-14,,3
s4665,Age of Rebellion,TV Show,2018-09-01,20180901,2018,TV-MA,,1
s4666,Carbon,Movie,2018-09-01,20180901,2017,TV-MA,104,
s4667,Garbage,Movie,2018-09-01,20180901,2018,TV-MA,109,
s4668,​​Kuch Bheege Alfaaz,Movie,2018-09-01,20180901,2018,TV-14,110,
s4669,Love and Shukla,Movie,2018-09-01,20180901,2017,TV-MA,110,
s4670,Once Again,Movie,2018-09-01,20180901,2018,TV-PG,101,
s4671,Sisters,TV Show,2018-09-01,20180901,2018,TV-MA,,1
s4672,Sparring,Movie,2018-09-01,20180901,2017,TV-MA,94,
s4673,Cathedral of the Sea,TV Show,2018-08-31,20180831,2017,TV-MA,,1
s4674,Inside the Criminal Mind,TV Show,2018-08-31,20180831,2018,TV-MA,,1
s4675,The Comedy Lineup,TV Show,2018-08-31,20180831,2018,TV-MA,,2
s4676,The Laws of Thermodynamics,Movie,2018-08-31,20180831,2018,TV-MA,101,
s4677,Ultimate Beastmaster,TV Show,2018-08-31,20180831,2018,TV-PG,,3
s4678,Ultimate Beastmaster México,TV Show,2018-08-31,20180831,2018,TV-PG,,3
s4679,Undercover Law,TV Show,2018-08-31,20180831,2017,TV-MA,,1
s4680,Naam Shabana,Movie,2018-08-28,20180828,2017,TV-14,141,
s4681,Qarib Qarib Singlle,Movie,2018-08-28,20180828,2017,TV-14,120,
s4682,Spyder,Movie,2018-08-28,20180828,2017,TV-14,140,
s4683,Chicken Soup for the Soul's Being Dad,TV Show,2018-08-27,20180827,2018,TV-MA,,1
s4684,Maria Bamford: The Special Special Special,Movie,2018-08-25,20180825,2012,TV-MA,50,
s4685,Bert Kreischer: Secret Time,Movie,2018-08-24,20180824,2018,TV-MA,57,
s4686,GHOUL,TV Show,2018-08-24,20180824,2018,TV-MA,,1
s4687,One Last Shot,Movie,2018-08-24,20180824,1998,TV-MA,31,
s4688,Take My Brother Away,TV Show,2018-08-24,20180824,2018,TV-14,,1
s4689,The After Party,Movie,2018-08-24,20180824,2018,TV-MA,90,
s4690,The Innocents,TV Show,2018-08-24,20180824,2018,TV-MA,,1
s4691,Bareilly Ki Barfi,Movie,2018-08-21,20180821,2017,TV-14,110,
s4692,Mersal,Movie,2018-08-21,20180821,2017,TV-14,162,
s4693,Mom,Movie,2018-08-21,20180821,2017,TV-14,139,
s4694,Pad Man,Movie,2018-08-21,20180821,2018,PG-13,130,
s4695,Toilet: Ek Prem Katha,Movie,2018-08-21,20180821,2017,TV-14,145,
s4696,Party Monster: Scratching the Surface,Movie,2018-08-17,20180817,2018,TV-14,33,
s4697,Stay Here,TV Show,2018-08-17,20180817,2018,TV-PG,,1
s4698,The Motive,Movie,2018-08-17,20180817,2017,TV-MA,114,
s4699,To All the Boys I’ve Loved Before,Movie,2018-08-17,20180817,2018,TV-14,100,
s4700,Yoo Byung Jae: Discomfort Zone,Movie,2018-08-17,20180817,2018,TV-MA,54,
s4701,Bhavesh Joshi Superhero,Movie,2018-08-16,20180816,2018,TV-14,150,
s4702,For Here or to Go?,Movie,2018-08-15,20180815,2015,TV-MA,105,
s4703,72 Dangerous Animals: Asia,TV Show,2018-08-10,20180810,2018,TV-14,,1
s4704,Afflicted,TV Show,2018-08-10,20180810,2018,TV-MA,,1
s4705,All About the Washingtons,TV Show,2018-08-10,20180810,2018,TV-PG,,1
s4706,The Guernsey Literary and Potato Peel Pie Society,Movie,2018-08-10,20180810,2018,TV-PG,124,
s4707,The Package,Movie,2018-08-10,20180810,2018,TV-MA,95,
s4708,Zion,Movie,2018-08-10,20180810,2018,TV-PG,12,
s4709,Perdida,Movie,2018-08-09,20180809,2018,TV-MA,104,
s4710,The Originals,TV Show,2018-08-09,20180809,2018,TV-14,,5
s4711,Pretty Man,TV Show,2018-08-08,20180808,2018,TV-14,,1
s4712,On Children,TV Show,2018-08-05,20180805,2018,TV-14,,1
s4713,2 States,Movie,2018-08-04,20180804,2014,TV-PG,143,
s4714,Baaghi,Movie,2018-08-04,20180804,2016,TV-14,127,
s4715,Brij Mohan Amar Rahe,Movie,2018-08-04,20180804,2018,TV-MA,100,
s4716,Flavors of Youth: International Version,Movie,2018-08-04,20180804,2018,TV-PG,74,
s4717,Cocaine Coast,TV Show,2018-08-03,20180803,2018,TV-MA,,1
s4718,Dinotrux Supercharged,TV Show,2018-08-03,20180803,2018,TV-Y7,,3
s4719,Like Father,Movie,2018-08-03,20180803,2018,TV-MA,104,
s4720,7 Khoon Maaf,Movie,2018-08-02,20180802,2011,TV-MA,148,
s4721,Chillar Party,Movie,2018-08-02,20180802,2011,TV-PG,127,
s4722,Fashion,Movie,2018-08-02,20180802,2008,TV-MA,158,
s4723,Fitoor,Movie,2018-08-02,20180802,2016,TV-14,124,
s4724,Fiza,Movie,2018-08-02,20180802,2000,TV-14,163,
s4725,Guzaarish,Movie,2018-08-02,20180802,2010,TV-14,121,
s4726,Haider,Movie,2018-08-02,20180802,2014,TV-MA,154,
s4727,Highway,Movie,2018-08-02,20180802,2014,TV-14,127,
s4728,I Hate Luv Storys,Movie,2018-08-02,20180802,2010,TV-14,128,
s4729,Joker,Movie,2018-08-02,20180802,2012,TV-PG,98,
s4730,Main aurr Mrs. Khanna,Movie,2018-08-02,20180802,2009,TV-14,109,
s4731,Mohenjo Daro,Movie,2018-08-02,20180802,2016,TV-14,168,
s4732,Raajneeti,Movie,2018-08-02,20180802,2010,TV-14,162,
s4733,Rang De Basanti,Movie,2018-08-02,20180802,2006,TV-14,159,
s4734,Rowdy Rathore,Movie,2018-08-02,20180802,2012,TV-14,137,
s4735,Tamasha,Movie,2018-08-02,20180802,2015,TV-14,133,
s4736,Tere Naal Love Ho Gaya,Movie,2018-08-02,20180802,2012,TV-14,127,
s4737,Thank You,Movie,2018-08-02,20180802,2011,TV-14,131,
s4738,The Blue Umbrella,Movie,2018-08-02,20180802,2005,TV-PG,90,
s4739,Becoming Champions,TV Show,2018-08-01,20180801,2018,TV-G,,1
s4740,Being Napoleon,Movie,2018-08-01,20180801,2018,TV-MA,88,
s4741,Invisible,Movie,2018-08-01,20180801,2017,TV-MA,87,
s4742,Switched,TV Show,2018-08-01,20180801,2018,TV-MA,,1
s4743,The Could’ve-Gone-All-the-Way Committee,TV Show,2018-08-01,20180801,2018,TV-14,,1
s4744,A Very Secret Service,TV Show,2018-07-30,20180730,2018,TV-MA,,2
s4745,SWORDGAI The Animation,TV Show,2018-07-30,20180730,2018,TV-MA,,2
s4746,Da Kath & Kim Code,Movie,2018-07-28,20180728,2005,TV-PG,82,
s4747,Kath & Kimderella,Movie,2018-07-28,20180728,2012,TV-14,86,
s4748,Kath and Kim,TV Show,2018-07-28,20180728,2007,TV-MA,,6
s4749,The Mansion,Movie,2018-07-28,20180728,2017,TV-MA,100,
s4750,Coco y Raulito: Carrusel de ternura,Movie,2018-07-27,20180727,2018,TV-MA,57,
s4751,El Chapo,TV Show,2018-07-27,20180727,2018,TV-MA,,3
s4752,Extinction,Movie,2018-07-27,20180727,2018,TV-MA,95,
s4753,Smoking,TV Show,2018-07-27,20180727,2018,TV-MA,,1
s4754,The Bleeding Edge,Movie,2018-07-27,20180727,2018,TV-14,101,
s4755,Welcome to the Family,TV Show,2018-07-27,20180727,2018,TV-MA,,1
s4756,Parmanu: The Story of Pokhran,Movie,2018-07-25,20180725,2018,TV-PG,124,
s4757,Iliza Shlesinger: Elder Millennial,Movie,2018-07-24,20180724,2018,TV-MA,72,
s4758,The Warning,Movie,2018-07-24,20180724,2018,TV-MA,93,
s4759,Amazing Interiors,TV Show,2018-07-20,20180720,2018,TV-PG,,1
s4760,Dark Tourist,TV Show,2018-07-20,20180720,2018,TV-MA,,1
s4761,Duck Duck Goose,Movie,2018-07-20,20180720,2018,PG,92,
s4762,Father of the Year,Movie,2018-07-20,20180720,2018,TV-MA,95,
s4763,Home: Adventures with Tip & Oh,TV Show,2018-07-20,20180720,2018,TV-Y7,,4
s4764,Jimmy: The True Story of a True Idiot,TV Show,2018-07-20,20180720,2018,TV-MA,,1
s4765,Luna Petunia: Return to Amazia,TV Show,2018-07-20,20180720,2018,TV-Y,,2
s4766,Nothing to Lose,Movie,2018-07-20,20180720,2018,PG,133,
s4767,El club de los buenos infieles,Movie,2018-07-19,20180719,2018,TV-MA,85,
s4768,Camarón Revolution,TV Show,2018-07-18,20180718,2018,TV-14,,1
s4769,Camarón: The Film,Movie,2018-07-18,20180718,2018,TV-14,105,
s4770,GODZILLA City on the Edge of Battle,Movie,2018-07-18,20180718,2018,TV-14,101,
s4771,Going for Gold,Movie,2018-07-15,20180715,2018,TV-G,88,
s4772,The Joel McHale Show with Joel McHale,TV Show,2018-07-15,20180715,2018,TV-MA,,2
s4773,Meteor Garden,TV Show,2018-07-14,20180714,2018,TV-14,,1
s4774,How It Ends,Movie,2018-07-13,20180713,2018,TV-MA,113,
s4775,Jim Jefferies: This Is Me Now,Movie,2018-07-13,20180713,2018,TV-MA,71,
s4776,Romina,Movie,2018-07-13,20180713,2018,TV-MA,75,
s4777,Mossad 101,TV Show,2018-07-11,20180711,2017,TV-MA,,2
s4778,Baby Ballroom,TV Show,2018-07-10,20180710,2018,TV-MA,,2
s4779,Drug Lords,TV Show,2018-07-10,20180710,2018,TV-MA,,2
s4780,Mr. Sunshine,TV Show,2018-07-08,20180708,2018,TV-MA,,1
s4781,First Team: Juventus,TV Show,2018-07-06,20180706,2018,TV-PG,,2
s4782,Luciano Mellera: Infantiloide,Movie,2018-07-06,20180706,2018,TV-14,66,
s4783,The Legacy of a Whitetail Deer Hunter,Movie,2018-07-06,20180706,2018,TV-14,83,
s4784,The Skin of the Wolf,Movie,2018-07-06,20180706,2018,TV-MA,110,
s4785,White Fang,Movie,2018-07-06,20180706,2018,TV-PG,88,
s4786,Sommore: Chandelier Status,Movie,2018-07-04,20180704,2013,TV-MA,77,
s4787,Felipe Esparza: They're Not Going to Laugh at You,Movie,2018-07-03,20180703,2012,TV-MA,58,
s4788,Joan Rivers: Don't Start with Me,Movie,2018-07-03,20180703,2012,TV-MA,69,
s4789,Katt Williams: Kattpacalypse,Movie,2018-07-03,20180703,2012,TV-MA,61,
s4790,King of Peking,Movie,2018-07-02,20180702,2018,TV-14,88,
s4791,Anthony Kaun Hai?,Movie,2018-07-01,20180701,2006,TV-14,122,
s4792,Bo Burnham: what.,Movie,2018-07-01,20180701,2013,TV-MA,60,
s4793,Chalte Chalte,Movie,2018-07-01,20180701,2003,TV-14,166,
s4794,Deewana Main Deewana,Movie,2018-07-01,20180701,2013,TV-14,107,
s4795,Duck Butter,Movie,2018-07-01,20180701,2018,TV-MA,94,
s4796,I Am Kalam,Movie,2018-07-01,20180701,2010,TV-PG,87,
s4797,My Birthday Song,Movie,2018-07-01,20180701,2018,TV-14,92,
s4798,Namastey London,Movie,2018-07-01,20180701,2007,TV-14,130,
s4799,NCIS,TV Show,2018-07-01,20180701,2017,TV-14,,15
s4800,Soul Robbers,Movie,2018-07-01,20180701,2015,TV-14,88,
s4801,Tum Milo Toh Sahi,Movie,2018-07-01,20180701,2010,TV-14,128,
s4802,What We Started,Movie,2018-07-01,20180701,2017,TV-MA,96,
s4803,Zoo,Movie,2018-07-01,20180701,2018,TV-MA,94,
s4804,Bill Burr: You People Are All the Same,Movie,2018-06-30,20180630,2012,TV-MA,69,
s4805,Somewhere Between,TV Show,2018-06-30,20180630,2017,TV-14,,1
s4806,The Maus,Movie,2018-06-30,20180630,2017,TV-MA,90,
s4807,Calibre,Movie,2018-06-29,20180629,2018,TV-MA,101,
s4808,Churchill’s Secret Agents: The New Recruits,TV Show,2018-06-29,20180629,2018,TV-MA,,1
s4809,Jani Dueñas: Grandes fracasos de ayer y hoy,Movie,2018-06-29,20180629,2018,TV-MA,77,
s4810,Kiss Me First,TV Show,2018-06-29,20180629,2018,TV-MA,,1
s4811,Penalty Kick,Movie,2018-06-29,20180629,2018,TV-14,89,
s4812,Recovery Boys,Movie,2018-06-29,20180629,2018,TV-MA,90,
s4813,TAU,Movie,2018-06-29,20180629,2018,R,98,
s4814,Hotel Transylvania,TV Show,2018-06-26,20180626,2017,TV-Y7,,1
s4815,W. Kamau Bell: Private School Negro,Movie,2018-06-26,20180626,2018,TV-MA,66,
s4816,Borges,TV Show,2018-06-25,20180625,2018,TV-MA,,1
s4817,Expelled from Paradise,Movie,2018-06-25,20180625,2014,TV-MA,103,
s4818,"To Each, Her Own",Movie,2018-06-24,20180624,2018,TV-MA,95,
s4819,Life Sentence,TV Show,2018-06-23,20180623,2018,TV-14,,1
s4820,Brain on Fire,Movie,2018-06-22,20180622,2016,PG-13,89,
s4821,Derren Brown: Miracle,Movie,2018-06-22,20180622,2018,TV-MA,74,
s4822,Marvel's Luke Cage,TV Show,2018-06-22,20180622,2018,TV-MA,,2
s4823,Us and Them,Movie,2018-06-22,20180622,2018,TV-MA,119,
s4824,Hannah Gadsby: Nanette,Movie,2018-06-19,20180619,2018,TV-MA,70,
s4825,Club de Cuervos Presents: The Ballad of Hugo Sánchez,TV Show,2018-06-18,20180618,2018,TV-MA,,1
s4826,Lust Stories,Movie,2018-06-15,20180615,2018,TV-MA,121,
s4827,Maktub,Movie,2018-06-15,20180615,2018,TV-MA,106,
s4828,Pacificum: Return to the Ocean,Movie,2018-06-15,20180615,2017,TV-G,74,
s4829,Set It Up,Movie,2018-06-15,20180615,2018,TV-MA,106,
s4830,Sunday's Illness,Movie,2018-06-15,20180615,2017,PG-13,113,
s4831,The last hour,Movie,2018-06-15,20180615,2017,TV-MA,119,
s4832,True: Magical Friends,TV Show,2018-06-15,20180615,2018,TV-Y,,1
s4833,True: Wonderful Wishes,TV Show,2018-06-15,20180615,2018,TV-Y,,1
s4834,Alex Strangelove,Movie,2018-06-08,20180608,2018,TV-MA,100,
s4835,Ali's Wedding,Movie,2018-06-08,20180608,2018,TV-MA,110,
s4836,Franco Escamilla: Por la anécdota,Movie,2018-06-08,20180608,2018,TV-MA,66,
s4837,The Staircase,TV Show,2018-06-08,20180608,2018,TV-MA,,1
s4838,The Night Shift,TV Show,2018-06-07,20180607,2017,TV-14,,4
s4839,Dinosaur King,TV Show,2018-06-02,20180602,2008,TV-Y7,,2
s4840,B.A. Pass 2,Movie,2018-06-01,20180601,2017,TV-14,126,
s4841,Bad Genius,Movie,2018-06-01,20180601,2017,TV-MA,130,
s4842,November 13: Attack on Paris,TV Show,2018-06-01,20180601,2018,TV-MA,,1
s4843,Outside In,Movie,2018-06-01,20180601,2018,TV-MA,110,
s4844,Pedal the World,Movie,2018-06-01,20180601,2015,TV-MA,85,
s4845,Unbreakable Kimmy Schmidt,TV Show,2018-05-30,20180530,2019,TV-14,,4
s4846,Arrested Development,TV Show,2018-05-29,20180529,2019,TV-MA,,5
s4847,The Break with Michelle Wolf,TV Show,2018-05-27,20180527,2018,TV-MA,,1
s4848,Sara's Notebook,Movie,2018-05-26,20180526,2018,TV-MA,117,
s4849,Something in the Rain,TV Show,2018-05-26,20180526,2018,TV-MA,,1
s4850,Fernando Sanjiao: Hombre,Movie,2018-05-25,20180525,2018,TV-MA,63,
s4851,Ibiza,Movie,2018-05-25,20180525,2018,TV-MA,94,
s4852,Steve Martin and Martin Short: An Evening You Will Forget for the Rest of Your Life,Movie,2018-05-25,20180525,2018,TV-14,74,
s4853,Trollhunters,TV Show,2018-05-25,20180525,2018,TV-Y7,,3
s4854,Mob Psycho 100,TV Show,2018-05-22,20180522,2018,TV-MA,,1
s4855,Tig Notaro Happy To Be Here,Movie,2018-05-22,20180522,2018,TV-14,58,
s4856,Catching Feelings,Movie,2018-05-18,20180518,2018,TV-MA,117,
s4857,Dance & Sing with True,TV Show,2018-05-18,20180518,2018,TV-Y,,1
s4858,Inspector Gadget,TV Show,2018-05-18,20180518,2017,TV-Y7,,4
s4859,Katt Williams: American Hustle (The Movie),Movie,2018-05-17,20180517,2007,TV-MA,89,
s4860,Food on the Go,Movie,2018-05-16,20180516,2017,TV-MA,66,
s4861,Aiyaary,Movie,2018-05-15,20180515,2018,TV-MA,158,
s4862,Lupin the 3rd: The Castle of Cagliostro: Special Edition,Movie,2018-05-15,20180515,1979,PG-13,100,
s4863,Saint Seiya: The Lost Canvas,TV Show,2018-05-15,20180515,2009,TV-MA,,1
s4864,Ali Wong: Hard Knock Wife,Movie,2018-05-13,20180513,2018,TV-MA,64,
s4865,Spivak,Movie,2018-05-12,20180512,2017,TV-MA,92,
s4866,Bill Nye Saves the World,TV Show,2018-05-11,20180511,2018,TV-14,,3
s4867,Carlos Ballarta: Furia Ñera,Movie,2018-05-11,20180511,2018,TV-MA,63,
s4868,Evil Genius,TV Show,2018-05-11,20180511,2018,TV-MA,,1
s4869,The Kissing Booth,Movie,2018-05-11,20180511,2018,TV-14,105,
s4870,The Who Was? Show,TV Show,2018-05-11,20180511,2018,TV-PG,,1
s4871,Hari Kondabolu: Warn Your Relatives,Movie,2018-05-08,20180508,2018,TV-MA,67,
s4872,My Fuhrer,Movie,2018-05-07,20180507,2007,TV-14,91,
s4873,Family Blood,Movie,2018-05-05,20180505,2018,TV-MA,92,
s4874,Pup Star: World Tour,Movie,2018-05-05,20180505,2018,G,87,
s4875,A Little Help with Carol Burnett,TV Show,2018-05-04,20180504,2018,TV-G,,1
s4876,Anon,Movie,2018-05-04,20180504,2018,TV-MA,100,
s4877,Dany Boon: Des Hauts De France,Movie,2018-05-04,20180504,2018,TV-MA,113,
s4878,End Game,Movie,2018-05-04,20180504,2018,TV-PG,40,
s4879,Forgive Us Our Debts,Movie,2018-05-04,20180504,2018,TV-MA,105,
s4880,Kong: King of the Apes,TV Show,2018-05-04,20180504,2018,TV-Y7,,2
s4881,Lo más sencillo es complicarlo todo,Movie,2018-05-04,20180504,2018,TV-14,94,
s4882,Manhunt,Movie,2018-05-04,20180504,2017,TV-MA,109,
s4883,Thi Mai,Movie,2018-05-04,20180504,2017,TV-MA,99,
s4884,Si saben cómo me pongo ¿pá qué me invitan?,Movie,2018-05-03,20180503,2018,TV-MA,89,
s4885,Jailbreak,Movie,2018-05-02,20180502,2017,TV-MA,92,
s4886,Ajji,Movie,2018-05-01,20180501,2017,TV-MA,105,
s4887,CIA: Comrade in America,Movie,2018-05-01,20180501,2017,TV-14,130,
s4888,Coffee for All,Movie,2018-05-01,20180501,2017,TV-PG,69,
s4889,Darc,Movie,2018-05-01,20180501,2018,TV-MA,98,
s4890,Despido Procedente,Movie,2018-05-01,20180501,2017,TV-MA,90,
s4891,John Mulaney: Kid Gorgeous at Radio City,Movie,2018-05-01,20180501,2018,TV-MA,65,
s4892,My Perfect Romance,Movie,2018-05-01,20180501,2018,PG,92,
s4893,Pocoyo & Cars,Movie,2018-05-01,20180501,2015,TV-Y,19,
s4894,Pocoyo & The Space Circus,Movie,2018-05-01,20180501,2008,TV-Y,25,
s4895,Pocoyo Carnival,Movie,2018-05-01,20180501,2015,TV-Y,22,
s4896,Pocoyo Halloween: Space Halloween,Movie,2018-05-01,20180501,2015,TV-Y,40,
s4897,Pocoyo Halloween: Spooky Movies,Movie,2018-05-01,20180501,2014,TV-Y,22,
s4898,Pocoyo Special Sports,Movie,2018-05-01,20180501,2016,TV-Y,24,
s4899,Simon,TV Show,2018-05-01,20180501,2016,TV-Y,,1
s4900,Sometimes,Movie,2018-05-01,20180501,2016,TV-14,101,
s4901,Spiritual House,TV Show,2018-05-01,20180501,2017,TV-PG,,1
s4902,The Clapper,Movie,2018-05-01,20180501,2017,R,90,
s4903,Toc Toc,Movie,2018-05-01,20180501,2017,TV-MA,96,
s4904,Black Crows,TV Show,2018-04-30,20180430,2017,TV-14,,1
s4905,Running Shaadi,Movie,2018-04-30,20180430,2017,TV-14,115,
s4906,The Price of Success,Movie,2018-04-30,20180430,2017,TV-MA,92,
s4907,Bobby Kennedy for President,TV Show,2018-04-27,20180427,2018,TV-MA,,1
s4908,Candy Jar,Movie,2018-04-27,20180427,2018,TV-14,93,
s4909,Goodnight DJ 1,TV Show,2018-04-27,20180427,2016,TV-14,,2
s4910,Holy Goalie,Movie,2018-04-27,20180427,2017,TV-MA,95,
s4911,Moving On,TV Show,2018-04-27,20180427,2016,TV-PG,,1
s4912,The Rachel Divide,Movie,2018-04-27,20180427,2018,TV-MA,105,
s4913,The Week Of,Movie,2018-04-27,20180427,2018,TV-14,117,
s4914,Trio and a Bed,TV Show,2018-04-27,20180427,2016,TV-PG,,1
s4915,海的儿子,TV Show,2018-04-27,20180427,2016,TV-14,,1
s4916,Enissa Amani: Ehrenwort,Movie,2018-04-26,20180426,2018,TV-MA,66,
s4917,Bill Nye: Science Guy,Movie,2018-04-25,20180425,2017,TV-PG,97,
s4918,Fishtronaut: The Movie,Movie,2018-04-25,20180425,2018,TV-Y,78,
s4919,Psychokinesis,Movie,2018-04-25,20180425,2018,TV-MA,102,
s4920,Kevin James: Never Don't Give Up,Movie,2018-04-24,20180424,2018,TV-PG,62,
s4921,Dude,Movie,2018-04-20,20180420,2018,TV-MA,97,
s4922,Kodachrome,Movie,2018-04-20,20180420,2018,TV-MA,105,
s4923,Mercury 13,Movie,2018-04-20,20180420,2018,TV-PG,79,
s4924,All The Reasons To Forget,Movie,2018-04-19,20180419,2017,TV-MA,90,
s4925,Charité,TV Show,2018-04-19,20180419,2017,TV-MA,,1
s4926,The Chalet,TV Show,2018-04-17,20180417,2018,TV-MA,,1
s4927,The Honeymoon Stand Up Special,TV Show,2018-04-17,20180417,2018,TV-MA,,1
s4928,Beyond Skyline,Movie,2018-04-15,20180415,2017,R,107,
s4929,Come Sunday,Movie,2018-04-13,20180413,2018,TV-14,105,
s4930,I Am not an Easy Man,Movie,2018-04-13,20180413,2018,TV-MA,99,
s4931,The Magic School Bus Rides Again,TV Show,2018-04-13,20180413,2018,TV-Y,,2
s4932,Pickpockets,Movie,2018-04-12,20180412,2017,TV-MA,108,
s4933,Greg Davies: You Magnificent Beast,Movie,2018-04-10,20180410,2018,TV-MA,66,
s4934,AMO,TV Show,2018-04-09,20180409,2017,TV-MA,,1
s4935,6 Balloons,Movie,2018-04-06,20180406,2018,TV-MA,75,
s4936,Amateur,Movie,2018-04-06,20180406,2018,TV-MA,96,
s4937,Orbiter 9,Movie,2018-04-06,20180406,2017,TV-14,95,
s4938,"Ram Dass, Going Home",Movie,2018-04-06,20180406,2018,TV-14,32,
s4939,Seth Rogen's Hilarity for Charity,Movie,2018-04-06,20180406,2018,TV-MA,70,
s4940,Sun Dogs,Movie,2018-04-06,20180406,2017,TV-MA,94,
s4941,Todo lo que sería Lucas Lauriente,Movie,2018-04-06,20180406,2018,TV-MA,78,
s4942,Troy,TV Show,2018-04-06,20180406,2018,TV-MA,,1
s4943,Wakfu,TV Show,2018-04-06,20180406,2017,TV-PG,,3
s4944,Day of the Dead: Bloodline,Movie,2018-04-05,20180405,2018,R,91,
s4945,Fary Is the New Black,Movie,2018-04-03,20180403,2018,TV-MA,75,
s4946,Ittefaq,Movie,2018-04-03,20180403,2017,TV-MA,105,
s4947,Star Trek: The Next Generation,TV Show,2018-04-02,20180402,1993,TV-PG,,7
s4948,A Sort of Family,Movie,2018-04-01,20180401,2017,TV-14,96,
s4949,Billu,Movie,2018-04-01,20180401,2009,TV-PG,132,
s4950,Fallet,TV Show,2018-04-01,20180401,2017,TV-MA,,1
s4951,John Mulaney: New in Town,Movie,2018-04-01,20180401,2012,TV-MA,60,
s4952,Loaded,TV Show,2018-04-01,20180401,2017,TV-MA,,1
s4953,Main Hoon Na,Movie,2018-04-01,20180401,2004,TV-14,171,
s4954,Metro,Movie,2018-04-01,20180401,2016,TV-14,116,
s4955,Om Shanti Om,Movie,2018-04-01,20180401,2007,TV-14,169,
s4956,Paheli,Movie,2018-04-01,20180401,2005,TV-PG,134,
s4957,Phir Bhi Dil Hai Hindustani,Movie,2018-04-01,20180401,2000,TV-14,159,
s4958,Doctor Foster,TV Show,2018-03-31,20180331,2017,TV-MA,,2
s4959,Revolt,Movie,2018-03-31,20180331,2017,R,87,
s4960,First Match,Movie,2018-03-30,20180330,2018,TV-MA,103,
s4961,Happy Anniversary,Movie,2018-03-30,20180330,2018,TV-MA,78,
s4962,Rapture,TV Show,2018-03-30,20180330,2018,TV-MA,,1
s4963,Sofía Niño de Rivera: Selección Natural,Movie,2018-03-30,20180330,2018,TV-MA,62,
s4964,The Titan,Movie,2018-03-30,20180330,2018,TV-MA,97,
s4965,Trailer Park Boys,TV Show,2018-03-30,20180330,2018,TV-MA,,12
s4966,Trailer Park Boys: Countdown to Liquor Day,Movie,2018-03-30,20180330,2009,R,102,
s4967,Trailer Park Boys: The Movie,Movie,2018-03-30,20180330,2006,R,95,
s4968,Trump: An American Dream,TV Show,2018-03-30,20180330,2018,TV-14,,1
s4969,James Acaster: Repertoire,TV Show,2018-03-27,20180327,2018,TV-14,,1
s4970,Birdshot,Movie,2018-03-26,20180326,2016,TV-MA,115,
s4971,"Game Over, Man!",Movie,2018-03-23,20180323,2018,TV-MA,102,
s4972,Layla M.,Movie,2018-03-23,20180323,2016,TV-MA,99,
s4973,Paradox,Movie,2018-03-23,20180323,2018,TV-MA,74,
s4974,Requiem,TV Show,2018-03-23,20180323,2018,TV-MA,,1
s4975,Roxanne Roxanne,Movie,2018-03-23,20180323,2018,TV-MA,100,
s4976,Secret Superstar,Movie,2018-03-23,20180323,2017,TV-14,150,
s4977,The Standups,TV Show,2018-03-20,20180320,2018,TV-MA,,2
s4978,Benji,Movie,2018-03-16,20180316,2018,TV-PG,87,
s4979,Edha,TV Show,2018-03-16,20180316,2018,TV-MA,,1
s4980,Take Your Pills,Movie,2018-03-16,20180316,2018,TV-14,88,
s4981,Wild Wild Country,TV Show,2018-03-16,20180316,2018,TV-MA,,1
s4982,Yoo Byung Jae: Too Much Information,Movie,2018-03-16,20180316,2018,TV-MA,63,
s4983,In This Corner of the World,Movie,2018-03-15,20180315,2016,PG-13,129,
s4984,Jag älskar dig: En skilsmässokomedi,Movie,2018-03-15,20180315,2016,TV-MA,91,
s4985,Secret of the Nile,TV Show,2018-03-15,20180315,2016,TV-14,,1
s4986,Tabula Rasa,TV Show,2018-03-15,20180315,2017,TV-MA,,1
s4987,The Art of Loving,Movie,2018-03-15,20180315,2017,TV-MA,115,
s4988,Steel Rain,Movie,2018-03-14,20180314,2018,TV-MA,140,
s4989,Children of the Whales,TV Show,2018-03-13,20180313,2017,TV-14,,1
s4990,Ricky Gervais: Humanity,Movie,2018-03-13,20180313,2018,TV-MA,79,
s4991,Stretch Armstrong: The Breakout,Movie,2018-03-13,20180313,2018,TV-Y7,104,
s4992,A.I.C.O.,TV Show,2018-03-09,20180309,2018,TV-14,,1
s4993,Collateral,TV Show,2018-03-09,20180309,2018,TV-MA,,1
s4994,The Outsider,Movie,2018-03-09,20180309,2018,TV-MA,121,
s4995,Bad Guys: Vile City,TV Show,2018-03-08,20180308,2018,TV-MA,,1
s4996,Ladies First,Movie,2018-03-08,20180308,2018,TV-G,40,
s4997,Bullet Head,Movie,2018-03-07,20180307,2017,R,94,
s4998,Borderliner,TV Show,2018-03-06,20180306,2017,TV-MA,,1
s4999,Gad Elmaleh: American Dream,Movie,2018-03-06,20180306,2018,TV-14,58,
s5000,Expedition China,Movie,2018-03-04,20180304,2017,TV-G,78,
s5001,Flint Town,TV Show,2018-03-02,20180302,2018,TV-MA,,1
s5002,Malena Pichot: Estupidez compleja,Movie,2018-03-02,20180302,2018,TV-MA,51,
s5003,Natalia Valdebenito: El especial,Movie,2018-03-02,20180302,2018,TV-MA,69,
s5004,Ravenous,Movie,2018-03-02,20180302,2017,TV-MA,104,
s5005,21 Thunder,TV Show,2018-03-01,20180301,2017,TV-MA,,1
s5006,Adel Karam: Live from Beirut,Movie,2018-03-01,20180301,2018,TV-MA,59,
s5007,Battle Drone,Movie,2018-03-01,20180301,2018,TV-MA,94,
s5008,Dil Se,Movie,2018-03-01,20180301,1998,TV-14,166,
s5009,Guru,Movie,2018-03-01,20180301,2007,TV-PG,155,
s5010,Judwaa 2,Movie,2018-03-01,20180301,2017,TV-14,145,
s5011,Love Beats Rhymes,Movie,2018-03-01,20180301,2016,R,106,
s5012,Schubert In Love,Movie,2018-03-01,20180301,2016,TV-14,94,
s5013,Shubh Aarambh,Movie,2018-03-01,20180301,2017,TV-PG,127,
s5014,Something Huge,Movie,2018-03-01,20180301,2017,TV-MA,87,
s5015,Swades,Movie,2018-03-01,20180301,2004,TV-PG,185,
s5016,Swearnet Live,Movie,2018-03-01,20180301,2014,TV-MA,75,
s5017,Trailer Park Boys Live at the North Pole,Movie,2018-03-01,20180301,2014,TV-MA,89,
s5018,Trailer Park Boys Live In F**kin' Dublin,Movie,2018-03-01,20180301,2014,TV-MA,81,
s5019,Trailer Park Boys: Say Goodnight to the Bad Guys,Movie,2018-03-01,20180301,2008,TV-MA,47,
s5020,Trailer Park Boys: Xmas Special,Movie,2018-03-01,20180301,2004,TV-MA,46,
s5021,Tu Hai Mera Sunday,Movie,2018-03-01,20180301,2016,TV-14,125,
s5022,Yuva,Movie,2018-03-01,20180301,2004,TV-14,160,
s5023,반드시 잡는다,Movie,2018-02-28,20180228,2017,TV-MA,110,
s5024,Derren Brown: The Push,Movie,2018-02-27,20180227,2018,TV-MA,69,
s5025,Marlon Wayans: Woke-ish,Movie,2018-02-27,20180227,2018,TV-MA,67,
s5026,Veronica,Movie,2018-02-25,20180225,2017,TV-MA,105,
s5027,Best Lover,TV Show,2018-02-23,20180223,2016,TV-14,,1
s5028,Marseille,TV Show,2018-02-23,20180223,2018,TV-MA,,2
s5029,Mute,Movie,2018-02-23,20180223,2018,TV-MA,127,
s5030,Seven Seconds,TV Show,2018-02-23,20180223,2018,TV-MA,,1
s5031,Hitler's Circle of Evil,TV Show,2018-02-22,20180222,2017,TV-14,,1
s5032,Forgotten,Movie,2018-02-21,20180221,2017,TV-MA,109,
s5033,The Frankenstein Chronicles,TV Show,2018-02-20,20180220,2017,TV-MA,,2
s5034,FullMetal Alchemist,Movie,2018-02-19,20180219,2017,TV-PG,134,
s5035,Agustín Aristarán: Soy Rada,Movie,2018-02-16,20180216,2018,TV-MA,60,
s5036,Dragons: Race to the Edge,TV Show,2018-02-16,20180216,2018,TV-Y7,,6
s5037,Everything Sucks!,TV Show,2018-02-16,20180216,2018,TV-14,,1
s5038,Irreplaceable You,Movie,2018-02-16,20180216,2018,TV-MA,96,
s5039,Re:Mind,TV Show,2018-02-15,20180215,2017,TV-MA,,1
s5040,Chris Rock: Tamborine,Movie,2018-02-14,20180214,2018,TV-MA,65,
s5041,Love Per Square Foot,Movie,2018-02-14,20180214,2018,TV-14,133,
s5042,Seeing Allred,Movie,2018-02-09,20180209,2018,TV-14,96,
s5043,The Ritual,Movie,2018-02-09,20180209,2018,TV-MA,95,
s5044,The Trader (Sovdagari),Movie,2018-02-09,20180209,2018,TV-PG,24,
s5045,When We First Met,Movie,2018-02-09,20180209,2018,TV-14,97,
s5046,Fred Armisen: Standup For Drummers,Movie,2018-02-06,20180206,2018,TV-PG,65,
s5047,Valor,TV Show,2018-02-06,20180206,2017,TV-14,,1
s5048,The Cloverfield Paradox,Movie,2018-02-05,20180205,2018,PG-13,102,
s5049,Coach Snoop,TV Show,2018-02-02,20180202,2018,TV-MA,,1
s5050,Kavin Jay: Everybody Calm Down!,Movie,2018-02-02,20180202,2018,TV-MA,53,
s5051,On Body and Soul,Movie,2018-02-02,20180202,2017,TV-MA,116,
s5052,The Bros,Movie,2018-02-02,20180202,2017,TV-14,102,
s5053,Liberated: The New Sexual Revolution,Movie,2018-02-01,20180201,2017,TV-MA,86,
s5054,Newness,Movie,2018-02-01,20180201,2017,TV-MA,117,
s5055,Under Arrest,TV Show,2018-02-01,20180201,2016,TV-MA,,8
s5056,Expedition Happiness,Movie,2018-01-31,20180131,2017,TV-PG,96,
s5057,Jerry Seinfeld: I'm Telling You for the Last Time,Movie,2018-01-30,20180130,1998,TV-14,69,
s5058,Retribution,TV Show,2018-01-30,20180130,2016,TV-MA,,1
s5059,Holy Camp!,Movie,2018-01-29,20180129,2017,TV-MA,108,
s5060,A Futile and Stupid Gesture,Movie,2018-01-26,20180126,2018,TV-MA,102,
s5061,Fakkah Fuzz: Almost Banned,Movie,2018-01-26,20180126,2018,TV-MA,61,
s5062,Mau Nieto: Viviendo sobrio… desde el bar,Movie,2018-01-26,20180126,2018,TV-MA,57,
s5063,Sebastián Marcelo Wainraich,Movie,2018-01-26,20180126,2018,TV-MA,49,
s5064,The Adventures of Puss in Boots,TV Show,2018-01-26,20180126,2018,TV-Y7,,6
s5065,Acts of Vengeance,Movie,2018-01-25,20180125,2017,R,87,
s5066,Prison Playbook,TV Show,2018-01-24,20180124,2017,TV-MA,,1
s5067,Ricardo Quevedo: Hay gente así,Movie,2018-01-24,20180124,2018,TV-MA,59,
s5068,Todd Glass: Act Happy,Movie,2018-01-23,20180123,2018,TV-MA,63,
s5069,Countdown to Death: Pablo Escobar,Movie,2018-01-22,20180122,2017,TV-MA,69,
s5070,The Shannara Chronicles,TV Show,2018-01-22,20180122,2018,TV-MA,,2
s5071,Love and Hong Kong,TV Show,2018-01-20,20180120,2017,TV-PG,,1
s5072,Harith Iskander: I Told You So,Movie,2018-01-19,20180119,2018,TV-14,62,
s5073,Step Sisters,Movie,2018-01-19,20180119,2018,PG-13,108,
s5074,The Open House,Movie,2018-01-19,20180119,2018,TV-MA,95,
s5075,Bad Day for the Cut,Movie,2018-01-18,20180118,2017,TV-MA,99,
s5076,Tiempos de guerra,TV Show,2018-01-18,20180118,2017,TV-MA,,1
s5077,Arango y Sanint: Ríase el show,Movie,2018-01-17,20180117,2018,TV-MA,62,
s5078,Godzilla,TV Show,2018-01-17,20180117,2017,TV-14,,1
s5079,Katt Williams: Great America,Movie,2018-01-16,20180116,2018,TV-MA,60,
s5080,Alibaba Aur 40 Chor,Movie,2018-01-15,20180115,1980,TV-14,147,
s5081,Pyar Ke Do Pal,Movie,2018-01-15,20180115,1986,TV-14,153,
s5082,Rip Tide,Movie,2018-01-15,20180115,2017,TV-PG,87,
s5083,Disjointed,TV Show,2018-01-12,20180112,2018,TV-MA,,2
s5084,Milada,Movie,2018-01-12,20180112,2017,TV-14,124,
s5085,The Polka King,Movie,2018-01-12,20180112,2018,TV-14,94,
s5086,The Reservoir Game,Movie,2018-01-12,20180112,2017,TV-MA,100,
s5087,Tom Segura: Disgraceful,Movie,2018-01-12,20180112,2018,TV-MA,71,
s5088,Alejandro Riaño: Especial de stand up,Movie,2018-01-10,20180110,2018,TV-MA,60,
s5089,The House Next Door,Movie,2018-01-09,20180109,2017,TV-MA,135,
s5090,Tundukkan Playboy Itu,TV Show,2018-01-08,20180108,2016,TV-PG,,1
s5091,Episodes,TV Show,2018-01-06,20180106,2017,TV-MA,,5
s5092,Before I Wake,Movie,2018-01-05,20180105,2016,PG-13,97,
s5093,Devilman Crybaby,TV Show,2018-01-05,20180105,2018,TV-MA,,1
s5094,Mustang Island,Movie,2018-01-02,20180102,2017,TV-14,86,
s5095,Eve's Apple,Movie,2018-01-01,20180101,2017,TV-MA,91,
s5096,Fullmetal Alchemist,TV Show,2018-01-01,20180101,2003,TV-14,,1
s5097,Fullmetal Alchemist: Brotherhood,TV Show,2018-01-01,20180101,2010,TV-14,,5
s5098,Lovesick,TV Show,2018-01-01,20180101,2018,TV-MA,,3
s5099,Pokémon: Indigo League,TV Show,2018-01-01,20180101,2000,TV-Y7,,1
s5100,The Frozen Dead,TV Show,2018-01-01,20180101,2017,TV-MA,,1
s5101,Dave Chappelle: Equanimity & The Bird Revelation,TV Show,2017-12-31,20171231,2017,TV-MA,,1
s5102,Fun Mom Dinner,Movie,2017-12-31,20171231,2017,R,82,
s5103,Goon: Last of the Enforcers,Movie,2017-12-30,20171230,2016,R,102,
s5104,La Mante,TV Show,2017-12-29,20171229,2017,TV-MA,,1
s5105,The Climb,Movie,2017-12-29,20171229,2017,TV-14,105,
s5106,Wadi,TV Show,2017-12-29,20171229,2015,TV-14,,1
s5107,Bibi & Tina: Tohuwabohu Total,Movie,2017-12-27,20171227,2017,TV-14,106,
s5108,Mr. Roosevelt,Movie,2017-12-26,20171226,2017,TV-MA,91,
s5109,Todd Barry: Spicy Honey,Movie,2017-12-26,20171226,2017,TV-MA,61,
s5110,Part-Time Idol,TV Show,2017-12-25,20171225,2017,TV-14,,1
s5111,Creep 2,Movie,2017-12-23,20171223,2017,TV-MA,80,
s5112,Myths & Monsters,TV Show,2017-12-23,20171223,2017,TV-PG,,1
s5113,72 Dangerous Animals: Latin America,TV Show,2017-12-22,20171222,2017,TV-14,,1
s5114,Bright,Movie,2017-12-22,20171222,2017,TV-MA,118,
s5115,Desire,Movie,2017-12-21,20171221,2017,TV-MA,94,
s5116,48 Christmas Wishes,Movie,2017-12-20,20171220,2017,TV-G,84,
s5117,Jeremiah Tower: The Last Magnificent,Movie,2017-12-20,20171220,2016,R,103,
s5118,Russell Howard: Recalibrate,Movie,2017-12-19,20171219,2017,TV-MA,69,
s5119,The Indian Detective,TV Show,2017-12-19,20171219,2017,TV-14,,1
s5120,"Hello, My Twenties!",TV Show,2017-12-18,20171218,2017,TV-MA,,2
s5121,Cheuk Wan-Chi: Two Night Stand,TV Show,2017-12-15,20171215,2015,TV-MA,,1
s5122,Christmas Inheritance,Movie,2017-12-15,20171215,2017,TV-G,105,
s5123,Muramba,Movie,2017-12-15,20171215,2017,TV-MA,128,
s5124,Pottersville,Movie,2017-12-15,20171215,2017,PG-13,86,
s5125,Seoul Searching,Movie,2017-12-15,20171215,2015,TV-MA,109,
s5126,Wormwood,TV Show,2017-12-15,20171215,2017,TV-14,,1
s5127,Halt and Catch Fire,TV Show,2017-12-14,20171214,2017,TV-14,,4
s5128,Judd Apatow: The Return,Movie,2017-12-12,20171212,2017,TV-MA,70,
s5129,Dawai Asmara,TV Show,2017-12-11,20171211,2016,TV-14,,1
s5130,El Camino Christmas,Movie,2017-12-08,20171208,2017,TV-MA,89,
s5131,Jaal,Movie,2017-12-08,20171208,1986,TV-14,162,
s5132,Shikari,Movie,2017-12-08,20171208,1991,TV-14,163,
s5133,The Secret,Movie,2017-12-07,20171207,2006,TV-14,91,
s5134,Trolls Holiday Special,Movie,2017-12-06,20171206,2017,TV-Y7,27,
s5135,Craig Ferguson: Tickle Fight,Movie,2017-12-05,20171205,2017,TV-MA,67,
s5136,Jab Harry Met Sejal,Movie,2017-12-02,20171202,2017,TV-MA,142,
s5137,Temple,Movie,2017-12-02,20171202,2017,TV-MA,78,
s5138,A StoryBots Christmas,Movie,2017-12-01,20171201,2017,TV-Y,26,
s5139,All Hail King Julien,TV Show,2017-12-01,20171201,2017,TV-Y7,,5
s5140,Dhia Sofea,TV Show,2017-12-01,20171201,2015,TV-14,,1
s5141,DreamWorks Home: For the Holidays,Movie,2017-12-01,20171201,2017,TV-Y,46,
s5142,Kantaro: The Sweet Tooth Salaryman,TV Show,2017-12-01,20171201,2017,TV-PG,,1
s5143,Monster Island,Movie,2017-12-01,20171201,2017,TV-Y7,81,
s5144,My Happy Family,Movie,2017-12-01,20171201,2017,TV-14,119,
s5145,Oggy and the Cockroaches,TV Show,2017-12-01,20171201,2017,TV-Y7,,1
s5146,Padamu Aku Bersujud,TV Show,2017-12-01,20171201,2015,TV-14,,1
s5147,The Worthy,Movie,2017-12-01,20171201,2016,TV-MA,99,
s5148,TURN: Washington's Spies,TV Show,2017-12-01,20171201,2017,TV-14,,4
s5149,Voyeur,Movie,2017-12-01,20171201,2017,TV-MA,96,
s5150,Man Down,TV Show,2017-11-30,20171130,2017,TV-MA,,4
s5151,Broadchurch,TV Show,2017-11-27,20171127,2017,TV-MA,,3
s5152,Poster Boys,Movie,2017-11-27,20171127,2017,PG-13,128,
s5153,Cuba and the Cameraman,Movie,2017-11-24,20171124,2017,TV-14,114,
s5154,The Girl from the Song,Movie,2017-11-24,20171124,2016,TV-MA,101,
s5155,The Many Faces of Ito,TV Show,2017-11-24,20171124,2017,TV-14,,1
s5156,Trailer Park Boys: Out of the Park: USA,TV Show,2017-11-24,20171124,2017,TV-MA,,1
s5157,Bright: The Music Videos,TV Show,2017-11-23,20171123,2017,TV-MA,,1
s5158,Argon,TV Show,2017-11-22,20171122,2017,TV-MA,,1
s5159,Barbra: The Music ... The Mem'ries ... The Magic!,Movie,2017-11-22,20171122,2017,TV-14,109,
s5160,Godless,TV Show,2017-11-22,20171122,2017,TV-MA,,1
s5161,Beat Bugs: All Together Now,Movie,2017-11-21,20171121,2017,TV-Y,51,
s5162,Brian Regan: Nunchucks and Flamethrowers,Movie,2017-11-21,20171121,2017,TV-PG,61,
s5163,Saving Capitalism,Movie,2017-11-21,20171121,2017,TV-PG,73,
s5164,A Christmas Prince,Movie,2017-11-17,20171117,2017,TV-PG,92,
s5165,"Jim & Andy: The Great Beyond - Featuring a Very Special, Contractually Obligated Mention of Tony Clifton",Movie,2017-11-17,20171117,2017,TV-MA,94,
s5166,Longmire,TV Show,2017-11-17,20171117,2017,TV-MA,,6
s5167,Luna Petunia,TV Show,2017-11-17,20171117,2017,TV-Y,,3
s5168,Mudbound,Movie,2017-11-17,20171117,2017,R,135,
s5169,Shot in the Dark,TV Show,2017-11-17,20171117,2017,TV-MA,,1
s5170,The Irregular at Magic High School,TV Show,2017-11-15,20171115,2014,TV-14,,1
s5171,The Method,TV Show,2017-11-15,20171115,2015,TV-MA,,1
s5172,DeRay Davis: How to Act Black,Movie,2017-11-14,20171114,2017,TV-MA,66,
s5173,Bon Cop Bad Cop 2,Movie,2017-11-11,20171111,2017,TV-MA,126,
s5174,Blazing Transfer Students,TV Show,2017-11-10,20171110,2017,TV-MA,,1
s5175,Glitter Force Doki Doki,TV Show,2017-11-10,20171110,2017,TV-Y7,,2
s5176,Lady Dynamite,TV Show,2017-11-10,20171110,2017,TV-MA,,2
s5177,Mea Culpa,Movie,2017-11-10,20171110,2017,TV-MA,54,
s5178,The Killer,Movie,2017-11-10,20171110,2017,TV-MA,100,
s5179,Fate/Apocrypha,TV Show,2017-11-07,20171107,2017,TV-MA,,2
s5180,Jerry Seinfeld: Comedian,Movie,2017-11-07,20171107,2002,R,81,
s5181,Project Mc²,TV Show,2017-11-07,20171107,2017,TV-G,,6
s5182,The Journey Is the Destination,Movie,2017-11-07,20171107,2016,R,123,
s5183,Let It Fall: Los Angeles 1982-1992,Movie,2017-11-06,20171106,2017,TV-MA,144,
s5184,Mubarakan,Movie,2017-11-05,20171105,2017,PG-13,153,
s5185,Akulah Balqis,TV Show,2017-11-03,20171103,2015,TV-14,,1
s5186,Alias Grace,TV Show,2017-11-03,20171103,2017,TV-MA,,1
s5187,Bandie,Movie,2017-11-01,20171101,1978,TV-PG,141,
s5188,Getaway Plan,Movie,2017-11-01,20171101,2016,TV-MA,104,
s5189,Hajwala: The Missing Engine,Movie,2017-11-01,20171101,2016,TV-PG,97,
s5190,Pettersson and Findus 2,Movie,2017-11-01,20171101,2016,TV-G,82,
s5191,The Bittersweet,Movie,2017-11-01,20171101,2017,TV-MA,98,
s5192,The Family Court,TV Show,2017-11-01,20171101,2010,TV-MA,,1
s5193,The Golden Path,TV Show,2017-11-01,20171101,2007,TV-MA,,1
s5194,The Little Nyonya,TV Show,2017-11-01,20171101,2009,TV-14,,1
s5195,The Truth,TV Show,2017-11-01,20171101,2008,TV-14,,1
s5196,Together,TV Show,2017-11-01,20171101,2009,TV-14,,1
s5197,Judah Friedlander: America Is the Greatest Country in the United States,Movie,2017-10-31,20171031,2017,TV-MA,84,
s5198,The B-Side: Elsa Dorfman's Portrait Photography,Movie,2017-10-31,20171031,2016,R,76,
s5199,SPF-18,Movie,2017-10-30,20171030,2017,PG-13,75,
s5200,Pup Star: Better 2Gether,Movie,2017-10-28,20171028,2017,PG,93,
s5201,Beyond Stranger Things,TV Show,2017-10-27,20171027,2017,TV-14,,1
s5202,Joan Didion: The Center Will Not Hold,Movie,2017-10-27,20171027,2017,TV-14,98,
s5203,Strange Weather,Movie,2017-10-26,20171026,2016,R,91,
s5204,The Hateful Eight,Movie,2017-10-25,20171025,2015,R,168,
s5205,Jack Whitehall: At Large,Movie,2017-10-24,20171024,2017,TV-MA,68,
s5206,The Mist,TV Show,2017-10-24,20171024,2017,TV-MA,,1
s5207,W1A,TV Show,2017-10-24,20171024,2017,TV-MA,,3
s5208,1922,Movie,2017-10-20,20171020,2017,TV-MA,103,
s5209,Haters Back Off,TV Show,2017-10-20,20171020,2017,TV-PG,,2
s5210,One of Us,Movie,2017-10-20,20171020,2017,TV-14,95,
s5211,The Day I Met El Chapo,TV Show,2017-10-20,20171020,2017,TV-MA,,1
s5212,Wheelman,Movie,2017-10-20,20171020,2017,TV-MA,82,
s5213,Wedding Unplanned,Movie,2017-10-19,20171019,2017,TV-MA,94,
s5214,Patton Oswalt: Annihilation,Movie,2017-10-17,20171017,2017,TV-MA,66,
s5215,Baadshaho,Movie,2017-10-16,20171016,2017,TV-14,135,
s5216,In Laws,TV Show,2017-10-16,20171016,2016,TV-PG,,1
s5217,Laws of Attraction,TV Show,2017-10-16,20171016,2012,TV-14,,1
s5218,Lucknow Central,Movie,2017-10-16,20171016,2017,TV-14,144,
s5219,Belief: The Possession of Janet Moses,Movie,2017-10-15,20171015,2015,TV-MA,90,
s5220,Seven and Me,TV Show,2017-10-15,20171015,2017,TV-Y,,1
s5221,Singapore,Movie,2017-10-15,20171015,1960,TV-PG,158,
s5222,West Coast Customs,TV Show,2017-10-15,20171015,2015,TV-G,,6
s5223,Blessed Benefit,Movie,2017-10-13,20171013,2016,TV-14,83,
s5224,Clair Obscur,Movie,2017-10-13,20171013,2016,TV-MA,102,
s5225,"El Especial de Alex Fernández, el Especial",Movie,2017-10-13,20171013,2017,TV-MA,52,
s5226,Kingdom of Us,Movie,2017-10-13,20171013,2017,TV-MA,110,
s5227,The Babysitter,Movie,2017-10-13,20171013,2017,TV-MA,85,
s5228,The Meyerowitz Stories (New and Selected),Movie,2017-10-13,20171013,2017,TV-MA,113,
s5229,Barakah Meets Barakah,Movie,2017-10-12,20171012,2016,TV-MA,88,
s5230,Bomb Scared,Movie,2017-10-12,20171012,2017,TV-MA,89,
s5231,Christina P: Mother Inferior,Movie,2017-10-10,20171010,2017,TV-MA,59,
s5232,ID-0,TV Show,2017-10-06,20171006,2017,TV-PG,,1
s5233,Kibaoh Klashers,TV Show,2017-10-06,20171006,2017,TV-Y7,,2
s5234,The Death and Life of Marsha P. Johnson,Movie,2017-10-06,20171006,2017,TV-MA,106,
s5235,Rodney Carrington: Here Comes the Truth,Movie,2017-10-03,20171003,2017,TV-MA,66,
s5236,26 Years,Movie,2017-10-01,20171001,2012,TV-MA,135,
s5237,Beyblade Burst,TV Show,2017-10-01,20171001,2016,TV-Y7,,1
s5238,Equestria Girls: Tales of Canterlot High,TV Show,2017-10-01,20171001,2017,TV-Y7,,1
s5239,For Your Own Good,Movie,2017-10-01,20171001,2017,TV-MA,93,
s5240,Franca: Chaos and Creation,Movie,2017-10-01,20171001,2016,TV-MA,79,
s5241,Generation Iron 2,Movie,2017-10-01,20171001,2017,PG-13,107,
s5242,Ghost Patrol,Movie,2017-10-01,20171001,2016,TV-Y7,47,
s5243,Justice in the City,TV Show,2017-10-01,20171001,2012,TV-14,,1
s5244,Noddy Toyland Detective,TV Show,2017-10-01,20171001,2016,TV-Y,,2
s5245,Star Trek: Enterprise,TV Show,2017-10-01,20171001,2004,TV-14,,4
s5246,Star Trek: Voyager,TV Show,2017-10-01,20171001,2000,TV-PG,,7
s5247,Sudden,TV Show,2017-10-01,20171001,2013,TV-14,,1
s5248,The Dream Catchers,TV Show,2017-10-01,20171001,2009,TV-14,,1
s5249,The Lion Woman,Movie,2017-10-01,20171001,2016,TV-14,118,
s5250,Verónica,Movie,2017-10-01,20171001,2017,TV-MA,81,
s5251,What She Put on the Table,TV Show,2017-10-01,20171001,2017,TV-14,,1
s5252,The Royal House of Windsor,TV Show,2017-09-30,20170930,2017,TV-MA,,1
s5253,Gerald's Game,Movie,2017-09-29,20170929,2017,TV-MA,103,
s5254,Long Shot,Movie,2017-09-29,20170929,2017,TV-14,40,
s5255,Mak Cun,TV Show,2017-09-29,20170929,2015,TV-PG,,1
s5256,Our Souls at Night,Movie,2017-09-29,20170929,2017,TV-14,103,
s5257,Out of Thin Air,Movie,2017-09-29,20170929,2017,TV-MA,85,
s5258,Paul Hollywood's Big Continental Road Trip,TV Show,2017-09-29,20170929,2017,TV-14,,1
s5259,Real Rob,TV Show,2017-09-29,20170929,2017,TV-MA,,2
s5260,Satu Hari,TV Show,2017-09-29,20170929,2014,TV-PG,,1
s5261,Much Loved,Movie,2017-09-27,20170927,2015,TV-MA,104,
s5262,Def Comedy Jam 25,Movie,2017-09-26,20170926,2017,TV-MA,82,
s5263,Terrace House: Aloha State,TV Show,2017-09-26,20170926,2017,TV-14,,4
s5264,Dark Matter,TV Show,2017-09-25,20170925,2017,TV-14,,3
s5265,Swearnet: The Movie,Movie,2017-09-24,20170924,2014,NC-17,112,
s5266,The Bar,Movie,2017-09-24,20170924,2017,TV-MA,102,
s5267,Gaga: Five Foot Two,Movie,2017-09-22,20170922,2017,TV-MA,101,
s5268,The Bad Batch,Movie,2017-09-22,20170922,2016,R,119,
s5269,Jerry Before Seinfeld,Movie,2017-09-19,20170919,2017,TV-14,62,
s5270,Barbie Dolphin Magic,Movie,2017-09-18,20170918,2017,TV-Y,64,
s5271,First They Killed My Father,Movie,2017-09-15,20170915,2017,TV-MA,137,
s5272,Strong Island,Movie,2017-09-15,20170915,2017,TV-MA,108,
s5273,VeggieTales in the City,TV Show,2017-09-15,20170915,2017,TV-Y,,2
s5274,Ghost of the Mountains,Movie,2017-09-13,20170913,2017,G,78,
s5275,Offspring,TV Show,2017-09-13,20170913,2017,TV-MA,,7
s5276,Heroin(e),Movie,2017-09-12,20170912,2017,TV-14,40,
s5277,Jeff Dunham: Relative Disaster,Movie,2017-09-12,20170912,2017,TV-MA,71,
s5278,#realityhigh,Movie,2017-09-08,20170908,2017,TV-14,99,
s5279,Apaches,TV Show,2017-09-08,20170908,2016,TV-MA,,1
s5280,Fabrizio Copano: Solo pienso en mi,Movie,2017-09-08,20170908,2017,TV-MA,60,
s5281,Fire Chasers,TV Show,2017-09-08,20170908,2017,TV-MA,,1
s5282,Joaquín Reyes: Una y no más,Movie,2017-09-08,20170908,2017,TV-MA,78,
s5283,Carrie Pilby,Movie,2017-09-05,20170905,2016,TV-MA,98,
s5284,Marc Maron: Too Real,Movie,2017-09-05,20170905,2017,TV-MA,70,
s5285,No Tomorrow,TV Show,2017-09-05,20170905,2016,TV-PG,,1
s5286,Reign,TV Show,2017-09-05,20170905,2017,TV-14,,4
s5287,Frequency,TV Show,2017-09-04,20170904,2016,TV-14,,1
s5288,The Vampire Diaries,TV Show,2017-09-04,20170904,2016,TV-14,,8
s5289,A Boy Name Flora A,TV Show,2017-09-01,20170901,2017,TV-MA,,1
s5290,A House of Blocks,TV Show,2017-09-01,20170901,2017,TV-PG,,1
s5291,Aakhri Adaalat,Movie,2017-09-01,20170901,1988,TV-14,148,
s5292,"Alias JJ, la celebridad del mal",Movie,2017-09-01,20170901,2017,TV-MA,54,
s5293,Berserk: The Golden Age Arc II - The Battle for Doldrey,Movie,2017-09-01,20170901,2012,TV-MA,92,
s5294,Berserk: The Golden Age Arc III - The Advent,Movie,2017-09-01,20170901,2013,TV-MA,107,
s5295,Brother's Shadow,Movie,2017-09-01,20170901,2006,TV-MA,90,
s5296,Chadi Jawani Budhe Nu,Movie,2017-09-01,20170901,1976,TV-PG,135,
s5297,Ek Jaan Hain Hum,Movie,2017-09-01,20170901,1983,TV-14,151,
s5298,FINAL FANTASY XIV Dad of Light,TV Show,2017-09-01,20170901,2017,TV-PG,,1
s5299,Gurren Lagann,TV Show,2017-09-01,20170901,2007,TV-14,,1
s5300,High Risk,TV Show,2017-09-01,20170901,1988,TV-PG,,1
s5301,Khoon Khoon,Movie,2017-09-01,20170901,1973,TV-14,132,
s5302,LEGO Elves: Secrets of Elvendale,TV Show,2017-09-01,20170901,2017,TV-Y7,,1
s5303,Little Evil,Movie,2017-09-01,20170901,2017,TV-MA,95,
s5304,Manoranjan,Movie,2017-09-01,20170901,1974,TV-14,162,
s5305,Mujrim,Movie,2017-09-01,20170901,1989,TV-14,163,
s5306,Narcos,TV Show,2017-09-01,20170901,2017,TV-MA,,3
s5307,Offline - Das leben ist kein bonuslevel,Movie,2017-09-01,20170901,2016,TV-MA,89,
s5308,Resurface,Movie,2017-09-01,20170901,2017,TV-MA,28,
s5309,Rocco,Movie,2017-09-01,20170901,2016,TV-MA,103,
s5310,Sohni Mahiwal,Movie,2017-09-01,20170901,1984,TV-14,160,
s5311,The Distinguished Citizen,Movie,2017-09-01,20170901,2016,TV-MA,113,
s5312,The Guardian Brothers,Movie,2017-09-01,20170901,2016,TV-G,86,
s5313,The Last Shaman,Movie,2017-09-01,20170901,2016,TV-14,83,
s5314,The Lost Brother,Movie,2017-09-01,20170901,2017,TV-MA,113,
s5315,Todo Sobre El Asado,Movie,2017-09-01,20170901,2016,TV-MA,86,
s5316,Ryan Hamilton: Happy Face,Movie,2017-08-29,20170829,2017,TV-14,57,
s5317,Buster's Mal Heart,Movie,2017-08-26,20170826,2016,TV-MA,98,
s5318,Berlin Syndrome,Movie,2017-08-25,20170825,2017,R,116,
s5319,Death Note,Movie,2017-08-25,20170825,2017,TV-MA,100,
s5320,Lynne Koplitz: Hormonal Beast,Movie,2017-08-22,20170822,2017,TV-MA,51,
s5321,Dinotrux,TV Show,2017-08-18,20170818,2017,TV-Y7,,5
s5322,Marvel's The Defenders,TV Show,2017-08-18,20170818,2017,TV-MA,,1
s5323,Undefeated,Movie,2017-08-18,20170818,2011,PG-13,113,
s5324,What Happened to Monday,Movie,2017-08-18,20170818,2017,TV-MA,124,
s5325,20 Minutes,TV Show,2017-08-15,20170815,2013,TV-MA,,1
s5326,Brad Paisley's Comedy Rodeo,Movie,2017-08-15,20170815,2017,TV-MA,63,
s5327,Colin Quinn: Unconstitutional,Movie,2017-08-15,20170815,2015,TV-MA,56,
s5328,Million Yen Women,TV Show,2017-08-15,20170815,2017,TV-MA,,1
s5329,The Outcasts,Movie,2017-08-14,20170814,2017,TV-14,94,
s5330,Chocolate City: Vegas Strip,Movie,2017-08-12,20170812,2017,TV-MA,90,
s5331,Los Herederos,Movie,2017-08-12,20170812,2015,TV-MA,71,
s5332,Naked,Movie,2017-08-11,20170811,2017,TV-14,97,
s5333,Demonic,Movie,2017-08-10,20170810,2015,R,83,
s5334,The Saint,Movie,2017-08-10,20170810,2017,TV-14,92,
s5335,Baahubali 2: The Conclusion (Hindi Version),Movie,2017-08-07,20170807,2017,TV-MA,165,
s5336,Baahubali 2: The Conclusion (Malayalam Version),Movie,2017-08-07,20170807,2017,TV-14,166,
s5337,Baahubali 2: The Conclusion (Tamil Version),Movie,2017-08-07,20170807,2017,TV-MA,166,
s5338,Baahubali: The Beginning (Hindi Version),Movie,2017-08-07,20170807,2015,TV-14,159,
s5339,Baahubali: The Beginning (Malayalam Version),Movie,2017-08-07,20170807,2015,TV-14,160,
s5340,Baahubali: The Beginning (Tamil Version),Movie,2017-08-07,20170807,2015,TV-14,159,
s5341,LEGO Marvel Super Heroes: Avengers Reassembled!,Movie,2017-08-06,20170806,2015,TV-Y7,22,
s5342,Enter the Warriors Gate,Movie,2017-08-05,20170805,2016,PG-13,105,
s5343,Alan Saldaña: Mi vida de pobre,Movie,2017-08-04,20170804,2017,TV-MA,54,
s5344,Icarus,Movie,2017-08-04,20170804,2017,TV-MA,121,
s5345,Message from the King,Movie,2017-08-04,20170804,2017,R,103,
s5346,Wet Hot American Summer: Ten Years Later,TV Show,2017-08-04,20170804,2017,TV-MA,,1
s5347,The Invisible Guardian,Movie,2017-08-03,20170803,2017,TV-MA,129,
s5348,Bountiful Blessings,TV Show,2017-08-01,20170801,2011,TV-14,,1
s5349,Close Your Eyes Before It’s Dark,TV Show,2017-08-01,20170801,2016,TV-14,,1
s5350,Entangled,TV Show,2017-08-01,20170801,2014,TV-14,,1
s5351,Fartsa,TV Show,2017-08-01,20170801,2015,TV-14,,1
s5352,Handsome Devil,Movie,2017-08-01,20170801,2016,TV-MA,95,
s5353,"Have You Ever Fallen in Love, Miss Jiang?",TV Show,2017-08-01,20170801,2016,TV-14,,1
s5354,Jessica Darling's It List,Movie,2017-08-01,20170801,2016,TV-Y,80,
s5355,Life Plan A and B,TV Show,2017-08-01,20170801,2016,TV-PG,,1
s5356,Locust,TV Show,2017-08-01,20170801,2014,TV-MA,,1
s5357,Love Storm,TV Show,2017-08-01,20170801,2016,TV-14,,1
s5358,Maz Jobrani: Immigrant,Movie,2017-08-01,20170801,2017,TV-14,67,
s5359,Opening Night,Movie,2017-08-01,20170801,2016,TV-MA,84,
s5360,Raising the Bar,Movie,2017-08-01,20170801,2016,TV-Y,97,
s5361,Surviving Escobar - Alias JJ,TV Show,2017-08-01,20170801,2017,TV-MA,,1
s5362,The Blind Christ,Movie,2017-08-01,20170801,2016,TV-MA,86,
s5363,The In-Laws,TV Show,2017-08-01,20170801,2011,TV-14,,1
s5364,The IT Crowd,TV Show,2017-08-01,20170801,2013,TV-MA,,5
s5365,Un plus une,Movie,2017-08-01,20170801,2015,TV-MA,114,
s5366,Vexed,TV Show,2017-08-01,20170801,2012,TV-MA,,2
s5367,World War II in Colour,TV Show,2017-08-01,20170801,2009,TV-MA,,1
s5368,Daughters of Destiny,TV Show,2017-07-28,20170728,2017,TV-14,,1
s5369,The Incredible Jessica James,Movie,2017-07-28,20170728,2017,TV-MA,84,
s5370,Joe Mande’s Award-Winning Comedy Special,Movie,2017-07-25,20170725,2017,TV-MA,67,
s5371,I Called Him Morgan,Movie,2017-07-24,20170724,2016,TV-14,91,
s5372,Aditi Mittal: Things They Wouldn't Let Me Say,Movie,2017-07-18,20170718,2017,TV-MA,63,
s5373,Ari Shaffir: Double Negative,TV Show,2017-07-18,20170718,2017,TV-MA,,1
s5374,Uncertain Glory,Movie,2017-07-17,20170717,2017,TV-MA,116,
s5375,Amar,Movie,2017-07-15,20170715,2017,TV-MA,104,
s5376,Buddy Thunderstruck: The Maybe Pile,Movie,2017-07-14,20170714,2017,TV-Y7,14,
s5377,Chasing Coral,Movie,2017-07-14,20170714,2017,TV-PG,89,
s5378,To the Bone,Movie,2017-07-14,20170714,2017,TV-MA,108,
s5379,D.L. Hughley: Clear,Movie,2017-07-13,20170713,2014,TV-MA,59,
s5380,Tom Segura: Completely Normal,Movie,2017-07-13,20170713,2014,TV-MA,74,
s5381,Dawn of the Croods,TV Show,2017-07-07,20170707,2017,TV-Y7,,4
s5382,Degrassi: Next Class,TV Show,2017-07-07,20170707,2017,TV-14,,4
s5383,Diamond Lover,TV Show,2017-07-07,20170707,2015,TV-PG,,1
s5384,King’s War,TV Show,2017-07-07,20170707,2012,TV-14,,1
s5385,Qin Empire: Alliance,TV Show,2017-07-07,20170707,2012,TV-14,,1
s5386,Take Me,Movie,2017-07-07,20170707,2017,TV-MA,84,
s5387,The Legend of Bruce Lee,TV Show,2017-07-07,20170707,2008,TV-14,,1
s5388,10 jours en or,Movie,2017-07-01,20170701,2012,TV-14,97,
s5389,46,TV Show,2017-07-01,20170701,2016,TV-MA,,1
s5390,A 2nd Chance,Movie,2017-07-01,20170701,2011,PG,95,
s5391,Against the Tide,TV Show,2017-07-01,20170701,2014,TV-14,,1
s5392,Amrapali,Movie,2017-07-01,20170701,1966,TV-PG,116,
s5393,Barbie Life in the Dreamhouse,TV Show,2017-07-01,20170701,2012,TV-Y,,1
s5394,Breakout,TV Show,2017-07-01,20170701,2010,TV-14,,1
s5395,Hans Teeuwen: Real Rancour,Movie,2017-07-01,20170701,2018,TV-MA,86,
s5396,Intersection,TV Show,2017-07-01,20170701,2016,TV-MA,,3
s5397,Lal Patthar,Movie,2017-07-01,20170701,1971,TV-14,153,
s5398,Learning Songs by Little Baby Bum: Nursery Rhyme Friends,TV Show,2017-07-01,20170701,2015,TV-Y,,1
s5399,Liar's Dice,Movie,2017-07-01,20170701,2013,TV-MA,104,
s5400,Mystic Whispers,TV Show,2017-07-01,20170701,2014,TV-14,,1
s5401,Professor,Movie,2017-07-01,20170701,1962,TV-PG,163,
s5402,Spice Up,TV Show,2017-07-01,20170701,2014,TV-14,,1
s5403,The Invisible Guest,Movie,2017-07-01,20170701,2016,TV-14,106,
s5404,The Oath,TV Show,2017-07-01,20170701,2011,TV-14,,1
s5405,The Truth Seekers,TV Show,2017-07-01,20170701,2016,TV-MA,,1
s5406,The Ultimatum,TV Show,2017-07-01,20170701,2009,TV-14,,1
s5407,Unriddle,TV Show,2017-07-01,20170701,2012,TV-14,,2
s5408,World at Your Feet,TV Show,2017-07-01,20170701,2014,TV-14,,1
s5409,Yaar Gaddar,Movie,2017-07-01,20170701,1994,TV-14,148,
s5410,Yes We Can!,TV Show,2017-07-01,20170701,2014,TV-14,,1
s5411,Yours Fatefully,TV Show,2017-07-01,20170701,2012,TV-14,,1
s5412,Zipi & Zape y la Isla del Capitan,Movie,2017-07-01,20170701,2016,TV-PG,105,
s5413,Criminal Minds,TV Show,2017-06-30,20170630,2017,TV-14,,12
s5414,Gypsy,TV Show,2017-06-30,20170630,2017,TV-MA,,1
s5415,Little Witch Academia,TV Show,2017-06-30,20170630,2017,TV-Y7,,2
s5416,Okja,Movie,2017-06-28,20170628,2017,TV-MA,121,
s5417,Chris D'Elia: Man on Fire,Movie,2017-06-27,20170627,2017,TV-MA,66,
s5418,I Am Michael,Movie,2017-06-26,20170626,2015,TV-MA,102,
s5419,Nobody Speak: Trials of the Free Press,Movie,2017-06-23,20170623,2017,TV-14,96,
s5420,You Get Me,Movie,2017-06-23,20170623,2017,TV-MA,89,
s5421,Dangal,Movie,2017-06-21,20170621,2016,TV-PG,161,
s5422,Young & Hungry,TV Show,2017-06-21,20170621,2017,TV-14,,5
s5423,Pac-Man and the Ghostly Adventures,TV Show,2017-06-20,20170620,2014,TV-Y7,,2
s5424,Puss in Book: Trapped in an Epic Tale,Movie,2017-06-20,20170620,2017,TV-Y7,24,
s5425,Rory Scovel Tries Stand-Up for the First Time,Movie,2017-06-20,20170620,2017,TV-MA,66,
s5426,Aquarius,TV Show,2017-06-16,20170616,2016,TV-MA,,2
s5427,Counterpunch,Movie,2017-06-16,20170616,2017,TV-MA,91,
s5428,What the Health,Movie,2017-06-16,20170616,2017,TV-PG,92,
s5429,World of Winx,TV Show,2017-06-16,20170616,2017,TV-Y7,,2
s5430,Kanavu Variyam,Movie,2017-06-15,20170615,2017,TV-PG,104,
s5431,Marco Luque: Tamo Junto,Movie,2017-06-15,20170615,2017,TV-MA,73,
s5432,The Russian Revolution,Movie,2017-06-15,20170615,2017,TV-PG,47,
s5433,"Oh, Hello On Broadway",Movie,2017-06-13,20170613,2017,TV-MA,102,
s5434,28 Moons,TV Show,2017-06-10,20170610,2016,TV-PG,,1
s5435,Magic Phone,TV Show,2017-06-10,20170610,2016,TV-PG,,1
s5436,Man to Man,TV Show,2017-06-10,20170610,2017,TV-14,,1
s5437,My Little Baby,TV Show,2017-06-10,20170610,2016,TV-PG,,1
s5438,Singles Villa,TV Show,2017-06-10,20170610,2015,TV-14,,1
s5439,Under the Black Moonlight,TV Show,2017-06-10,20170610,2016,TV-14,,1
s5440,My Only Love Song,TV Show,2017-06-09,20170609,2017,TV-MA,,1
s5441,Shimmer Lake,Movie,2017-06-09,20170609,2017,TV-MA,87,
s5442,The Wishing Tree,Movie,2017-06-05,20170605,2017,TV-14,117,
s5443,Headshot,Movie,2017-06-03,20170603,2016,TV-MA,119,
s5444,1898: Our Last Men in the Philippines,Movie,2017-06-02,20170602,2016,R,130,
s5445,Crashing,TV Show,2017-06-02,20170602,2016,TV-MA,,1
s5446,Flaked,TV Show,2017-06-02,20170602,2017,TV-MA,,2
s5447,Lucid Dream,Movie,2017-06-02,20170602,2017,TV-MA,102,
s5448,Aashik Awara,Movie,2017-06-01,20170601,1993,TV-14,154,
s5449,Amelia: A Tale of Two Sisters,Movie,2017-06-01,20170601,2017,TV-PG,44,
s5450,Catfight,Movie,2017-06-01,20170601,2016,TV-MA,96,
s5451,How to Stage a Coup,Movie,2017-06-01,20170601,2017,TV-14,47,
s5452,Jackie: A Tale of Two Sisters,Movie,2017-06-01,20170601,2017,TV-PG,44,
s5453,Lens,Movie,2017-06-01,20170601,2015,TV-MA,109,
s5454,Little Boxes,Movie,2017-06-01,20170601,2016,TV-MA,89,
s5455,Love.com,Movie,2017-06-01,20170601,2017,TV-MA,92,
s5456,Maya Memsaab,Movie,2017-06-01,20170601,1993,TV-14,122,
s5457,Michael Lost and Found,Movie,2017-06-01,20170601,2017,TV-PG,19,
s5458,Mind Game,TV Show,2017-06-01,20170601,2015,TV-14,,1
s5459,Miniforce,TV Show,2017-06-01,20170601,2016,TV-Y7,,1
s5460,Off Camera,TV Show,2017-06-01,20170601,2015,TV-MA,,3
s5461,Oh Darling Yeh Hai India,Movie,2017-06-01,20170601,1995,TV-14,154,
s5462,Prince,Movie,2017-06-01,20170601,1969,TV-PG,152,
s5463,Qila,Movie,2017-06-01,20170601,1998,TV-14,161,
s5464,Smoke & Mirrors,Movie,2017-06-01,20170601,2016,TV-14,123,
s5465,The Day Will Come,TV Show,2017-06-01,20170601,2016,TV-14,,1
s5466,The Dream Job,TV Show,2017-06-01,20170601,2016,TV-14,,1
s5467,The Mitfords: A Tale of Two Sisters,Movie,2017-06-01,20170601,2017,TV-PG,44,
s5468,Without Gorky,Movie,2017-05-31,20170531,2011,TV-14,80,
s5469,Sarah Silverman A Speck of Dust,Movie,2017-05-30,20170530,2017,TV-MA,71,
s5470,Rangoon,Movie,2017-05-29,20170529,2017,TV-14,153,
s5471,Bloodline,TV Show,2017-05-26,20170526,2017,TV-MA,,3
s5472,Joshua: Teenager vs. Superpower,Movie,2017-05-26,20170526,2017,TV-14,79,
s5473,Raees,Movie,2017-05-26,20170526,2017,TV-14,143,
s5474,War Machine,Movie,2017-05-26,20170526,2017,TV-MA,123,
s5475,Arès,Movie,2017-05-23,20170523,2016,TV-MA,80,
s5476,Hasan Minhaj: Homecoming King,Movie,2017-05-23,20170523,2017,TV-MA,73,
s5477,BLAME!,Movie,2017-05-19,20170519,2017,TV-14,106,
s5478,Highland: Thailand's Marijuana Awakening,TV Show,2017-05-19,20170519,2017,TV-MA,,1
s5479,Laerte-se,Movie,2017-05-19,20170519,2017,TV-MA,101,
s5480,The Keepers,TV Show,2017-05-19,20170519,2017,TV-MA,,1
s5481,Tracy Morgan: Staying Alive,Movie,2017-05-16,20170516,2017,TV-MA,59,
s5482,Chamatkar,Movie,2017-05-15,20170515,1992,TV-14,164,
s5483,Kabhi Haan Kabhi Naa,Movie,2017-05-15,20170515,1994,TV-14,151,
s5484,Lovesong,Movie,2017-05-15,20170515,2016,TV-MA,84,
s5485,Natascha Kampusch: The Whole Story,Movie,2017-05-15,20170515,2010,TV-14,51,
s5486,Ram Jaane,Movie,2017-05-15,20170515,1995,TV-14,142,
s5487,The Devil's Mistress,Movie,2017-05-15,20170515,2016,TV-MA,110,
s5488,Wild Oats,Movie,2017-05-13,20170513,2016,PG-13,86,
s5489,All Hail King Julien: Exiled,TV Show,2017-05-12,20170512,2017,TV-Y7,,1
s5490,Get Me Roger Stone,Movie,2017-05-12,20170512,2017,TV-MA,101,
s5491,Mindhorn,Movie,2017-05-12,20170512,2017,TV-MA,88,
s5492,Sahara,Movie,2017-05-12,20170512,2017,TV-Y7,86,
s5493,"Norm Macdonald: Hitler's Dog, Gossip & Trickery",Movie,2017-05-09,20170509,2017,TV-MA,61,
s5494,Handsome: A Netflix Mystery Movie,Movie,2017-05-05,20170505,2017,TV-MA,81,
s5495,Kazoops!,TV Show,2017-05-05,20170505,2017,TV-Y,,3
s5496,Simplemente Manu NNa,Movie,2017-05-05,20170505,2017,TV-MA,72,
s5497,The Mars Generation,Movie,2017-05-05,20170505,2017,TV-PG,98,
s5498,Maria Bamford: Old Baby,Movie,2017-05-02,20170502,2017,TV-MA,64,
s5499,A Yellow Bird,Movie,2017-05-01,20170501,2016,TV-MA,111,
s5500,Chaahat,Movie,2017-05-01,20170501,1996,TV-14,148,
s5501,English Babu Desi Mem,Movie,2017-05-01,20170501,1996,TV-14,163,
s5502,He Even Has Your Eyes,Movie,2017-05-01,20170501,2016,TV-MA,95,
s5503,In the Shadow of Iris,Movie,2017-05-01,20170501,2016,TV-MA,99,
s5504,JFK: The Making of a President,Movie,2017-05-01,20170501,2017,TV-PG,44,
s5505,Kiss & Cry,Movie,2017-05-01,20170501,2017,TV-MA,93,
s5506,Loev,Movie,2017-05-01,20170501,2015,TV-MA,89,
s5507,Mostly Sunny,Movie,2017-05-01,20170501,2016,TV-MA,83,
s5508,The Next Skin,Movie,2017-05-01,20170501,2016,TV-MA,104,
s5509,Casting JonBenet,Movie,2017-04-28,20170428,2017,TV-14,81,
s5510,Jumping Girl,TV Show,2017-04-28,20170428,2015,TV-14,,1
s5511,President,TV Show,2017-04-28,20170428,2010,TV-14,,1
s5512,Rodney King,Movie,2017-04-28,20170428,2017,TV-MA,53,
s5513,Small Crimes,Movie,2017-04-28,20170428,2017,TV-MA,95,
s5514,What in the World Happened?,TV Show,2017-04-28,20170428,2015,TV-14,,1
s5515,Mar de Plástico,TV Show,2017-04-27,20170427,2017,TV-MA,,2
s5516,Dear Zindagi,Movie,2017-04-25,20170425,2016,TV-14,149,
s5517,Shepherds and Butchers,Movie,2017-04-25,20170425,2016,R,106,
s5518,The 101-Year-Old Man Who Skipped Out on the Bill and Disappeared,Movie,2017-04-25,20170425,2016,TV-MA,108,
s5519,Vir Das: Abroad Understanding,Movie,2017-04-25,20170425,2017,TV-MA,66,
s5520,Fangbone,TV Show,2017-04-22,20170422,2016,TV-Y7,,1
s5521,Girlboss,TV Show,2017-04-21,20170421,2017,TV-MA,,1
s5522,Hot Girls Wanted: Turned On,TV Show,2017-04-21,20170421,2017,TV-MA,,1
s5523,Sand Castle,Movie,2017-04-21,20170421,2017,TV-MA,113,
s5524,The Mr. Peabody and Sherman Show,TV Show,2017-04-21,20170421,2017,TV-Y7,,4
s5525,Tramps,Movie,2017-04-21,20170421,2017,TV-MA,83,
s5526,Lucas Brothers: On Drugs,Movie,2017-04-18,20170418,2017,TV-MA,50,
s5527,Bibi & Tina,Movie,2017-04-15,20170415,2014,TV-PG,97,
s5528,Bibi & Tina II,Movie,2017-04-15,20170415,2014,TV-14,105,
s5529,Bibi & Tina: Girls Versus Boys,Movie,2017-04-15,20170415,2016,TV-14,107,
s5530,Slam,Movie,2017-04-15,20170415,2017,TV-MA,99,
s5531,The Wedding Party,Movie,2017-04-15,20170415,2016,TV-14,101,
s5532,Arctic Heart,Movie,2017-04-14,20170414,2016,TV-14,81,
s5533,Our Lovers,Movie,2017-04-14,20170414,2016,TV-MA,92,
s5534,Sandy Wexler,Movie,2017-04-14,20170414,2017,TV-14,131,
s5535,Macho,Movie,2017-04-12,20170412,2016,TV-MA,101,
s5536,Kevin Hart: What Now?,Movie,2017-04-11,20170411,2016,R,96,
s5537,Frat Star,Movie,2017-04-10,20170410,2017,TV-MA,85,
s5538,The Miracle,TV Show,2017-04-10,20170410,2016,TV-14,,1
s5539,The Get Down,TV Show,2017-04-07,20170407,2017,TV-MA,,2
s5540,The Lighthouse of the Orcas,Movie,2017-04-07,20170407,2016,TV-MA,110,
s5541,Win It All,Movie,2017-04-07,20170407,2017,TV-MA,89,
s5542,Louis C.K. 2017,Movie,2017-04-04,20170404,2017,74 min,,
s5543,Burned Cocoon,TV Show,2017-04-01,20170401,2005,TV-MA,,1
s5544,Couples Counseling,Movie,2017-04-01,20170401,2016,TV-MA,88,
s5545,Deuces,Movie,2017-04-01,20170401,2016,TV-MA,88,
s5546,Elaan,Movie,2017-04-01,20170401,1971,TV-14,143,
s5547,Five Nights in Maine,Movie,2017-04-01,20170401,2015,TV-MA,83,
s5548,Killa,Movie,2017-04-01,20170401,2014,TV-14,107,
s5549,Life 2.0,Movie,2017-04-01,20170401,2010,TV-MA,99,
s5550,Salaakhen,Movie,2017-04-01,20170401,1975,TV-14,134,
s5551,Skins,Movie,2017-04-01,20170401,2017,TV-MA,78,
s5552,The Tenth Man,Movie,2017-04-01,20170401,2016,TV-MA,81,
s5553,Toro,Movie,2017-04-01,20170401,2016,TV-MA,106,
s5554,Bridget Christie: Stand Up for Her,Movie,2017-03-31,20170331,2016,TV-MA,51,
s5555,Five Came Back,TV Show,2017-03-31,20170331,2017,TV-MA,,1
s5556,Hoff the Record,TV Show,2017-03-31,20170331,2016,TV-MA,,2
s5557,The Discovery,Movie,2017-03-31,20170331,2017,TV-MA,102,
s5558,Jo Koy: Live from Seattle,Movie,2017-03-28,20170328,2017,TV-MA,63,
s5559,Bottersnikes & Gumbles,TV Show,2017-03-24,20170324,2017,TV-Y7,,2
s5560,Felipe Neto: My Life Makes No Sense,Movie,2017-03-24,20170324,2017,TV-MA,91,
s5561,The C Word,Movie,2017-03-24,20170324,2016,TV-14,93,
s5562,The Most Hated Woman in America,Movie,2017-03-24,20170324,2017,TV-MA,93,
s5563,Dave Chappelle,TV Show,2017-03-21,20170321,2017,TV-MA,,1
s5564,One-Punch Man,TV Show,2017-03-20,20170320,2015,TV-14,,1
s5565,Best Worst Thing That Ever Could Have Happened,Movie,2017-03-18,20170318,2016,TV-MA,97,
s5566,Deidra & Laney Rob a Train,Movie,2017-03-17,20170317,2017,TV-14,92,
s5567,Julie's Greenroom,TV Show,2017-03-17,20170317,2017,TV-Y,,1
s5568,Outback Truckers,TV Show,2017-03-17,20170317,2015,TV-MA,,3
s5569,Pandora,Movie,2017-03-17,20170317,2016,TV-MA,137,
s5570,Samurai Gourmet,TV Show,2017-03-17,20170317,2017,TV-PG,,1
s5571,Howards End,Movie,2017-03-16,20170316,1992,PG,143,
s5572,Asoka,Movie,2017-03-15,20170315,2001,R,168,
s5573,"Bon Cop, Bad Cop",Movie,2017-03-15,20170315,2006,TV-MA,117,
s5574,Notes on Blindness,Movie,2017-03-15,20170315,2016,TV-PG,87,
s5575,One 2 Ka 4,Movie,2017-03-15,20170315,2001,TV-14,160,
s5576,Cheer Squad,TV Show,2017-03-14,20170314,2016,TV-PG,,1
s5577,Jim Norton: Mouthful of Shame,Movie,2017-03-14,20170314,2017,TV-MA,62,
s5578,100 Meters,Movie,2017-03-10,20170310,2016,TV-MA,109,
s5579,Buddy Thunderstruck,TV Show,2017-03-10,20170310,2017,TV-Y7,,1
s5580,Burning Sands,Movie,2017-03-10,20170310,2017,TV-MA,102,
s5581,One More Time,TV Show,2017-03-10,20170310,2016,TV-14,,1
s5582,The Butterfly's Dream,Movie,2017-03-10,20170310,2013,TV-PG,118,
s5583,Amy Schumer: The Leather Special,Movie,2017-03-07,20170307,2017,TV-MA,57,
s5584,Love Is in the Air,TV Show,2017-03-01,20170301,2010,TV-14,,1
s5585,Nila,Movie,2017-03-01,20170301,2016,TV-MA,94,
s5586,Tong: Memories,TV Show,2017-03-01,20170301,2016,TV-MA,,1
s5587,Mike Birbiglia: Thank God for Jokes,Movie,2017-02-28,20170228,2017,TV-MA,71,
s5588,Force 2,Movie,2017-02-27,20170227,2016,TV-14,123,
s5589,Jonas,Movie,2017-02-26,20170226,2015,TV-MA,97,
s5590,Operações Especiais,Movie,2017-02-25,20170225,2015,TV-MA,99,
s5591,I Don't Feel at Home in This World Anymore,Movie,2017-02-24,20170224,2017,TV-MA,97,
s5592,Legend Quest,TV Show,2017-02-24,20170224,2017,TV-Y7,,1
s5593,The Sound of Your Heart,TV Show,2017-02-24,20170224,2016,TV-14,,1
s5594,Love Me As I Am,TV Show,2017-02-22,20170222,2015,TV-PG,,3
s5595,Trevor Noah: Afraid of the Dark,Movie,2017-02-21,20170221,2017,TV-14,67,
s5596,Boy Missing,Movie,2017-02-19,20170219,2016,TV-MA,105,
s5597,Growing Up Wild,Movie,2017-02-19,20170219,2016,G,78,
s5598,Tini: The New Life of Violetta,Movie,2017-02-19,20170219,2016,G,99,
s5599,Love for Ten: Generation of Youth,TV Show,2017-02-17,20170217,2013,TV-14,,1
s5600,Rocky Handsome,Movie,2017-02-17,20170217,2016,TV-MA,119,
s5601,A Heavy Heart,Movie,2017-02-15,20170215,2015,TV-MA,109,
s5602,Nightmare High,TV Show,2017-02-15,20170215,2016,TV-14,,1
s5603,Rush: Beyond the Lighted Stage,Movie,2017-02-15,20170215,2010,TV-MA,107,
s5604,Spark,TV Show,2017-02-15,20170215,2016,TV-PG,,1
s5605,The Fury of a Patient Man,Movie,2017-02-15,20170215,2016,TV-MA,92,
s5606,The Memory of Water,Movie,2017-02-15,20170215,2015,TV-MA,88,
s5607,Girlfriend's Day,Movie,2017-02-14,20170214,2017,TV-MA,71,
s5608,Katherine Ryan: In Trouble,Movie,2017-02-14,20170214,2017,TV-MA,64,
s5609,White Nights,TV Show,2017-02-14,20170214,2016,TV-14,,1
s5610,Cyborg 009: Call of Justice,TV Show,2017-02-10,20170210,2017,TV-14,,1
s5611,David Brent: Life on the Road,Movie,2017-02-10,20170210,2016,TV-MA,97,
s5612,Grillo vs Grillo,Movie,2017-02-10,20170210,2017,TV-MA,96,
s5613,Hitler - A Career,Movie,2017-02-10,20170210,1977,TV-MA,150,
s5614,"Michael Bolton's Big, Sexy Valentine's Day Special",Movie,2017-02-07,20170207,2017,TV-MA,54,
s5615,Daniel Sosa: Sosafado,Movie,2017-02-03,20170203,2017,TV-MA,78,
s5616,Imperial Dreams,Movie,2017-02-03,20170203,2014,TV-MA,86,
s5617,Dilwale,Movie,2017-02-01,20170201,2015,TV-PG,154,
s5618,Happy New Year,Movie,2017-02-01,20170201,2014,TV-14,179,
s5619,Haraamkhor,Movie,2017-02-01,20170201,2015,TV-14,93,
s5620,Heroes Wanted,Movie,2017-02-01,20170201,2016,TV-MA,97,
s5621,The Reconquest,Movie,2017-02-01,20170201,2016,TV-MA,108,
s5622,Zapped,Movie,2017-02-01,20170201,2014,TV-Y,92,
s5623,Bill Burr: Walk Your Way Out,Movie,2017-01-31,20170131,2017,TV-MA,78,
s5624,Semana Santa,Movie,2017-01-31,20170131,2015,TV-MA,87,
s5625,Journey to Greenland,Movie,2017-01-29,20170129,2016,TV-14,99,
s5626,IBOY,Movie,2017-01-27,20170127,2017,TV-MA,91,
s5627,O Silêncio do Céu,Movie,2017-01-25,20170125,2016,TV-MA,102,
s5628,Cristela Alonzo: Lower Classy,Movie,2017-01-24,20170124,2017,TV-MA,67,
s5629,Gad Gone Wild,Movie,2017-01-23,20170123,2017,TV-MA,57,
s5630,Pink,Movie,2017-01-20,20170120,2016,TV-14,130,
s5631,Take the 10,Movie,2017-01-20,20170120,2017,TV-MA,80,
s5632,Neal Brennan: 3 Mics,Movie,2017-01-17,20170117,2017,TV-MA,66,
s5633,Berlin Calling,Movie,2017-01-15,20170115,2008,TV-MA,105,
s5634,Sarajevo,Movie,2017-01-15,20170115,2014,TV-PG,98,
s5635,Stereo,Movie,2017-01-15,20170115,2014,TV-MA,91,
s5636,We Are Young. We Are Strong.,Movie,2017-01-15,20170115,2014,TV-MA,123,
s5637,Casablancas: The Man Who Loved Women,Movie,2017-01-13,20170113,2016,TV-14,82,
s5638,Clinical,Movie,2017-01-13,20170113,2017,TV-MA,104,
s5639,Very Big Shot,Movie,2017-01-12,20170112,2015,TV-MA,109,
s5640,Jim Gaffigan: Cinco,Movie,2017-01-10,20170110,2017,TV-14,74,
s5641,We're Lalaloopsy,TV Show,2017-01-10,20170110,2017,TV-Y,,1
s5642,Under the Shadow,Movie,2017-01-07,20170107,2016,PG-13,84,
s5643,Coin Heist,Movie,2017-01-06,20170106,2017,TV-14,98,
s5644,LEGO: Marvel Super Heroes: Maximum Overload,Movie,2017-01-06,20170106,2013,TV-Y7,22,
s5645,Rampage: President Down,Movie,2017-01-05,20170105,2016,TV-MA,100,
s5646,Marvel's Hulk: Where Monsters Dwell,Movie,2017-01-04,20170104,2016,PG,75,
s5647,Jen Kirkman: Just Keep Livin’?,Movie,2017-01-03,20170103,2017,TV-MA,69,
s5648,Autohead,Movie,2017-01-01,20170101,2016,TV-MA,97,
s5649,Bee Movie,Movie,2017-01-01,20170101,2007,PG,92,
s5650,Headwinds,Movie,2017-01-01,20170101,2011,TV-MA,92,
s5651,Star Trek: Deep Space Nine,TV Show,2017-01-01,20170101,1999,TV-14,,7
s5652,Udta Punjab,Movie,2017-01-01,20170101,2016,TV-MA,146,
s5653,Mr. Pig,Movie,2016-12-31,20161231,2016,TV-MA,97,
s5654,My Runway,TV Show,2016-12-30,20161230,2016,TV-14,,1
s5655,AJIN: Demi-Human,TV Show,2016-12-27,20161227,2016,TV-MA,,2
s5656,Chasing Cameron,TV Show,2016-12-27,20161227,2016,TV-14,,1
s5657,7:19,Movie,2016-12-23,20161223,2016,TV-MA,93,
s5658,Garfunkel and Oates: Trying to be Special,Movie,2016-12-23,20161223,2016,TV-MA,62,
s5659,Sense8,TV Show,2016-12-23,20161223,2018,TV-MA,,2
s5660,A Christmas Special: Miraculous: Tales of Ladybug & Cat Noir,Movie,2016-12-20,20161220,2016,TV-Y7,22,
s5661,Gabriel lglesias: I’m Sorry For What I Said When I Was Hungry,Movie,2016-12-20,20161220,2016,TV-14,88,
s5662,Barry,Movie,2016-12-16,20161216,2016,TV-MA,105,
s5663,Crazyhead,TV Show,2016-12-16,20161216,2016,TV-MA,,1
s5664,Sister Cities,Movie,2016-12-16,20161216,2016,TV-MA,88,
s5665,3 Türken & ein Baby,Movie,2016-12-15,20161215,2015,TV-MA,93,
s5666,Color of Woman,TV Show,2016-12-15,20161215,2012,TV-PG,,1
s5667,Eddie - Strongman,Movie,2016-12-15,20161215,2015,TV-MA,98,
s5668,Goodbye My Wife,TV Show,2016-12-15,20161215,2012,TV-14,,1
s5669,Happy And,TV Show,2016-12-15,20161215,2012,TV-14,,1
s5670,Heaven's Garden,TV Show,2016-12-15,20161215,2011,TV-MA,,1
s5671,Ice Fantasy,TV Show,2016-12-15,20161215,2016,TV-14,,1
s5672,Immortal Classic,TV Show,2016-12-15,20161215,2012,TV-14,,1
s5673,InuYasha,TV Show,2016-12-15,20161215,2001,TV-14,,2
s5674,K-POP Extreme Survival,TV Show,2016-12-15,20161215,2012,TV-14,,1
s5675,Merlin,TV Show,2016-12-15,20161215,2012,TV-PG,,5
s5676,Miss Panda & Mr. Hedgehog,TV Show,2016-12-15,20161215,2012,TV-PG,,1
s5677,Sand Storm,Movie,2016-12-15,20161215,2016,TV-PG,88,
s5678,Tokyo Trial,TV Show,2016-12-13,20161213,2017,TV-MA,,1
s5679,Ricardo O'Farrill: Abrazo navideño,Movie,2016-12-12,20161212,2016,TV-MA,31,
s5680,Asperger's Are Us,Movie,2016-12-11,20161211,2016,TV-MA,83,
s5681,Captive,TV Show,2016-12-09,20161209,2016,TV-MA,,1
s5682,Mariah Carey's Merriest Christmas,Movie,2016-12-09,20161209,2015,TV-G,38,
s5683,Spectral,Movie,2016-12-09,20161209,2016,TV-14,108,
s5684,White Rabbit Project,TV Show,2016-12-09,20161209,2016,TV-14,,1
s5685,Miss in Kiss,TV Show,2016-12-08,20161208,2016,TV-14,,1
s5686,Other People,Movie,2016-12-08,20161208,2016,TV-MA,97,
s5687,The Cuba Libre Story,TV Show,2016-12-08,20161208,2015,TV-14,,1
s5688,Blue Jay,Movie,2016-12-06,20161206,2016,TV-MA,81,
s5689,One in a Billion,Movie,2016-12-06,20161206,2016,TV-14,70,
s5690,Reggie Watts: Spatial,Movie,2016-12-06,20161206,2016,TV-MA,62,
s5691,From Dusk Till Dawn,TV Show,2016-12-05,20161205,2016,TV-MA,,3
s5692,Mercenary,Movie,2016-12-04,20161204,2016,TV-MA,99,
s5693,Lost & Found Music Studios,TV Show,2016-12-03,20161203,2016,TV-G,,2
s5694,For the Love of Spock,Movie,2016-12-02,20161202,2016,TV-14,112,
s5695,White Girl,Movie,2016-12-02,20161202,2016,TV-MA,90,
s5696,#Rucker50,Movie,2016-12-01,20161201,2016,TV-PG,56,
s5697,1000 Rupee Note,Movie,2016-12-01,20161201,2014,TV-14,89,
s5698,Across Grace Alley,Movie,2016-12-01,20161201,2013,TV-PG,24,
s5699,Asu Mare 2,Movie,2016-12-01,20161201,2015,TV-14,100,
s5700,Back to 1989,TV Show,2016-12-01,20161201,2016,TV-PG,,1
s5701,Bromance,TV Show,2016-12-01,20161201,2015,TV-PG,,1
s5702,Interrogation,Movie,2016-12-01,20161201,2015,TV-MA,116,
s5703,Rainbow Time,Movie,2016-12-01,20161201,2016,TV-MA,92,
s5704,Refresh Man,TV Show,2016-12-01,20161201,2016,TV-14,,1
s5705,Richard Pryor: Live in Concert,Movie,2016-12-01,20161201,1979,TV-MA,79,
s5706,The Violin Player,Movie,2016-12-01,20161201,2016,TV-14,72,
s5707,Beauties of the Night,Movie,2016-11-25,20161125,2016,TV-MA,92,
s5708,Gilmore Girls: A Year in the Life,TV Show,2016-11-25,20161125,2016,TV-14,,1
s5709,Michael Che Matters,Movie,2016-11-25,20161125,2016,TV-MA,61,
s5710,Mercy,Movie,2016-11-22,20161122,2016,TV-MA,88,
s5711,The Land of Cards,Movie,2016-11-22,20161122,2012,TV-14,113,
s5712,Carlos Ballarta: El amor es de putos,Movie,2016-11-21,20161121,2016,TV-MA,67,
s5713,Donald Glover: Weirdo,Movie,2016-11-19,20161119,2012,TV-MA,65,
s5714,Colin Quinn: The New York Story,Movie,2016-11-18,20161118,2016,TV-MA,62,
s5715,Divines,Movie,2016-11-18,20161118,2016,TV-MA,107,
s5716,La Niña,TV Show,2016-11-18,20161118,2016,TV-MA,,1
s5717,Paranoid,TV Show,2016-11-17,20161117,2016,TV-MA,,1
s5718,Dieter Nuhr: Nuhr in Berlin,Movie,2016-11-15,20161115,2016,TV-MA,69,
s5719,Mumbai Cha Raja,Movie,2016-11-15,20161115,2012,TV-MA,77,
s5720,True Memoirs of an International Assassin,Movie,2016-11-11,20161111,2016,TV-14,98,
s5721,Einsatzgruppen: The Nazi Death Squads,TV Show,2016-11-10,20161110,2009,TV-MA,,1
s5722,Kathleen Madigan: Bothering Jesus,Movie,2016-11-10,20161110,2016,TV-MA,71,
s5723,Case,TV Show,2016-11-09,20161109,2015,TV-MA,,1
s5724,Danger Mouse,TV Show,2016-11-09,20161109,2016,TV-Y7,,2
s5725,"Dana Carvey: Straight White Male, 60",Movie,2016-11-04,20161104,2016,TV-MA,64,
s5726,The Ivory Game,Movie,2016-11-04,20161104,2016,TV-14,112,
s5727,A Grand Night In: The Story of Aardman,Movie,2016-11-01,20161101,2015,TV-PG,59,
s5728,Inborn Pair,TV Show,2016-11-01,20161101,2011,TV-14,,1
s5729,Just You,TV Show,2016-11-01,20161101,2013,TV-14,,1
s5730,Love Around,TV Show,2016-11-01,20161101,2013,TV-14,,1
s5731,Love Family,TV Show,2016-11-01,20161101,2013,TV-MA,,1
s5732,Love Me or Leave Me,TV Show,2016-11-01,20161101,2012,TV-14,,1
s5733,Love Now,TV Show,2016-11-01,20161101,2012,TV-14,,1
s5734,Norman Lear: Just Another Version of You,Movie,2016-11-01,20161101,2016,TV-MA,91,
s5735,Santa Pac's Merry Berry Day,Movie,2016-11-01,20161101,2016,TV-Y,44,
s5736,Spanish Affair 2,Movie,2016-11-01,20161101,2015,TV-MA,107,
s5737,Pup Star,Movie,2016-10-29,20161029,2016,G,92,
s5738,I Am the Pretty Thing That Lives in the House,Movie,2016-10-28,20161028,2016,TV-14,89,
s5739,Into the Inferno,Movie,2016-10-28,20161028,2016,TV-PG,107,
s5740,The African Doctor,Movie,2016-10-28,20161028,2016,TV-14,94,
s5741,They Are Everywhere,Movie,2016-10-28,20161028,2016,TV-MA,110,
s5742,Trailer Park Boys: Out of the Park: Europe,TV Show,2016-10-28,20161028,2016,TV-MA,,1
s5743,West Coast,Movie,2016-10-28,20161028,2016,TV-MA,81,
s5744,7 años,Movie,2016-10-27,20161027,2016,TV-MA,77,
s5745,Containment,TV Show,2016-10-21,20161021,2016,TV-MA,,1
s5746,Joe Rogan: Triggered,Movie,2016-10-21,20161021,2016,TV-MA,64,
s5747,A Mighty Team,Movie,2016-10-15,20161015,2016,TV-MA,97,
s5748,Berserk: The Golden Age Arc I - The Egg of the King,Movie,2016-10-15,20161015,2012,TV-MA,77,
s5749,Bleach The Movie: Fade to Black,Movie,2016-10-15,20161015,2008,TV-PG,94,
s5750,Bleach the Movie: Hell Verse,Movie,2016-10-15,20161015,2010,TV-14,94,
s5751,Blind Date,Movie,2016-10-15,20161015,2015,TV-14,91,
s5752,DEATH NOTE,TV Show,2016-10-15,20161015,2006,TV-14,,1
s5753,Spotless,TV Show,2016-10-15,20161015,2015,TV-MA,,1
s5754,Vampire Knight,TV Show,2016-10-15,20161015,2008,TV-14,,2
s5755,Sky Ladder: The Art of Cai Guo-Qiang,Movie,2016-10-14,20161014,2016,TV-MA,80,
s5756,Mascots,Movie,2016-10-13,20161013,2016,TV-MA,95,
s5757,Justin Timberlake + the Tennessee Kids,Movie,2016-10-12,20161012,2016,TV-MA,90,
s5758,13TH,Movie,2016-10-07,20161007,2016,TV-MA,101,
s5759,Russell Peters: Almost Famous,Movie,2016-10-07,20161007,2016,TV-MA,73,
s5760,StoryBots Super Songs,TV Show,2016-10-07,20161007,2016,TV-Y,,1
s5761,The Siege of Jadotville,Movie,2016-10-07,20161007,2016,TV-MA,108,
s5762,LEGO Jurassic World: The Indominus Escape,Movie,2016-10-04,20161004,2016,TV-Y7,25,
s5763,Be with Me,TV Show,2016-10-01,20161001,2015,TV-PG,,1
s5764,Be with You,TV Show,2016-10-01,20161001,2015,TV-14,,1
s5765,Bombshell,Movie,2016-10-01,20161001,2016,TV-MA,86,
s5766,Chatô: The King of Brazil,Movie,2016-10-01,20161001,2015,TV-MA,105,
s5767,Fall in Love with Me,TV Show,2016-10-01,20161001,2014,TV-14,,1
s5768,Harud,Movie,2016-10-01,20161001,2010,TV-MA,100,
s5769,Love Cheque Charge,TV Show,2016-10-01,20161001,2014,TV-14,,1
s5770,Masha's Spooky Stories,TV Show,2016-10-01,20161001,2012,TV-Y,,1
s5771,Much Ado About Nothing,Movie,2016-10-01,20161001,2016,TV-MA,96,
s5772,Murphy's Law of Love,TV Show,2016-10-01,20161001,2015,TV-PG,,1
s5773,My Big Night,Movie,2016-10-01,20161001,2015,TV-MA,97,
s5774,My Little Pony Equestria Girls: Legend of Everfree,Movie,2016-10-01,20161001,2016,TV-Y7,73,
s5775,Old Money,TV Show,2016-10-01,20161001,2015,TV-MA,,1
s5776,Pac's Scary Halloween,Movie,2016-10-01,20161001,2016,TV-Y7,44,
s5777,Riphagen - The Untouchable,Movie,2016-10-01,20161001,2016,TV-14,132,
s5778,Someone Like You,TV Show,2016-10-01,20161001,2015,TV-14,,1
s5779,Umrika,Movie,2016-10-01,20161001,2015,TV-MA,96,
s5780,Unchained: The Untold Story of Freestyle Motocross,Movie,2016-10-01,20161001,2016,TV-MA,92,
s5781,Welcome Mr. President,Movie,2016-10-01,20161001,2013,TV-MA,99,
s5782,When I See You Again,TV Show,2016-10-01,20161001,2015,TV-14,,1
s5783,Amanda Knox,Movie,2016-09-30,20160930,2016,TV-MA,92,
s5784,Audrie & Daisy,Movie,2016-09-23,20160923,2016,TV-MA,99,
s5785,Iliza Shlesinger: Confirmed Kills,Movie,2016-09-23,20160923,2016,TV-MA,78,
s5786,VeggieTales in the House,TV Show,2016-09-23,20160923,2016,TV-Y,,4
s5787,"Karol Modzelewski, Łukasz „Lotek” Lodkowski No Offense",Movie,2016-09-19,20160919,2016,TV-MA,65,
s5788,"Katarzyna Piasecka, Rafał Pacześ Seriously Funny",Movie,2016-09-19,20160919,2016,TV-MA,65,
s5789,"Mariusz Kałamaga, Karol Kopiec, Wiolka Walaszczyk Hilarious Trio",Movie,2016-09-19,20160919,2016,TV-MA,69,
s5790,"Rafał Banaś, Michał Leja Laugh out Loud",Movie,2016-09-19,20160919,2016,TV-MA,64,
s5791,The Best of Rafał Rutkowski Olka Szczęśniak,Movie,2016-09-19,20160919,2016,TV-MA,63,
s5792,"Tomasz Jachimek, Jacek Stramik Laugh at Live",Movie,2016-09-19,20160919,2016,TV-MA,63,
s5793,ARQ,Movie,2016-09-16,20160916,2016,TV-MA,89,
s5794,Cedric the Entertainer: Live from the Ville,Movie,2016-09-16,20160916,2016,TV-MA,60,
s5795,Louis C.K.: Hilarious,Movie,2016-09-16,20160916,2010,84 min,,
s5796,The White Helmets,Movie,2016-09-16,20160916,2016,TV-PG,41,
s5797,Sample This,Movie,2016-09-15,20160915,2012,TV-14,83,
s5798,Extremis,Movie,2016-09-13,20160913,2016,TV-PG,25,
s5799,Jandino: Whatever it Takes,Movie,2016-09-09,20160909,2016,TV-MA,94,
s5800,Chef's Table: France,TV Show,2016-09-02,20160902,2016,TV-14,,1
s5801,Kulipari: An Army of Frogs,TV Show,2016-09-02,20160902,2016,TV-Y7,,1
s5802,Conspiracy,TV Show,2016-09-01,20160901,2015,TV-14,,1
s5803,Dead Set,TV Show,2016-09-01,20160901,2008,TV-MA,,1
s5804,Forensic Files,TV Show,2016-09-01,20160901,2011,TV-MA,,9
s5805,Saudi Arabia Uncovered,Movie,2016-09-01,20160901,2016,TV-14,52,
s5806,The Fierce Wife,TV Show,2016-09-01,20160901,2010,TV-MA,,1
s5807,Witches: A Century of Murder,TV Show,2016-09-01,20160901,2015,TV-14,,1
s5808,Glitter Force,TV Show,2016-08-26,20160826,2016,TV-Y7,,2
s5809,Jeff Foxworthy and Larry the Cable Guy: We’ve Been Thinking...,Movie,2016-08-26,20160826,2016,TV-14,75,
s5810,XOXO,Movie,2016-08-26,20160826,2016,TV-MA,92,
s5811,I'll Sleep When I'm Dead,Movie,2016-08-19,20160819,2016,TV-MA,80,
s5812,Behind Enemy Lines,TV Show,2016-08-15,20160815,2001,TV-14,,1
s5813,Caught on Camera,TV Show,2016-08-15,20160815,2015,TV-MA,,3
s5814,Louis C.K.: Live at the Comedy Store,Movie,2016-08-15,20160815,2015,66 min,,
s5815,Real Crime: Supermarket Heist (Tesco Bomber),Movie,2016-08-15,20160815,2010,TV-14,46,
s5816,Jim Gaffigan: Beyond the Pale,Movie,2016-08-11,20160811,2005,TV-14,72,
s5817,Jim Gaffigan: King Baby,Movie,2016-08-11,20160811,2009,TV-PG,71,
s5818,Jim Gaffigan: Mr. Universe,Movie,2016-08-11,20160811,2012,TV-14,77,
s5819,Jim Gaffigan: Obsessed,Movie,2016-08-11,20160811,2014,TV-14,70,
s5820,David Cross: Making America Great Again!,Movie,2016-08-05,20160805,2016,TV-MA,73,
s5821,Lavell Crawford: Can a Brother Get Some Love?,Movie,2016-08-02,20160802,2011,TV-MA,81,
s5822,Children of God,Movie,2016-08-01,20160801,1994,TV-MA,63,
s5823,Cocaine,TV Show,2016-08-01,20160801,2005,TV-14,,1
s5824,Edge of the Universe,TV Show,2016-08-01,20160801,2008,TV-G,,1
s5825,Interview with a Serial Killer,Movie,2016-08-01,20160801,2008,TV-MA,45,
s5826,La Esclava Blanca,TV Show,2016-08-01,20160801,2016,TV-MA,,1
s5827,Real Crime: Diamond Geezers,Movie,2016-08-01,20160801,2008,TV-14,46,
s5828,LEGO Bionicle: The Journey to One,TV Show,2016-07-29,20160729,2016,TV-Y7,,2
s5829,Tallulah,Movie,2016-07-29,20160729,2016,TV-MA,112,
s5830,Popples,TV Show,2016-07-24,20160724,2016,TV-Y,,3
s5831,Rebirth,Movie,2016-07-15,20160715,2016,TV-MA,101,
s5832,Tony Robbins: I Am Not Your Guru,Movie,2016-07-15,20160715,2016,TV-MA,117,
s5833,Gridlocked,Movie,2016-07-14,20160714,2015,R,114,
s5834,Brahman Naman,Movie,2016-07-06,20160706,2016,TV-MA,96,
s5835,Kuromukuro,TV Show,2016-07-04,20160704,2016,TV-14,,2
s5836,Jim Jefferies: Freedumb,Movie,2016-07-01,20160701,2016,TV-MA,87,
s5837,Marco Polo,TV Show,2016-07-01,20160701,2016,TV-MA,,2
s5838,X: Past Is Present,Movie,2016-07-01,20160701,2015,TV-MA,105,
s5839,Justin Time GO!,TV Show,2016-06-24,20160624,2016,TV-Y,,1
s5840,Sofía Niño de Rivera: Exposed,Movie,2016-06-24,20160624,2016,TV-MA,80,
s5841,The Fundamentals of Caring,Movie,2016-06-24,20160624,2016,TV-MA,97,
s5842,Ip Man 3,Movie,2016-06-18,20160618,2015,PG-13,105,
s5843,Bo Burnham: Make Happy,Movie,2016-06-03,20160603,2016,TV-MA,60,
s5844,Hibana: Spark,TV Show,2016-06-02,20160602,2016,TV-MA,,1
s5845,72 Cutest Animals,TV Show,2016-06-01,20160601,2016,TV-PG,,1
s5846,72 Dangerous Places to Live,TV Show,2016-06-01,20160601,2016,TV-PG,,1
s5847,The Do-Over,Movie,2016-05-27,20160527,2016,TV-MA,109,
s5848,Ali Wong: Baby Cobra,Movie,2016-05-06,20160506,2016,TV-MA,60,
s5849,Special Correspondents,Movie,2016-04-29,20160429,2016,TV-MA,101,
s5850,Team Foxcatcher,Movie,2016-04-29,20160429,2016,TV-MA,91,
s5851,Patton Oswalt: Talking for Clapping,Movie,2016-04-22,20160422,2016,TV-MA,66,
s5852,Belgica,Movie,2016-04-15,20160415,2016,TV-MA,127,
s5853,Hush,Movie,2016-04-08,20160408,2016,R,82,
s5854,Cyborg 009 VS Devilman,TV Show,2016-04-01,20160401,2015,TV-MA,,1
s5855,Frank and Cindy,Movie,2016-04-01,20160401,2007,TV-MA,70,
s5856,Justin Time,TV Show,2016-04-01,20160401,2012,TV-Y,,2
s5857,Terrace House: Boys & Girls in the City,TV Show,2016-04-01,20160401,2016,TV-14,,2
s5858,Kung Fu Panda: Secrets of the Scroll,Movie,2016-03-25,20160325,2016,TV-PG,23,
s5859,He Never Died,Movie,2016-03-18,20160318,2015,R,97,
s5860,Jimmy Carr: Funny Business,Movie,2016-03-18,20160318,2016,TV-MA,62,
s5861,My Beautiful Broken Brain,Movie,2016-03-18,20160318,2016,TV-14,84,
s5862,Pee-wee's Big Holiday,Movie,2016-03-18,20160318,2016,TV-PG,90,
s5863,Netflix Presents: The Characters,TV Show,2016-03-11,20160311,2016,TV-MA,,1
s5864,Your lie in April,TV Show,2016-03-01,20160301,2014,TV-14,,1
s5865,"Crouching Tiger, Hidden Dragon: Sword of Destiny",Movie,2016-02-26,20160226,2016,PG-13,101,
s5866,Marvel Super Hero Adventures: Frost Fight!,Movie,2016-02-24,20160224,2015,PG,74,
s5867,Cooked,TV Show,2016-02-19,20160219,2016,TV-14,,1
s5868,Care Bears & Cousins,TV Show,2016-02-05,20160205,2016,TV-Y,,2
s5869,Hannibal Buress: Comedy Camisado,Movie,2016-02-05,20160205,2016,TV-MA,68,
s5870,Turbo FAST,TV Show,2016-02-05,20160205,2016,TV-Y7,,3
s5871,Masha's Tales,TV Show,2016-02-01,20160201,2012,TV-Y,,1
s5872,Chelsea Does,TV Show,2016-01-23,20160123,2016,TV-MA,,1
s5873,Ricardo O'Farrill Abrazo Genial,Movie,2016-01-22,20160122,2016,TV-MA,92,
s5874,Ip Man,Movie,2016-01-15,20160115,2008,R,107,
s5875,Ip Man 2,Movie,2016-01-15,20160115,2010,R,108,
s5876,Tom Segura: Mostly Stories,Movie,2016-01-08,20160108,2016,TV-MA,74,
s5877,Marco Polo: One Hundred Eyes,Movie,2015-12-26,20151226,2015,TV-MA,29,
s5878,Sammy & Co,TV Show,2015-12-25,20151225,2014,TV-Y,,1
s5879,Mike Epps: Don't Take It Personal,Movie,2015-12-18,20151218,2015,TV-MA,60,
s5880,The Ridiculous 6,Movie,2015-12-11,20151211,2015,TV-14,120,
s5881,"Trailer Park Boys: Drunk, High and Unemployed: Live in Austin",Movie,2015-12-09,20151209,2015,TV-MA,74,
s5882,A Very Murray Christmas,Movie,2015-12-04,20151204,2015,TV-14,57,
s5883,Atelier,TV Show,2015-12-01,20151201,2015,TV-PG,,1
s5884,Naomi and Ely's No Kiss List,Movie,2015-11-18,20151118,2015,TV-MA,91,
s5885,John Mulaney: The Comeback Kid,Movie,2015-11-13,20151113,2015,TV-MA,62,
s5886,W/ Bob & David,TV Show,2015-11-13,20151113,2015,TV-MA,,1
s5887,Manson Family Vacation,Movie,2015-10-27,20151027,2015,TV-MA,85,
s5888,Walt Disney Animation Studios Short Films Collection,Movie,2015-10-25,20151025,2015,TV-Y,90,
s5889,Hemlock Grove,TV Show,2015-10-23,20151023,2015,TV-MA,,3
s5890,Results,Movie,2015-10-22,20151022,2015,R,105,
s5891,Anthony Jeselnik: Thoughts and Prayers,Movie,2015-10-16,20151016,2015,TV-MA,59,
s5892,Beasts of No Nation,Movie,2015-10-16,20151016,2015,TV-MA,137,
s5893,Circle,Movie,2015-10-16,20151016,2015,TV-MA,86,
s5894,Winter on Fire: Ukraine's Fight for Freedom,Movie,2015-10-09,20151009,2015,TV-MA,99,
s5895,Anjelah Johnson: Not Fancy,Movie,2015-10-02,20151002,2015,TV-14,64,
s5896,Wakfu: The Quest for the Six Eliatrope Dofus,TV Show,2015-10-01,20151001,2014,TV-PG,,1
s5897,Keith Richards: Under the Influence,Movie,2015-09-18,20150918,2015,TV-14,82,
s5898,Cowspiracy: The Sustainability Secret,Movie,2015-09-15,20150915,2014,TV-PG,90,
s5899,6 Years,Movie,2015-09-08,20150908,2015,TV-MA,80,
s5900,Demetri Martin: Live (At the Time),Movie,2015-08-14,20150814,2015,TV-MA,62,
s5901,Wet Hot American Summer,TV Show,2015-07-31,20150731,2015,TV-MA,,1
s5902,Tig,Movie,2015-07-17,20150717,2015,TV-14,92,
s5903,H2O: Mermaid Adventures,TV Show,2015-07-15,20150715,2015,TV-Y7,,2
s5904,Creep,Movie,2015-07-14,20150714,2014,R,78,
s5905,Chris Tucker Live,Movie,2015-07-10,20150710,2015,TV-MA,92,
s5906,Ralphie May: Imperfectly Yours,Movie,2015-06-29,20150629,2015,TV-MA,69,
s5907,"What Happened, Miss Simone?",Movie,2015-06-26,20150626,2015,TV-14,103,
s5908,Advantageous,Movie,2015-06-23,20150623,2015,TV-MA,92,
s5909,Danger Mouse: Classic Collection,TV Show,2015-06-15,20150615,1992,TV-Y,,10
s5910,The Perfect Dictatorship,Movie,2015-06-01,20150601,2014,TV-MA,143,
s5911,Hot Girls Wanted,Movie,2015-05-29,20150529,2015,TV-MA,83,
s5912,Jen Kirkman: I'm Gonna Die Alone (And I Feel Fine),Movie,2015-05-22,20150522,2015,TV-MA,78,
s5913,The Other One: The Long Strange Trip of Bob Weir,Movie,2015-05-22,20150522,2015,TV-14,84,
s5914,Chris D'Elia: Incorrigible,Movie,2015-04-17,20150417,2015,TV-MA,84,
s5915,Oscar's Oasis,TV Show,2015-03-15,20150315,2011,TV-Y,,1
s5916,Aziz Ansari Live at Madison Square Garden,Movie,2015-03-06,20150306,2015,TV-MA,58,
s5917,My Own Man,Movie,2015-03-06,20150306,2015,TV-MA,82,
s5918,Ralphie May: Unruly,Movie,2015-02-27,20150227,2015,TV-MA,83,
s5919,Virunga: Gorillas in Peril,Movie,2015-02-13,20150213,2015,TV-14,29,
s5920,Iliza Shlesinger: Freezing Hot,Movie,2015-01-23,20150123,2015,TV-MA,72,
s5921,BoJack Horseman Christmas Special: Sabrina's Christmas Wish,Movie,2014-12-19,20141219,2014,TV-MA,26,
s5922,Bill Burr: I'm Sorry You Feel That Way,Movie,2014-12-05,20141205,2014,TV-MA,81,
s5923,Lilyhammer,TV Show,2014-11-21,20141121,2014,TV-MA,,3
s5924,Goosebumps,TV Show,2014-11-19,20141119,1998,TV-G,,5
s5925,Chelsea Peretti: One of the Greats,Movie,2014-11-14,20141114,2014,TV-MA,75,
s5926,Virunga,Movie,2014-11-07,20141107,2014,TV-MA,100,
s5927,E-Team,Movie,2014-10-24,20141024,2014,TV-MA,90,
s5928,Wyatt Cenac: Brooklyn,Movie,2014-10-21,20141021,2014,TV-MA,68,
s5929,Chelsea Handler: Uganda Be Kidding Me Live,Movie,2014-10-10,20141010,2014,TV-MA,71,
s5930,Print the Legend,Movie,2014-09-26,20140926,2014,TV-14,100,
s5931,Mission Blue,Movie,2014-08-15,20140815,2014,TV-PG,94,
s5932,The Battered Bastards of Baseball,Movie,2014-07-11,20140711,2014,TV-MA,80,
s5933,From One Second to the Next,Movie,2014-04-15,20140415,2013,TV-14,35,
s5934,The Borgias,TV Show,2014-02-01,20140201,2013,TV-MA,,3
s5935,Mitt,Movie,2014-01-24,20140124,2014,TV-PG,93,
s5936,The Square,Movie,2014-01-17,20140117,2013,TV-MA,105,
s5937,Shrek the Musical,Movie,2013-12-29,20131229,2013,TV-G,130,
s5938,The Short Game,Movie,2013-12-12,20131212,2013,PG,100,
s5939,Aziz Ansari: Buried Alive,Movie,2013-11-01,20131101,2013,TV-MA,80,
s5940,The 4400,TV Show,2013-09-01,20130901,2007,TV-14,,4
s5941,Breaking Bad,TV Show,2013-08-02,20130802,2013,TV-MA,,5
s5942,Being Elmo: A Puppeteer's Journey,Movie,2012-02-21,20120221,2011,PG,76,
s5943,A Stoning in Fulham County,Movie,2011-10-01,20111001,1988,TV-14,95,
s5944,Adam: His Song Continues,Movie,2011-10-01,20111001,1986,TV-MA,96,
s5945,Hard Lessons,Movie,2011-10-01,20111001,1986,TV-14,94,
s5946,In Defense of a Married Man,Movie,2011-10-01,20111001,1990,TV-14,94,
s5947,Quiet Victory: The Charlie Wedemeyer Story,Movie,2011-10-01,20111001,1988,TV-PG,93,
s5948,Strange Voices,Movie,2011-10-01,20111001,1987,TV-PG,96,
s5949,The Ryan White Story,Movie,2011-10-01,20111001,1989,TV-PG,94,
s5950,Too Young the Hero,Movie,2011-10-01,20111001,1988,TV-MA,94,
s5951,Triumph of the Heart,Movie,2011-10-01,20111001,1991,TV-PG,93,
s5952,Unspeakable Acts,Movie,2011-10-01,20111001,1990,TV-14,95,
s5953,Victim of Beauty,Movie,2011-10-01,20111001,1991,TV-14,93,
s5954,Joseph: King of Dreams,Movie,2011-09-27,20110927,2000,TV-PG,75,
s5955,Even the Rain,Movie,2011-05-17,20110517,2010,TV-MA,103,
s5959,9,Movie,2017-11-16,20171116,2009,PG-13,80,
s5960,21,Movie,2020-01-01,20200101,2008,PG-13,123,
s5961,187,Movie,2019-11-01,20191101,1997,R,119,
s5962,706,Movie,2019-04-01,20190401,2019,TV-14,118,
s5963,1920,Movie,2017-12-15,20171215,2008,TV-MA,143,
s5964,Oct-01,Movie,2019-09-01,20190901,2014,TV-14,149,
s5965,Feb-09,TV Show,2019-03-20,20190320,2018,TV-14,,1
s5966,22-Jul,Movie,2018-10-10,20181010,2018,R,144,
s5967,15-Aug,Movie,2019-03-29,20190329,2019,TV-14,124,
s5968,'89,Movie,2018-05-16,20180516,2017,TV-PG,87,
s5969,​Goli Soda 2,Movie,2018-09-15,20180915,2018,TV-14,128,
s5970,​Maj Rati ​​Keteki,Movie,2018-09-15,20180915,2017,TV-14,117,
s5971,​Mayurakshi,Movie,2018-09-15,20180915,2017,TV-14,100,
s5972,(T)ERROR,Movie,2016-06-30,20160630,2015,NR,84,
s5973,#cats_the_mewvie,Movie,2020-02-05,20200205,2020,TV-14,90,
s5974,#Roxy,Movie,2019-04-10,20190410,2018,TV-14,105,
s5975,แผนร้ายนายเจ้าเล่ห์,TV Show,2019-03-30,20190330,2016,TV-14,,1
s5976,Ég man þig,Movie,2018-03-27,20180327,2017,TV-MA,106,
s5977,Çok Filim Hareketler Bunlar,Movie,2017-03-10,20170310,2010,TV-MA,99,
s5978,Æon Flux,Movie,2018-02-01,20180201,2005,PG-13,93,
s5979,Şubat,TV Show,2017-01-17,20170117,2013,TV-MA,,1
s5980,1 Chance 2 Dance,Movie,2017-07-01,20170701,2014,TV-PG,89,
s5981,1 Mile to You,Movie,2017-07-07,20170707,2017,TV-14,105,
s5982,"10,000 B.C.",Movie,2019-06-01,20190601,2008,PG-13,109,
s5983,100 Days Of Solitude,Movie,2018-07-06,20180706,2018,TV-MA,93,
s5984,100 Years: One Woman's Fight for Justice,Movie,2018-03-20,20180320,2016,TV-14,75,
s5985,100% Hotter,TV Show,2019-11-01,20191101,2017,TV-14,,1
s5986,12 ROUND GUN,Movie,2019-03-14,20190314,2017,TV-MA,90,
s5987,12 Years Promise,TV Show,2017-05-22,20170522,2014,TV-14,,1
s5988,13 Cameras,Movie,2016-08-13,20160813,2015,NR,90,
s5989,13 Sins,Movie,2019-01-13,20190113,2014,R,93,
s5990,13TH: A Conversation with Oprah Winfrey & Ava DuVernay,Movie,2017-01-26,20170126,2017,,37,
s5991,14 Blades,Movie,2019-04-03,20190403,2010,R,113,
s5992,14 Cameras,Movie,2018-10-27,20181027,2018,TV-MA,89,
s5993,16 Blocks,Movie,2019-11-01,20191101,2006,PG-13,102,
s5995,1BR,Movie,2020-08-23,20200823,2019,TV-MA,90,
s5996,1st Summoning,Movie,2019-07-26,20190726,2018,TV-MA,94,
s5997,20 Feet From Stardom,Movie,2018-09-22,20180922,2013,PG-13,91,
s5998,2015 Dream Concert,Movie,2017-04-28,20170428,2015,TV-PG,107,
s5999,2036 Origin Unknown,Movie,2018-12-20,20181220,2018,TV-14,95,
s6000,20th Century Women,Movie,2019-06-28,20190628,2016,R,119,
s6001,21 & Over,Movie,2019-04-16,20190416,2013,R,93,
s6002,21 Sarfarosh: Saragarhi 1897,TV Show,2018-12-01,20181201,2018,TV-14,,1
s6003,2307: Winter's Dream,Movie,2018-03-01,20180301,2016,TV-MA,101,
s6004,24 Hours to Live,Movie,2018-04-07,20180407,2017,R,93,
s6005,"27, el club de los malditos",Movie,2018-05-01,20180501,2018,TV-MA,82,
s6006,27: Gone Too Soon,Movie,2018-05-01,20180501,2017,TV-MA,70,
s6007,28 Days,Movie,2020-09-30,20200930,2000,PG-13,104,
s6008,3 Deewarein,Movie,2019-12-31,20191231,2003,TV-MA,121,
s6009,3 Generations,Movie,2017-08-28,20170828,2015,PG-13,92,
s6010,3 Heroines,Movie,2019-01-05,20190105,2016,TV-PG,124,
s6011,3 Seconds Divorce,Movie,2019-06-15,20190615,2018,TV-PG,53,
s6012,30 Days of Luxury,Movie,2019-04-18,20190418,2016,TV-14,91,
s6014,300 Miles to Heaven,Movie,2019-10-01,20191001,1989,TV-14,93,
s6015,42 Grams,Movie,2018-02-01,20180201,2017,TV-MA,81,
s6016,4th Man Out,Movie,2016-05-05,20160505,2015,NR,86,
s6017,5 Cowok Jagoan,Movie,2019-01-05,20190105,2017,TV-MA,106,
s6018,5 to 7,Movie,2017-03-16,20170316,2014,R,97,
s6019,50 First Dates,Movie,2020-12-01,20201201,2004,PG-13,99,
s6020,50/50,Movie,2019-06-01,20190601,2011,R,100,
s6021,5CM,Movie,2018-09-28,20180928,2012,TV-14,126,
s6022,6 Days,Movie,2018-02-08,20180208,2017,R,94,
s6023,6-5=2,Movie,2017-11-01,20171101,2014,TV-MA,103,
s6024,68 Kill,Movie,2019-09-01,20190901,2017,R,96,
s6025,7 (Seven),TV Show,2019-07-30,20190730,2019,TV-14,,1
s6026,7 Din Mohabbat In,Movie,2019-05-15,20190515,2018,TV-PG,137,
s6027,9 Months That Made You,TV Show,2017-03-01,20170301,2016,TV-PG,,1
s6028,A Bad Moms Christmas,Movie,2020-02-14,20200214,2017,R,104,
s6029,A Billion Colour Story,Movie,2018-04-01,20180401,2016,TV-14,104,
s6030,A Boy Called Po,Movie,2018-01-15,20180115,2016,PG,94,
s6031,A Bridge Too Far,Movie,2020-07-01,20200701,1977,PG,176,
s6032,A Clockwork Orange,Movie,2020-11-01,20201101,1971,R,137,
s6033,A Dangerous Woman,Movie,2018-04-01,20180401,1993,R,101,
s6034,A Family Affair,Movie,2016-10-16,20161016,2015,TV-PG,111,
s6035,A Family Man,Movie,2019-12-15,20191215,2016,R,110,
s6036,A Flying Jatt,Movie,2017-11-15,20171115,2016,TV-14,142,
s6037,A Glimpse Inside the Mind of Charles Swan III,Movie,2018-07-15,20180715,2012,R,86,
s6038,A Good Wife,TV Show,2017-01-01,20170101,2013,TV-14,,1
s6039,A Gray State,Movie,2017-12-25,20171225,2017,TV-MA,93,
s6040,A Haunted House,Movie,2020-02-21,20200221,2013,R,86,
s6041,A Haunting at Silver Falls: The Return,Movie,2019-09-17,20190917,2019,TV-14,80,
s6042,A Holiday Engagement,Movie,2019-11-04,20191104,2011,TV-G,92,
s6043,A Kind of Murder,Movie,2017-05-01,20170501,2016,R,96,
s6044,A Leaf of Faith,Movie,2018-08-27,20180827,2018,TV-MA,87,
s6045,A Man Called God,TV Show,2019-03-12,20190312,2010,TV-14,,1
s6046,A Mission in an Old Movie,Movie,2019-04-25,20190425,2012,TV-MA,98,
s6047,A Most Violent Year,Movie,2018-07-22,20180722,2014,R,125,
s6048,A Murder in the Park,Movie,2017-04-28,20170428,2014,PG-13,91,
s6049,A new Capitalism,Movie,2018-06-12,20180612,2017,TV-14,76,
s6050,A Night at the Roxbury,Movie,2019-12-01,20191201,1998,PG-13,82,
s6051,A Noble Intention,Movie,2016-09-01,20160901,2015,TV-MA,111,
s6052,A Patch of Fog,Movie,2017-04-15,20170415,2015,TV-MA,92,
s6053,A Perfect Man,Movie,2019-06-06,20190606,2013,R,94,
s6054,A Princess for Christmas,Movie,2020-08-28,20200828,2011,TV-PG,91,
s6055,A Russell Peters Christmas,Movie,2013-11-01,20131101,2011,NR,44,
s6056,A Scandall,Movie,2017-10-15,20171015,2016,TV-MA,108,
s6057,A Separation,Movie,2019-03-16,20190316,2011,PG-13,123,
s6058,A Serious Man,Movie,2018-01-16,20180116,2009,R,106,
s6059,A Sort of Homecoming,Movie,2017-08-01,20170801,2015,TV-PG,89,
s6060,A Tale of Love and Darkness,Movie,2019-10-25,20191025,2015,PG-13,98,
s6061,A Thin Line Between Love & Hate,Movie,2020-12-01,20201201,1996,R,108,
s6062,A Thousand Words,Movie,2020-07-01,20200701,2012,PG-13,92,
s6063,A Walk to Remember,Movie,2020-07-01,20200701,2002,PG,102,
s6064,A Wednesday,Movie,2018-11-01,20181101,2008,TV-MA,103,
s6065,A Week in Watts,Movie,2018-02-19,20180219,2017,TV-14,91,
s6066,A Wrinkle in Time,Movie,2018-09-25,20180925,2018,PG,110,
s6068,A.D. Kingdom and Empire,TV Show,2017-12-15,20171215,2015,TV-14,,1
s6069,A.M.I.,Movie,2020-10-01,20201001,2019,TV-MA,77,
s6070,A.X.L.,Movie,2019-03-20,20190320,2018,PG,99,
s6071,Aşk Tesadüfleri Sever,Movie,2018-04-04,20180404,2011,TV-MA,122,
s6072,Aadu 2,Movie,2018-05-15,20180515,2017,TV-MA,150,
s6073,Aajcha Divas Majha,Movie,2018-01-01,20180101,2013,TV-PG,126,
s6074,Aarakshan,Movie,2019-12-31,20191231,2011,TV-14,164,
s6075,Aashayein,Movie,2017-10-22,20171022,2010,TV-14,115,
s6076,Aata Pita,Movie,2018-01-01,20180101,2010,TV-14,133,
s6077,Abby Sen,Movie,2017-05-01,20170501,2015,TV-PG,127,
s6078,Abdo Mota,Movie,2019-04-19,20190419,2012,TV-MA,100,
s6079,Abhinetri,Movie,2018-05-01,20180501,2016,TV-14,131,
s6080,Abnormal Summit,TV Show,2017-08-04,20170804,2017,TV-PG,,2
s6081,Abominable Christmas,Movie,2016-02-18,20160218,2012,TV-Y7,44,
s6082,About a Boy,Movie,2019-02-01,20190201,2002,PG-13,101,
s6083,Abzurdah,Movie,2016-08-25,20160825,2015,TV-MA,90,
s6084,Acapulco La vida va,Movie,2017-06-03,20170603,2016,TV-MA,89,
s6085,Across The Line,Movie,2019-04-01,20190401,2015,TV-MA,88,
s6086,Across the Universe,Movie,2019-01-01,20190101,2007,PG-13,133,
s6087,Act of Valor,Movie,2020-06-01,20200601,2012,R,110,
s6088,Act of Vengeance,Movie,2018-09-29,20180929,2010,NR,112,
s6089,Acts of Violence,Movie,2020-08-01,20200801,2018,R,87,
s6090,Adam Ruins Everything,TV Show,2018-09-30,20180930,2018,TV-14,,1
s6091,Addicted to Life,Movie,2020-06-12,20200612,2014,TV-14,91,
s6092,Adore,Movie,2019-11-20,20191120,2013,R,111,
s6093,Adrishya,Movie,2019-12-31,20191231,2017,TV-14,99,
s6094,Adventures in Public School,Movie,2018-08-15,20180815,2018,NR,86,
s6095,Africa,TV Show,2016-04-28,20160428,2013,TV-PG,,1
s6096,After Porn Ends,Movie,2019-05-27,20190527,2012,NR,93,
s6097,After Porn Ends 3,Movie,2018-12-30,20181230,2018,TV-MA,87,
s6098,Afterschool,Movie,2020-08-13,20200813,2008,TV-MA,107,
s6099,Aftershock,Movie,2018-03-07,20180307,2012,R,89,
s6100,Agatha and the Truth of Murder,Movie,2019-01-31,20190131,2018,TV-MA,92,
s6101,Age Gap Love,TV Show,2019-07-12,20190712,2017,TV-MA,,1
s6102,Age of Glory,TV Show,2017-08-14,20170814,2010,TV-MA,,2
s6103,Agent Raghav,TV Show,2017-04-15,20170415,2015,TV-14,,1
s6104,Ahista Ahista,Movie,2019-12-31,20191231,2006,TV-14,122,
s6105,Ai Weiwei: Never Sorry,Movie,2018-03-01,20180301,2012,R,91,
s6106,Ainsley Eats the Streets,TV Show,2019-07-12,20190712,2014,TV-PG,,1
s6107,Aisa Yeh Jahaan,Movie,2017-10-15,20171015,2015,TV-14,127,
s6108,Aitraaz,Movie,2018-03-01,20180301,2004,TV-14,153,
s6109,Alarmoty in the Land of Fire,Movie,2019-08-05,20190805,2017,TV-MA,94,
s6110,Albion: The Enchanted Stallion,Movie,2017-07-01,20170701,2016,TV-PG,106,
s6111,Alejandro Sanz: What I Was Is What I Am,Movie,2018-08-18,20180818,2018,TV-MA,102,
s6112,Alice Doesn't Live Here Anymore,Movie,2019-07-01,20190701,1974,PG,112,
s6113,Alien Contact: Outer Space,Movie,2018-01-09,20180109,2017,TV-PG,63,
s6114,Aliens Ate My Homework,Movie,2018-03-06,20180306,2018,PG,90,
s6115,Alive and Kicking,Movie,2017-08-10,20170810,2016,TV-14,89,
s6116,All About Nina,Movie,2019-03-18,20190318,2018,R,101,
s6117,All Dogs Go to Heaven,Movie,2020-06-01,20200601,1989,G,85,
s6118,All Good Ones Get Away,Movie,2019-07-30,20190730,2019,TV-MA,83,
s6119,All Hallows' Eve,Movie,2017-08-01,20170801,2016,TV-G,92,
s6120,All Light Will End,Movie,2019-02-02,20190202,2018,TV-MA,84,
s6121,All the Boys Love Mandy Lane,Movie,2018-07-03,20180703,2006,R,91,
s6122,All the Devil's Men,Movie,2019-05-15,20190515,2018,R,100,
s6123,Alone in Berlin,Movie,2019-02-15,20190215,2016,R,103,
s6124,Along Came a Spider,Movie,2019-10-01,20191001,2001,R,103,
s6125,Alpha and Omega 2: A Howl-iday Adventure,Movie,2019-10-01,20191001,2013,TV-G,45,
s6126,Alpha and Omega: The Legend of the Saw Tooth Cave,Movie,2020-01-01,20200101,2014,TV-Y7,45,
s6127,Alphablocks,TV Show,2020-05-25,20200525,2014,TV-Y,,5
s6128,AlphaGo,Movie,2018-01-01,20180101,2017,TV-G,90,
s6129,Always a Bridesmaid,Movie,2020-03-03,20200303,2019,TV-14,98,
s6130,Amar Akbar & Tony,Movie,2017-06-20,20170620,2015,TV-MA,92,
s6131,Amar Akbar Anthony,Movie,2019-12-31,20191231,1977,TV-14,172,
s6132,Amar's Hands,Movie,2019-04-26,20190426,2011,TV-14,125,
s6133,America's Book of Secrets,TV Show,2019-09-15,20190915,2014,TV-14,,1
s6134,American Anarchist,Movie,2017-06-23,20170623,2016,TV-MA,81,
s6135,American Assassin,Movie,2020-01-31,20200131,2017,R,112,
s6136,American Beauty,Movie,2020-01-01,20200101,1999,R,122,
s6137,American Circumcision,Movie,2018-12-16,20181216,2017,TV-14,101,
s6138,American Crime,TV Show,2017-05-30,20170530,2017,TV-MA,,3
s6139,American Experience: Ruby Ridge,Movie,2017-04-19,20170419,2017,TV-MA,53,
s6140,American Experience: The Circus,TV Show,2019-05-02,20190502,2018,TV-PG,,1
s6141,American Experience: The Island Murder,Movie,2019-05-01,20190501,2018,TV-14,53,
s6142,American Hangman,Movie,2019-07-30,20190730,2019,TV-MA,99,
s6143,American Heist,Movie,2019-10-23,20191023,2014,R,95,
s6144,American History X,Movie,2019-11-01,20191101,1998,R,119,
s6145,American Honey,Movie,2019-04-27,20190427,2016,R,163,
s6146,American Masters: Ted Williams,Movie,2019-04-01,20190401,2018,TV-MA,55,
s6147,American Odyssey,TV Show,2016-04-05,20160405,2015,TV-14,,1
s6148,American Psycho,Movie,2019-09-01,20190901,2000,R,102,
s6149,American Warfighter,Movie,2019-09-13,20190913,2019,TV-MA,106,
s6150,Amy,Movie,2018-07-26,20180726,2015,R,128,
s6151,An American in Madras,Movie,2017-01-01,20170101,2013,TV-PG,80,
s6152,An American Tail,Movie,2018-04-01,20180401,1986,G,80,
s6153,An American Tail: Fievel Goes West,Movie,2018-04-01,20180401,1991,G,75,
s6154,An American Tail: The Mystery of the Night Monster,Movie,2018-04-01,20180401,1999,G,75,
s6155,An American Tail: The Treasures of Manhattan Island,Movie,2018-04-01,20180401,2000,G,79,
s6156,An Hour and a Half,Movie,2019-04-26,20190426,2012,TV-14,87,
s6157,An Innocent Mistake,TV Show,2017-01-01,20170101,2012,TV-14,,1
s6158,An Interview with God,Movie,2019-03-01,20190301,2018,TV-PG,97,
s6159,An Upper Egyptian,Movie,2019-06-20,20190620,2014,TV-MA,85,
s6160,Anarkali of Aarah,Movie,2017-08-01,20170801,2017,TV-MA,111,
s6161,Anchor and Hope,Movie,2019-02-15,20190215,2017,TV-MA,113,
s6162,Ancient Aliens,TV Show,2019-09-17,20190917,2018,TV-14,,1
s6163,Anesthesia,Movie,2018-12-30,20181230,2015,R,90,
s6164,Angel Eyes,Movie,2020-09-05,20200905,2001,R,103,
s6165,Anger Management,Movie,2019-11-01,20191101,2003,PG-13,105,
s6166,Angry Indian Goddesses,Movie,2017-03-14,20170314,2015,TV-MA,104,
s6167,Anjaan: Rural Myths,TV Show,2018-12-15,20181215,2018,TV-14,,1
s6168,Anjaan: Special Crimes Unit,TV Show,2018-05-01,20180501,2018,TV-14,,1
s6169,Ankur Arora Murder Case,Movie,2017-10-15,20171015,2013,TV-14,127,
s6170,Annabelle Hooper and the Ghosts of Nantucket,Movie,2017-08-01,20170801,2016,TV-PG,92,
s6171,Another Forever,Movie,2017-03-21,20170321,2016,TV-PG,72,
s6172,Ant-Man and the Wasp,Movie,2019-01-29,20190129,2018,PG-13,118,
s6173,Antar: Son of Shadad,Movie,2019-05-09,20190509,2017,TV-MA,110,
s6174,Antariksha Ke Rakhwale,Movie,2019-06-18,20190618,2018,TV-Y7,65,
s6176,Antidote,Movie,2019-04-14,20190414,2018,TV-MA,90,
s6177,Anwar,Movie,2019-12-31,20191231,2007,TV-14,134,
s6178,忍者ハットリくん,TV Show,2018-12-23,20181223,2012,TV-Y7,,2
s6179,Apache Warrior,Movie,2019-11-01,20191101,2017,TV-MA,89,
s6180,APEX: The Story of the Hypercar,Movie,2016-08-01,20160801,2016,NR,86,
s6181,Apollo 18,Movie,2019-03-09,20190309,2011,PG-13,87,
s6182,April and the Extraordinary World,Movie,2017-10-01,20171001,2015,PG,107,
s6183,"Aram, Aram",Movie,2017-02-15,20170215,2015,TV-14,79,
s6184,Are We Done Yet?,Movie,2019-08-01,20190801,2018,TV-14,87,
s6185,Arisan 2,Movie,2018-09-15,20180915,2011,TV-14,113,
s6186,Arthur,Movie,2019-04-01,20190401,2011,PG-13,110,
s6187,Arthur Christmas,Movie,2020-01-01,20200101,2011,PG,98,
s6188,"As Above, So Below",Movie,2018-09-16,20180916,2014,R,93,
s6189,As Good as It Gets,Movie,2020-01-01,20200101,1997,PG-13,139,
s6190,Assimilate,Movie,2019-10-25,20191025,2019,TV-MA,94,
s6191,Asura: The City of Madness,Movie,2018-02-15,20180215,2016,NR,133,
s6192,At All Costs,Movie,2016-12-14,20161214,2016,TV-MA,81,
s6193,At First Light,Movie,2018-12-27,20181227,2018,TV-14,91,
s6194,ATM,Movie,2018-09-05,20180905,2012,TV-14,122,
s6195,Atomic Puppet,TV Show,2017-12-01,20171201,2016,TV-Y7,,1
s6196,Attacking the Devil: Harold Evans and the Last Nazi War Crime,Movie,2016-05-15,20160515,2014,TV-14,102,
s6197,Attitude Test,Movie,2018-08-19,20180819,2016,TV-14,88,
s6198,Auschwitz: Blueprints of Genocide,Movie,2019-01-19,20190119,1994,TV-PG,49,
s6199,Aussie Gold Hunters,TV Show,2017-08-01,20170801,2016,TV-MA,,1
s6200,Automata,Movie,2017-09-08,20170908,2014,R,110,
s6201,Avengers: Infinity War,Movie,2018-12-25,20181225,2018,PG-13,150,
s6202,Avicii: True Stories,Movie,2018-12-28,20181228,2017,TV-MA,97,
s6203,Azhar,Movie,2019-04-12,20190412,2016,TV-14,129,
s6204,B.A. Pass,Movie,2018-06-07,20180607,2013,TV-14,99,
s6205,Babam ve Oğlum,Movie,2018-04-30,20180430,2005,TV-14,112,
s6206,Babel,Movie,2019-01-01,20190101,2006,R,143,
s6207,Bachelor Girls,Movie,2018-03-01,20180301,2016,TV-MA,61,
s6208,Back and Forth,Movie,2017-01-05,20170105,2016,NR,95,
s6209,Backcountry,Movie,2017-03-30,20170330,2014,NR,92,
s6210,Backfire,Movie,2019-04-05,20190405,2019,TV-MA,97,
s6211,Backtrack,Movie,2018-12-25,20181225,2015,R,90,
s6212,Bad Boys,Movie,2019-10-01,20191001,1995,R,119,
s6213,Bad Boys II,Movie,2019-10-01,20191001,2003,R,147,
s6214,Bad Education,TV Show,2018-12-15,20181215,2014,TV-MA,,3
s6215,Bad Match,Movie,2018-03-11,20180311,2017,TV-MA,83,
s6216,Bad Rap,Movie,2017-08-21,20170821,2016,TV-MA,83,
s6217,Badalte Rishton Ki Dastaan,TV Show,2017-04-01,20170401,2013,TV-14,,1
s6218,Badha,Movie,2018-01-01,20180101,2006,TV-14,91,
s6219,Badland,Movie,2020-03-26,20200326,2019,TV-14,117,
s6220,Bala Loca,TV Show,2017-04-01,20170401,2016,TV-MA,,1
s6221,Balto,Movie,2018-04-01,20180401,1995,G,78,
s6222,Balto 2: Wolf Quest,Movie,2018-04-01,20180401,2001,G,75,
s6223,Balto 3: Wings of Change,Movie,2018-04-01,20180401,2004,G,78,
s6224,Balu Mahi,Movie,2018-03-01,20180301,2017,TV-MA,149,
s6225,Bana Masal Anlatma,Movie,2017-03-10,20170310,2015,TV-14,103,
s6226,Band Aid,Movie,2019-04-12,20190412,2017,R,94,
s6227,Band of Robbers,Movie,2016-04-15,20160415,2015,NR,95,
s6228,Bang Rajan 2,Movie,2018-07-25,20180725,2010,TV-MA,122,
s6229,Bangkok Bachelors,TV Show,2018-06-04,20180604,2016,TV-MA,,1
s6230,Bangkok Hell,Movie,2018-09-14,20180914,2002,TV-MA,107,
s6231,Bangkok Traffic (Love) Story,Movie,2018-09-05,20180905,2009,TV-14,126,
s6232,Barça Dreams,Movie,2018-09-01,20180901,2015,TV-MA,122,
s6233,Barah Aana,Movie,2019-12-31,20191231,2009,TV-14,95,
s6234,Barbecue,Movie,2017-08-15,20170815,2017,TV-MA,101,
s6235,Barbie & Her Sisters in a Pony Tale,Movie,2017-10-01,20171001,2013,TV-Y,74,
s6236,Barbie in A Mermaid Tale,Movie,2017-10-01,20171001,2010,TV-Y,74,
s6237,Barbie in Princess Power,Movie,2017-10-01,20171001,2015,TV-Y,74,
s6238,Barbie in Rock 'N Royals,Movie,2017-10-01,20171001,2015,TV-Y,83,
s6239,Barbie Star Light Adventure,Movie,2017-10-01,20171001,2016,TV-Y,79,
s6240,Barbie: A Fairy Secret,Movie,2017-10-01,20171001,2010,TV-Y7,72,
s6241,Barbie: Princess Charm School,Movie,2017-10-01,20171001,2011,TV-Y,80,
s6242,Barbie: Spy Squad,Movie,2017-10-01,20171001,2016,TV-Y,75,
s6243,Barbie: The Princess & the Popstar,Movie,2017-10-01,20171001,2012,TV-Y,75,
s6244,Barbie: Video Game Hero,Movie,2017-10-01,20171001,2017,TV-Y,72,
s6245,Barely Lethal,Movie,2018-07-26,20180726,2015,PG-13,99,
s6246,Barrio Universitario,Movie,2018-08-19,20180819,2013,TV-14,91,
s6247,Barsaat,Movie,2018-04-01,20180401,1995,TV-PG,166,
s6248,BASEketball,Movie,2018-11-01,20181101,1998,R,103,
s6249,Basic Instinct,Movie,2020-10-01,20201001,1992,R,128,
s6250,Bat Pat,TV Show,2017-12-31,20171231,2016,TV-Y,,1
s6251,Bates Motel,TV Show,2018-02-20,20180220,2017,TV-MA,,5
s6252,Bathtubs Over Broadway,Movie,2019-05-09,20190509,2018,PG-13,87,
s6253,Battle Creek,TV Show,2015-12-31,20151231,2015,TV-14,,1
s6254,Battlefield Recovery,TV Show,2016-08-01,20160801,2016,TV-PG,,1
s6255,Bawarchi,Movie,2019-12-31,20191231,1972,TV-PG,125,
s6256,Bazaar,Movie,2019-12-31,20191231,1982,TV-14,121,
s6257,Be Here Now,Movie,2017-02-28,20170228,2015,TV-MA,110,
s6258,Be Somebody,Movie,2019-11-20,20191120,2016,PG,88,
s6259,Be-Be-Bears,TV Show,2018-08-29,20180829,2018,TV-Y,,1
s6260,Beak & Brain: Genius Birds From Down Under,Movie,2017-03-01,20170301,2013,TV-G,52,
s6261,Bean: The Ultimate Disaster Movie,Movie,2018-08-01,20180801,1997,PG-13,89,
s6262,Beary Tales,Movie,2017-03-01,20170301,2013,TV-G,52,
s6263,Beast Legends,TV Show,2019-02-01,20190201,2010,TV-PG,,1
s6264,Beating Again,TV Show,2017-05-22,20170522,2015,TV-14,,1
s6265,Beauty & the Beast,TV Show,2016-09-19,20160919,2016,TV-14,,4
s6266,Beauty and the Bitches,TV Show,2019-04-23,20190423,2016,TV-MA,,2
s6267,Beavis and Butt-head Do America,Movie,2019-11-20,20191120,1996,PG-13,81,
s6268,Bebe's Kids,Movie,2019-11-20,20191120,1992,PG-13,73,
s6269,Because of Soccer,Movie,2018-12-08,20181208,2008,TV-14,75,
s6270,Because We're Heading Out,Movie,2019-04-18,20190418,2016,TV-14,99,
s6271,Becoming Jane,Movie,2019-01-12,20190112,2007,PG-13,121,
s6272,Bedtime Stories,Movie,2019-03-05,20190305,2008,PG,100,
s6273,Before the Flood,Movie,2018-02-01,20180201,2016,PG,97,
s6274,"Behind ""The Cove"": The Quiet Japanese Speak Out",Movie,2017-08-25,20170825,2015,TV-14,105,
s6275,Behind the Curtain: Todrick Hall,Movie,2018-04-05,20180405,2017,TV-MA,100,
s6276,Behind the Newsroom,TV Show,2018-09-14,20180914,2015,TV-MA,,1
s6277,Behzat Ç.,TV Show,2017-05-19,20170519,2010,TV-MA,,1
s6278,Beiimaan Love,Movie,2017-11-01,20171101,2016,TV-MA,115,
s6279,Being AP,Movie,2016-08-15,20160815,2015,TV-14,99,
s6280,Being Mary Jane: The Series,TV Show,2017-07-01,20170701,2016,TV-14,,4
s6281,Below Her Mouth,Movie,2017-08-01,20170801,2016,TV-MA,91,
s6282,Ben 10,TV Show,2018-09-30,20180930,2016,TV-Y7,,1
s6283,Beneath the Leaves,Movie,2019-06-08,20190608,2019,TV-MA,90,
s6284,Benji: Off the Leash,Movie,2018-03-06,20180306,2004,PG,100,
s6285,Benji's Very Own Christmas Story,Movie,2018-10-03,20181003,1978,TV-G,25,
s6286,Berlin Kaplani,Movie,2017-03-10,20170310,2012,TV-14,99,
s6287,"Berlin, I Love You",Movie,2019-06-08,20190608,2019,R,120,
s6288,Best Neighbors,Movie,2019-06-06,20190606,2014,TV-14,98,
s6289,Betting on Zero,Movie,2017-06-01,20170601,2017,TV-PG,104,
s6290,Bewafaa,Movie,2019-07-21,20190721,2005,TV-PG,149,
s6291,Bewildered Bolbol,Movie,2019-06-20,20190620,2010,TV-14,112,
s6292,Beyblade: Metal Fusion,TV Show,2017-12-15,20171215,2009,TV-Y7,,1
s6293,Beyond All Boundaries,Movie,2017-04-01,20170401,2013,TV-14,98,
s6294,Beyond the Clouds,Movie,2018-08-10,20180810,2018,TV-14,120,
s6295,Bh Se Bhade,TV Show,2018-04-01,20180401,2013,TV-PG,,1
s6296,Bhaage Re Mann,TV Show,2017-04-15,20170415,2015,TV-14,,1
s6297,Bhagam Bhag,Movie,2019-12-31,20191231,2006,TV-14,151,
s6298,Bheemayan,Movie,2019-05-10,20190510,2018,TV-Y,63,
s6299,Bhool Bhulaiyaa,Movie,2017-10-22,20171022,2007,TV-14,148,
s6300,Bhoot,Movie,2019-12-31,20191231,2003,TV-MA,114,
s6301,Bhouri,Movie,2017-12-01,20171201,2017,TV-14,123,
s6302,Big Bad Beetleborgs,TV Show,2016-01-01,20160101,1997,TV-G,,2
s6303,Big Bear,Movie,2018-02-28,20180228,2017,TV-MA,87,
s6304,Big Daddy,Movie,2020-10-01,20201001,1999,PG-13,93,
s6305,"Big Dreams, Small Spaces",TV Show,2019-07-26,20190726,2017,TV-G,,3
s6306,Big Fat Liar,Movie,2020-01-15,20200115,2002,PG,88,
s6307,Big Kill,Movie,2019-06-18,20190618,2018,R,126,
s6308,Big Time,Movie,2018-04-01,20180401,2017,TV-MA,90,
s6309,Bigger Fatter Liar,Movie,2017-04-18,20170418,2017,PG,95,
s6310,Biggie & Tupac,Movie,2019-01-26,20190126,2002,R,108,
s6311,Bill Burr: Let It Go,Movie,2017-11-10,20171110,2010,NR,65,
s6312,Billy Elliot,Movie,2019-02-01,20190201,2000,R,110,
s6313,Billy Graham: An Extraordinary Journey,Movie,2019-02-28,20190228,2018,TV-PG,66,
s6314,Bilu Rakkhosh,Movie,2018-03-15,20180315,2017,TV-MA,127,
s6315,Bioscope,Movie,2018-08-15,20180815,2015,TV-14,131,
s6316,Birthmarked,Movie,2018-06-28,20180628,2018,TV-MA,88,
s6317,Bitch,Movie,2018-03-11,20180311,2017,R,97,
s6318,Bitcoin Heist,Movie,2017-09-02,20170902,2016,TV-14,116,
s6319,Bitten,TV Show,2016-05-26,20160526,2016,TV-MA,,3
s6320,Bitter Daisies,TV Show,2019-03-29,20190329,2018,TV-MA,,1
s6321,Bittoo Boss,Movie,2020-07-05,20200705,2012,TV-14,117,
s6322,Black & Privileged: Volume 1,Movie,2019-07-12,20190712,2019,TV-MA,79,
s6323,Black Hawk Down,Movie,2019-01-01,20190101,2001,R,144,
s6324,Black Heart,TV Show,2018-10-12,20181012,2014,TV-14,,1
s6325,Black Man White Skin,Movie,2016-06-01,20160601,2015,TV-PG,79,
s6326,Black Panther,Movie,2018-09-04,20180904,2018,PG-13,135,
s6327,Black Site Delta,Movie,2017-08-09,20170809,2017,TV-MA,88,
s6328,Black Snake Moan,Movie,2019-11-20,20191120,2007,R,116,
s6329,Black Snow,Movie,2017-07-01,20170701,2017,TV-MA,91,
s6330,Blackfish,Movie,2020-05-01,20200501,2013,PG-13,83,
s6331,Blackway,Movie,2017-12-15,20171215,2015,PG-13,90,
s6332,Blaze,Movie,2020-08-30,20200830,2018,R,129,
s6333,Bleed for This,Movie,2020-04-11,20200411,2016,R,120,
s6334,Blinky Bill: The Movie,Movie,2017-02-08,20170208,2015,PG,91,
s6335,Blockbuster,Movie,2018-01-24,20180124,2017,TV-MA,85,
s6336,Blood & Treasures,TV Show,2018-07-14,20180714,2016,TV-14,,1
s6337,Blood Father,Movie,2020-03-26,20200326,2016,R,88,
s6338,Blow,Movie,2019-10-01,20191001,2001,R,123,
s6339,Blue Is the Warmest Color,Movie,2016-08-26,20160826,2013,NC-17,180,
s6340,Blue Jasmine,Movie,2019-03-08,20190308,2013,PG-13,98,
s6341,Blue Mountain State: The Rise of Thadland,Movie,2016-03-01,20160301,2016,R,90,
s6342,Blue Planet II,TV Show,2018-12-03,20181203,2017,TV-G,,1
s6343,Blue Ruin,Movie,2019-02-25,20190225,2013,R,90,
s6345,Blue Valentine,Movie,2018-07-05,20180705,2010,R,112,
s6346,Blurred Lines: Inside the Art World,Movie,2017-12-31,20171231,2017,TV-MA,85,
s6347,Bob Lazar: Area 51 & Flying Saucers,Movie,2019-06-18,20190618,2018,TV-MA,97,
s6348,Bob Ross: Beauty Is Everywhere,TV Show,2016-06-01,20160601,1991,TV-G,,1
s6349,Bob's Broken Sleigh,Movie,2015-12-17,20151217,2015,TV-G,47,
s6350,Bobbi Jene,Movie,2018-06-01,20180601,2017,TV-MA,99,
s6351,Bobby,Movie,2019-12-31,20191231,1973,TV-14,168,
s6352,Bobby Robson: More Than a Manager,Movie,2018-12-01,20181201,2018,TV-14,99,
s6353,Bobby Sands: 66 Days,Movie,2017-09-28,20170928,2016,TV-14,106,
s6354,Bokeh,Movie,2017-06-22,20170622,2017,TV-14,92,
s6355,Bolt,Movie,2018-07-22,20180722,2008,PG,99,
s6356,Bombshell: The Hedy Lamarr Story,Movie,2018-05-31,20180531,2017,TV-14,89,
s6357,Bon Bini Holland,Movie,2016-09-01,20160901,2015,TV-MA,88,
s6358,Bondi Rescue,TV Show,2019-11-01,20191101,2016,TV-PG,,1
s6360,Boom,Movie,2018-03-01,20180301,2003,TV-MA,79,
s6361,Border Patrol,TV Show,2019-10-02,20191002,2016,TV-PG,,1
s6362,Borderline,TV Show,2017-12-02,20171202,2017,TV-14,,2
s6363,Born Strong,Movie,2017-12-31,20171231,2017,TV-MA,86,
s6364,Born to Be Free,Movie,2017-04-01,20170401,2016,TV-14,74,
s6365,Botched Up Bodies,TV Show,2019-10-02,20191002,2013,TV-MA,,1
s6366,Bottom of the World,Movie,2020-05-28,20200528,2017,TV-MA,84,
s6367,Boy and the World,Movie,2017-10-01,20171001,2013,PG,80,
s6368,Boy Bye,Movie,2019-04-02,20190402,2016,TV-MA,86,
s6369,Brain Games,TV Show,2019-03-15,20190315,2016,TV-G,,3
s6370,Brampton's Own,Movie,2019-04-19,20190419,2018,TV-MA,90,
s6371,Bratz: The Movie,Movie,2020-06-29,20200629,2007,PG,102,
s6372,Brave Miss World,TV Show,2018-02-17,20180217,2013,TV-14,,1
s6373,Brave New Jersey,Movie,2017-12-15,20171215,2016,TV-MA,92,
s6374,Braxton Family Values,TV Show,2020-02-15,20200215,2014,TV-PG,,2
s6375,Breaking Free,Movie,2017-12-15,20171215,2015,TV-MA,81,
s6376,Breath,Movie,2018-12-05,20181205,2018,TV-MA,116,
s6377,Brick,Movie,2018-09-01,20180901,2005,R,110,
s6378,Bring It On: Worldwide Showdown,Movie,2017-08-29,20170829,2017,PG-13,95,
s6379,Bringing Sexy Back,TV Show,2019-10-02,20191002,2015,TV-14,,1
s6380,Brooklyn's Finest,Movie,2018-10-01,20181001,2009,R,133,
s6381,Brotherhood of Blades II: The Infernal Battlefield,Movie,2018-11-28,20181128,2017,TV-MA,120,
s6382,Brown Nation,TV Show,2016-11-15,20161115,2016,TV-14,,1
s6383,Bruno and Boots: Go Jump in the Pool,Movie,2017-06-24,20170624,2016,TV-PG,91,
s6384,Bruno and Boots: The Wizzle War,Movie,2017-07-01,20170701,2017,TV-PG,90,
s6385,Bruno and Boots: This Can't Be Happening at Macdonald Hall,Movie,2017-06-24,20170624,2017,TV-PG,90,
s6386,Buddha,TV Show,2018-04-01,20180401,2013,TV-PG,,1
s6387,Buffalo Boys,Movie,2019-04-12,20190412,2018,TV-MA,103,
s6388,Bugs,Movie,2018-02-20,20180220,2016,TV-G,73,
s6389,Bullitt County,Movie,2019-06-01,20190601,2018,TV-MA,98,
s6390,"Bure Kaam Bura Natija, Kyun Bhai Chacha Haan Bhatija",TV Show,2018-03-31,20180331,2017,TV-PG,,1
s6391,Burlesque,Movie,2019-12-16,20191216,2010,PG-13,119,
s6392,Burlesque: Heart of the Glitter Tribe,Movie,2017-06-01,20170601,2017,TV-MA,76,
s6393,Burning,Movie,2019-04-29,20190429,2018,TV-MA,148,
s6394,Burnistoun,TV Show,2019-10-01,20191001,2012,TV-MA,,2
s6395,Bushwick,Movie,2017-11-24,20171124,2017,TV-MA,94,
s6396,Butterfield 8,Movie,2019-11-01,20191101,1960,TV-14,108,
s6397,Cézanne et moi,Movie,2017-09-07,20170907,2016,R,114,
s6398,Cabin Fever,Movie,2019-06-06,20190606,2016,R,98,
s6399,Cabins in the Wild with Dick Strawbridge,TV Show,2018-09-15,20180915,2017,TV-PG,,1
s6400,Cahaya Dari Timur Beta Maluku,Movie,2018-10-05,20181005,2014,TV-14,151,
s6401,Caida del Cielo,Movie,2017-01-20,20170120,2016,TV-MA,78,
s6402,Cain and Abel,TV Show,2019-03-12,20190312,2009,TV-MA,,1
s6403,Cake,Movie,2019-05-15,20190515,2018,TV-MA,125,
s6404,Calendar Girls,Movie,2017-10-15,20171015,2015,TV-14,126,
s6405,Calico Critters,TV Show,2018-11-01,20181101,2018,TV-Y,,1
s6406,Calico Critters: A Town of Dreams,Movie,2018-11-01,20181101,2017,TV-Y,11,
s6407,Calico Critters: The Treasure of Calico Village,Movie,2018-11-01,20181101,2017,TV-Y,22,
s6408,Call Me Francis,TV Show,2016-12-16,20161216,2016,TV-14,,1
s6409,Camelia la Texana,TV Show,2017-02-01,20170201,2014,TV-14,,1
s6410,Camera Store,Movie,2017-08-20,20170820,2016,TV-MA,104,
s6411,Camp Cool Kids,Movie,2018-01-01,20180101,2017,TV-G,104,
s6412,Camp X,TV Show,2019-02-01,20190201,2014,TV-MA,,1
s6413,Camp X-Ray,Movie,2017-01-14,20170114,2014,R,117,
s6414,Can We Get Married?,TV Show,2017-05-22,20170522,2012,TV-14,,1
s6416,Candyman,Movie,2019-10-01,20191001,1992,R,99,
s6417,Cannabis,TV Show,2016-12-15,20161215,2016,TV-MA,,1
s6418,Capital in the Twenty-First Century,Movie,2020-09-08,20200908,2019,TV-14,103,
s6419,Cappuccino,Movie,2018-07-01,20180701,2017,TV-PG,126,
s6420,Cardboard Gangsters,Movie,2018-09-15,20180915,2016,TV-MA,92,
s6421,Care Bears: Welcome to Care-a-Lot,TV Show,2019-08-02,20190802,2012,TV-Y,,1
s6422,Caregiver,Movie,2019-03-05,20190305,2008,TV-14,131,
s6423,Carol,Movie,2020-10-20,20201020,2015,R,119,
s6424,Carrie,Movie,2019-06-01,20190601,1976,R,98,
s6425,Carriers,Movie,2019-11-20,20191120,2009,PG-13,85,
s6426,Casa de mi Padre,Movie,2012-11-14,20121114,2012,R,84,
s6427,Case Closed,TV Show,2019-01-04,20190104,2015,TV-14,,1
s6428,Casino Royale,Movie,2020-08-31,20200831,2006,PG-13,145,
s6429,Casino Tycoon,Movie,2018-08-01,20180801,1992,TV-MA,125,
s6430,Casino Tycoon 2,Movie,2018-08-16,20180816,1992,TV-MA,108,
s6431,Castle of Stars,TV Show,2018-09-07,20180907,2015,TV-MA,,1
s6432,Cat on a Hot Tin Roof,Movie,2019-11-01,20191101,1958,NR,108,
s6433,Catching the Sun,Movie,2016-04-22,20160422,2015,TV-14,74,
s6434,Cats & Dogs: The Revenge of Kitty Galore,Movie,2019-02-01,20190201,2010,PG,82,
s6435,Catwalk: Tales from the Cat Show Circuit,Movie,2019-01-07,20190107,2018,TV-PG,75,
s6436,Cave,Movie,2017-06-15,20170615,2016,TV-MA,77,
s6437,Celluloid Man,Movie,2017-04-01,20170401,2012,TV-PG,156,
s6438,Center Stage,Movie,2020-01-01,20200101,2000,PG-13,116,
s6439,Chaar Sahibzaade,Movie,2018-11-01,20181101,2014,TV-PG,126,
s6440,Chal Dhar Pakad,Movie,2018-03-15,20180315,2010,TV-14,129,
s6441,Chal Mere Bhai,Movie,2019-12-31,20191231,2000,TV-14,132,
s6442,Chalay Thay Saath,Movie,2018-05-15,20180515,2017,TV-14,118,
s6443,Chandani: The Daughter of the Elephant Whisperer,Movie,2017-03-01,20170301,2010,TV-G,87,
s6444,Change in the Air,Movie,2020-03-01,20200301,2018,PG,95,
s6445,Chaotic Love Poems,Movie,2019-01-05,20190105,2016,TV-14,86,
s6446,Chappaquiddick,Movie,2018-10-01,20181001,2017,PG-13,106,
s6447,Charlie and the Chocolate Factory,Movie,2020-01-01,20200101,2005,PG,115,
s6448,Charlie's Angels: Full Throttle,Movie,2019-10-01,20191001,2003,PG-13,106,
s6449,Charlotte's Web,Movie,2019-11-23,20191123,1973,G,94,
s6450,Chashme Buddoor,Movie,2017-05-01,20170501,2013,TV-PG,121,
s6451,Chasing Amy,Movie,2020-01-01,20200101,1997,R,113,
s6452,Chasing Monsters,TV Show,2017-12-15,20171215,2016,TV-PG,,2
s6453,Chasing the Dragon,Movie,2018-04-19,20180419,2017,TV-MA,129,
s6454,Chasing Trane,Movie,2017-11-13,20171113,2016,TV-PG,99,
s6455,Chauthi Koot,Movie,2017-02-01,20170201,2015,TV-14,116,
s6456,Cheapest Weddings,TV Show,2017-12-01,20171201,2016,TV-14,,1
s6457,Cheers,TV Show,2017-07-01,20170701,1992,TV-PG,,11
s6458,Chef & My Fridge,TV Show,2017-08-04,20170804,2017,TV-PG,,2
s6459,Chernobyl Diaries,Movie,2018-08-01,20180801,2012,R,88,
s6460,Chewin' the Fat,TV Show,2016-10-01,20161001,1999,TV-14,,1
s6461,Chewing Gum,TV Show,2017-04-04,20170404,2017,TV-MA,,2
s6462,Chhota Bheem Aur Kaala Yodha,Movie,2019-05-10,20190510,2018,TV-Y7,63,
s6463,Chhota Bheem Ka Romani Adventure,Movie,2019-05-10,20190510,2018,TV-Y7,62,
s6464,Chhota Bheem Ka Troll Se Takkar,Movie,2019-05-10,20190510,2018,TV-Y7,62,
s6465,Chhota Bheem Kungfu Dhamaka,Movie,2019-08-15,20190815,2019,TV-Y7,112,
s6466,Chicken Kokkachi,Movie,2018-07-01,20180701,2017,TV-14,113,
s6467,Chicken Little,Movie,2016-03-16,20160316,2005,G,82,
s6468,Chief Daddy,Movie,2019-03-15,20190315,2018,TV-MA,98,
s6469,Child's Play,Movie,2019-12-31,20191231,1988,R,87,
s6470,Chill with Bob Ross,TV Show,2016-12-01,20161201,1994,TV-G,,1
s6471,China Salesman,Movie,2018-09-24,20180924,2017,TV-MA,111,
s6472,Chingo Bling: They Can't Deport Us All,Movie,2017-06-01,20170601,2017,TV-MA,63,
s6473,Chittagong,Movie,2018-01-01,20180101,2012,NR,105,
s6474,Chitty Chitty Bang Bang,Movie,2020-01-01,20200101,1968,G,146,
s6475,Chloe,Movie,2020-01-01,20200101,2009,R,96,
s6476,Chris Brown: Welcome to My Life,Movie,2017-10-07,20171007,2017,TV-MA,80,
s6477,Christian Mingle,Movie,2019-06-06,20190606,2014,PG,99,
s6478,Christiane Amanpour: Sex & Love Around the World,TV Show,2018-09-30,20180930,2018,TV-MA,,1
s6479,Christmas Crush,Movie,2019-11-04,20191104,2012,TV-PG,87,
s6480,Christmas in the Smokies,Movie,2019-03-01,20190301,2015,TV-G,88,
s6481,Christmas with the Kranks,Movie,2019-01-01,20190101,2004,PG,99,
s6482,Christopher Robin,Movie,2019-03-05,20190305,2018,PG,104,
s6483,Chronicle of an Escape,Movie,2018-06-15,20180615,2006,R,104,
s6484,Chuck Chicken,TV Show,2017-11-15,20171115,2017,TV-Y7,,1
s6485,Chupan Chupai,Movie,2019-01-15,20190115,2017,TV-14,118,
s6486,Chupke Chupke,Movie,2019-12-31,20191231,1975,TV-PG,127,
s6487,Cirque du Freak: The Vampire's Assistant,Movie,2018-04-16,20180416,2009,PG-13,109,
s6488,City in the Sky,TV Show,2017-10-01,20171001,2016,TV-PG,,1
s6489,City of God,Movie,2020-01-01,20200101,2002,R,130,
s6490,City of Tiny Lights,Movie,2017-07-21,20170721,2016,TV-MA,110,
s6491,Civilizations,TV Show,2018-10-01,20181001,2018,TV-14,,1
s6492,Clarence Clemons: Who Do I Think I Am?,Movie,2019-11-14,20191114,2019,TV-MA,88,
s6493,Clash of the Titans,Movie,2019-08-01,20190801,2010,PG-13,106,
s6494,Class of '61,Movie,2018-04-01,20180401,1993,TV-PG,91,
s6495,Class Rank,Movie,2018-09-18,20180918,2018,TV-MA,103,
s6496,Classic Legends,TV Show,2017-05-15,20170515,2012,TV-PG,,1
s6497,Cleopatra Jones,Movie,2019-11-01,20191101,1973,PG,89,
s6498,Click,Movie,2020-01-01,20200101,2006,PG-13,108,
s6499,Click for Murder,TV Show,2017-09-17,20170917,2017,TV-14,,1
s6500,Clive Davis: The Soundtrack of Our Lives,Movie,2019-09-17,20190917,2017,TV-MA,124,
s6501,Closed Circuit,Movie,2017-10-16,20171016,2013,R,96,
s6502,Cloud Atlas,Movie,2017-08-01,20170801,2012,R,172,
s6503,Clouds of Sils Maria,Movie,2017-02-12,20170212,2014,R,124,
s6504,Cloverfield,Movie,2020-01-01,20200101,2008,PG-13,85,
s6505,Club Friday The Series 6,TV Show,2019-03-09,20190309,2015,TV-MA,,9
s6506,Club Friday The Series 7,TV Show,2018-06-18,20180618,2016,TV-MA,,7
s6507,Club Friday The Series 8,TV Show,2019-02-02,20190202,2017,TV-MA,,8
s6508,Club Friday To Be Continued - Friend & Enemy,TV Show,2018-04-20,20180420,2016,TV-MA,,1
s6509,Club Friday To Be Continued - My Beautiful Tomboy,TV Show,2018-04-13,20180413,2016,TV-MA,,1
s6510,Club Friday To Be Continued - The Promise,TV Show,2018-04-20,20180420,2016,TV-MA,,1
s6511,Coach Carter,Movie,2020-01-01,20200101,2005,PG-13,137,
s6512,Code Name: The Cleaner,Movie,2019-11-01,20191101,2007,PG-13,91,
s6513,Coffee with D,Movie,2017-11-01,20171101,2017,TV-PG,120,
s6514,Cold Case Files,TV Show,2019-09-15,20190915,2017,TV-14,,1
s6515,Cold Case Files Classic,TV Show,2020-09-15,20200915,1999,TV-MA,,1
s6516,Colkatay Columbus,Movie,2017-03-30,20170330,2016,TV-14,118,
s6517,Colonia,Movie,2018-07-14,20180714,2015,R,110,
s6518,Colours of Passion,Movie,2018-05-25,20180525,2008,TV-14,114,
s6519,Come and Find Me,Movie,2019-09-18,20190918,2016,R,112,
s6520,Comedy Bang! Bang!,TV Show,2016-12-28,20161228,2016,TV-14,,5
s6521,Comedy High School,TV Show,2018-07-01,20180701,2018,TV-14,,1
s6522,Command and Control,Movie,2017-05-15,20170515,2017,TV-PG,92,
s6523,Company,Movie,2018-03-01,20180301,2002,TV-MA,137,
s6524,Compulsion,Movie,2018-10-04,20181004,2016,TV-MA,84,
s6525,Conan Without Borders,TV Show,2018-12-31,20181231,2018,TV-14,,1
s6526,Concrete Football,Movie,2017-09-01,20170901,2016,TV-MA,52,
s6527,Concussion,Movie,2018-08-02,20180802,2013,R,96,
s6528,Conjuring Spirit,Movie,2018-08-28,20180828,2014,TV-MA,112,
s6529,Conor McGregor: Notorious,Movie,2018-03-21,20180321,2017,R,90,
s6530,Consequences,Movie,2019-10-25,20191025,2014,TV-MA,106,
s6531,Contract,Movie,2019-03-02,20190302,2008,TV-14,116,
s6532,Convict,Movie,2019-06-13,20190613,2014,TV-14,97,
s6533,Cooking on High,TV Show,2018-06-22,20180622,2018,TV-MA,,1
s6535,Cop and a Half: New Recruit,Movie,2017-08-17,20170817,2017,PG,96,
s6536,Cop Watchers,Movie,2017-08-01,20170801,2016,TV-MA,45,
s6537,Coraline,Movie,2017-03-16,20170316,2009,PG,101,
s6538,Counterfeiting in Suburbia,Movie,2018-07-01,20180701,2018,TV-14,88,
s6539,Court Justice,TV Show,2019-10-02,20191002,2017,TV-MA,,1
s6540,Covered: Alive in Asia,Movie,2016-03-31,20160331,2016,TV-G,75,
s6541,Crash,Movie,2019-10-01,20191001,2004,R,112,
s6542,CRD,Movie,2019-04-29,20190429,2016,TV-MA,110,
s6543,Crime Time,TV Show,2019-01-31,20190131,2017,TV-MA,,1
s6544,"Crouching Tiger, Hidden Dragon",Movie,2019-03-01,20190301,2000,PG-13,120,
s6545,Cult of Chucky,Movie,2017-10-03,20171003,2017,R,90,
s6546,Cutie and the Boxer,Movie,2018-06-14,20180614,2013,R,82,
s6547,Daagdi Chaawl,Movie,2018-02-15,20180215,2015,TV-14,118,
s6548,Dabbe 6: The Return,Movie,2019-04-17,20190417,2015,TV-MA,153,
s6549,Dad,Movie,2018-04-01,20180401,1989,PG,117,
s6550,Dad's Army,TV Show,2018-03-31,20180331,1977,TV-PG,,10
s6551,Daddy Day Care,Movie,2019-01-01,20190101,2003,PG,93,
s6552,Daddy Issues,Movie,2019-09-20,20190920,2019,TV-MA,82,
s6553,Daemonium,Movie,2016-12-20,20161220,2015,NR,115,
s6554,Daffedar,Movie,2018-07-01,20180701,2017,TV-14,151,
s6555,Dagh Ujala,Movie,2018-04-01,20180401,2015,TV-MA,103,
s6556,Dallas Buyers Club,Movie,2018-01-16,20180116,2013,R,117,
s6557,Dance Academy,TV Show,2017-12-20,20171220,2013,TV-PG,,1
s6558,Dance Academy: The Comeback,Movie,2018-07-02,20180702,2017,TV-PG,100,
s6559,Dancing Quietly,Movie,2017-04-01,20170401,2016,TV-MA,70,
s6560,Dandy,TV Show,2018-03-31,20180331,2016,TV-MA,,1
s6561,Dangerous Roads,TV Show,2019-02-01,20190201,2012,TV-MA,,2
s6562,Danny Says,Movie,2017-03-02,20170302,2015,TV-MA,103,
s6563,Dante's Peak,Movie,2019-09-01,20190901,1997,PG-13,108,
s6564,Dare to Be Wild,Movie,2018-04-01,20180401,2015,TV-PG,100,
s6565,Dark Chocolate (Bengali Version),Movie,2017-12-15,20171215,2016,TV-MA,91,
s6566,Dark Crimes,Movie,2019-10-15,20191015,2016,R,93,
s6567,Dark Places,Movie,2018-07-26,20180726,2015,R,113,
s6568,Darna Mana Hai,Movie,2019-08-01,20190801,2003,TV-MA,116,
s6569,Darr Sabko Lagta Hai,TV Show,2018-03-01,20180301,2015,TV-MA,,1
s6570,Darra,Movie,2017-10-15,20171015,2016,TV-14,121,
s6571,Daughters of the Dust,Movie,2017-06-10,20170610,1991,NR,112,
s6572,Day and Night,TV Show,2018-03-23,20180323,2017,TV-MA,,1
s6573,Days We Stared at the Sun,TV Show,2018-03-31,20180331,2017,TV-MA,,2
s6574,Dayveon,Movie,2018-01-11,20180111,2017,TV-MA,76,
s6575,De Film van Dylan Haegens,Movie,2019-04-17,20190417,2018,TV-PG,81,
s6576,De Palma,Movie,2018-11-21,20181121,2015,R,110,
s6577,Dead in a Week (Or Your Money Back),Movie,2019-03-01,20190301,2018,TV-MA,90,
s6578,Deadline: Sirf 24 Ghante,Movie,2019-12-31,20191231,2006,TV-14,97,
s6579,Deadly Scholars,Movie,2019-02-15,20190215,2018,TV-14,86,
s6580,Dean,Movie,2020-03-15,20200315,2016,PG-13,94,
s6581,Dear Dad,Movie,2019-03-02,20190302,2016,TV-14,83,
s6582,Dear Dracula,Movie,2016-02-18,20160218,2012,TV-Y7-FV,43,
s6583,Dear Santa,Movie,2019-11-04,20191104,2011,TV-PG,92,
s6584,Death at a Funeral,Movie,2020-08-01,20200801,2010,R,93,
s6585,Death House,Movie,2019-05-05,20190505,2017,R,88,
s6586,Deathgrip,Movie,2018-03-01,20180301,2017,TV-MA,53,
s6587,Deep Undercover Collection,TV Show,2018-07-20,20180720,2017,TV-MA,,3
s6588,Deep Water,TV Show,2017-07-01,20170701,2016,TV-MA,,1
s6589,Deewangee,Movie,2020-01-03,20200103,2002,TV-MA,156,
s6590,Defying the Nazis: The Sharps' War,Movie,2017-05-01,20170501,2016,TV-14,79,
s6591,Delirium,Movie,2018-09-01,20180901,2018,R,96,
s6592,Democrats,Movie,2016-04-25,20160425,2014,NR,99,
s6593,Den of Thieves,Movie,2020-05-01,20200501,2018,R,140,
s6594,Denis Leary: No Cure For Cancer,Movie,2017-08-08,20170808,1992,R,62,
s6595,Desolate,Movie,2020-02-06,20200206,2018,TV-MA,88,
s6596,Desolation,Movie,2018-05-08,20180508,2017,TV-MA,76,
s6597,Detention Letter,Movie,2019-08-05,20190805,2017,TV-14,99,
s6598,Detour,Movie,2017-05-25,20170525,2016,R,97,
s6599,Deviant Love,Movie,2019-09-13,20190913,2019,TV-14,87,
s6600,Devil's Bride,Movie,2017-06-01,20170601,2016,TV-MA,108,
s6601,Devil's Gate,Movie,2020-07-16,20200716,2017,TV-MA,94,
s6602,Devlok with Devdutt Pattanaik,TV Show,2018-10-15,20181015,2017,TV-PG,,1
s6603,Devrai,Movie,2018-01-01,20180101,2004,TV-PG,123,
s6604,Dexter,TV Show,2018-01-01,20180101,2013,TV-MA,,8
s6605,Dhamaal,Movie,2019-12-31,20191231,2007,TV-14,128,
s6606,Di Renjie zhi Sidatianwang,Movie,2019-02-06,20190206,2018,TV-14,132,
s6607,Diana: 7 Days That Shook the World,Movie,2017-07-28,20170728,2017,TV-PG,93,
s6608,Diana: In Her Own Words,Movie,2017-12-01,20171201,2017,TV-PG,113,
s6609,Diary of a Chambermaid,Movie,2016-12-03,20161203,2015,NR,96,
s6610,Die Another Day,Movie,2019-12-31,20191231,2002,PG-13,133,
s6611,Dil Hai Tumhaara,Movie,2018-04-01,20180401,2002,TV-14,176,
s6613,Dinner for Schmucks,Movie,2020-01-01,20200101,2010,PG-13,115,
s6614,Dino Hunt,TV Show,2017-08-04,20170804,2016,TV-G,,1
s6615,Disciples Of The 36th Chamber,Movie,2018-08-16,20180816,1985,TV-14,90,
s6616,Discovering Bigfoot,Movie,2017-12-15,20171215,2017,TV-MA,111,
s6617,Dismissed,Movie,2018-02-19,20180219,2017,TV-14,87,
s6618,District 9,Movie,2019-11-04,20191104,2009,R,112,
s6619,Diva Brides,TV Show,2019-10-02,20191002,2017,TV-MA,,1
s6620,Doctor Zhivago,Movie,2019-11-01,20191101,1965,PG-13,200,
s6621,Dog Eat Dog,Movie,2016-12-31,20161231,2016,TV-MA,93,
s6622,Dolphin Kick,Movie,2019-06-05,20190605,2019,TV-PG,90,
s6623,Dolphin Tale 2,Movie,2019-02-25,20190225,2014,PG,107,
s6624,Domino,Movie,2019-09-28,20190928,2019,R,89,
s6625,Don Quixote: The Ingenious Gentleman of La Mancha,Movie,2018-01-05,20180105,2015,TV-14,83,
s6626,Don Verdean,Movie,2020-03-01,20200301,2015,PG-13,96,
s6627,Don't Be Afraid of the Dark,Movie,2019-11-02,20191102,2010,R,99,
s6628,Don't Crack Under Pressure,Movie,2020-06-12,20200612,2015,TV-MA,95,
s6629,Don't Crack Under Pressure II,Movie,2020-06-12,20200612,2016,TV-MA,88,
s6630,Don't Crack Under Pressure III,Movie,2020-06-12,20200612,2017,TV-14,94,
s6631,Don't Knock Twice,Movie,2019-02-08,20190208,2016,R,93,
s6632,Don't Look Down,Movie,2017-04-01,20170401,2016,TV-MA,93,
s6633,Don't Think Twice,Movie,2017-05-01,20170501,2016,R,92,
s6634,Donnie Brasco,Movie,2020-01-01,20200101,1997,R,127,
s6635,Doom,Movie,2020-11-01,20201101,2005,R,105,
s6636,Doomsday Preppers,TV Show,2019-03-01,20190301,2013,TV-14,,1
s6637,Doubles Cause Troubles,Movie,2018-08-01,20180801,1989,TV-14,94,
s6638,Doubt,Movie,2019-03-07,20190307,2008,PG-13,104,
s6639,Down The Fence,Movie,2018-01-15,20180115,2017,TV-PG,94,
s6640,Dr. Seuss' The Cat in the Hat,Movie,2019-05-01,20190501,2003,PG,82,
s6641,Dr. Seuss' The Grinch,Movie,2019-06-05,20190605,2018,PG,86,
s6642,Dragonheart,Movie,2020-01-01,20200101,1996,PG-13,103,
s6643,Dragonheart 3: The Sorcerer,Movie,2020-01-01,20200101,2015,PG-13,97,
s6644,Dragonheart: A New Beginning,Movie,2020-01-01,20200101,2000,PG,84,
s6645,Dragonheart: Battle for the Heartfire,Movie,2017-06-13,20170613,2017,PG-13,98,
s6646,Dragonkala Ka Rahasya,Movie,2019-06-18,20190618,2018,TV-Y,68,
s6647,Dramaworld,TV Show,2016-05-23,20160523,2016,TV-14,,1
s6648,Dream Big: Engineering Our World,Movie,2018-07-01,20180701,2017,TV-G,42,
s6649,Dream Boat,Movie,2017-12-01,20171201,2017,TV-MA,92,
s6650,Dries,Movie,2018-01-01,20180101,2017,TV-PG,89,
s6651,Driven to Dance,Movie,2019-01-16,20190116,2018,TV-PG,99,
s6652,"Drugs, Inc.",TV Show,2019-03-23,20190323,2015,TV-MA,,1
s6653,Dueños del paraíso,TV Show,2017-02-25,20170225,2015,TV-14,,1
s6654,Dukhtar,Movie,2016-09-01,20160901,2014,TV-14,93,
s6655,Dum,Movie,2018-03-01,20180301,2003,TV-14,162,
s6656,Dumb and Dumberer: When Harry Met Lloyd,Movie,2019-10-01,20191001,2003,PG-13,85,
s6657,E-Cigarettes: Miracle or Menace?,Movie,2019-02-01,20190201,2016,TV-14,52,
s6658,Earth to Echo,Movie,2019-10-01,20191001,2014,PG,91,
s6659,Earth to Luna!,TV Show,2020-04-10,20200410,2014,TV-Y,,1
s6660,Earth's Natural Wonders,TV Show,2017-03-01,20170301,2015,TV-PG,,1
s6661,Earth's Natural Wonders: Life at the Extremes,TV Show,2018-10-01,20181001,2018,TV-14,,1
s6662,East Side Sushi,Movie,2020-09-15,20200915,2015,PG,106,
s6663,Easy A,Movie,2020-11-01,20201101,2010,PG-13,92,
s6664,Easy Fortune Happy Life,TV Show,2016-09-01,20160901,2009,TV-MA,,1
s6665,Eat Pray Love,Movie,2019-09-10,20190910,2010,PG-13,140,
s6666,Eddie Murphy: Delirious,Movie,2018-04-15,20180415,1983,TV-MA,69,
s6667,Eeda,Movie,2018-09-15,20180915,2018,TV-14,153,
s6668,Eh Janam Tumhare Lekhe,Movie,2017-12-01,20171201,2015,TV-14,124,
s6669,Ek Cup Chya,Movie,2018-03-15,20180315,2009,TV-PG,120,
s6670,Ek Hasina Thi,Movie,2019-08-01,20190801,2004,TV-MA,134,
s6671,El último testigo,Movie,2018-02-04,20180204,2012,R,105,
s6672,El Barco,TV Show,2017-07-01,20170701,2013,NR,,3
s6673,El Cartel,TV Show,2018-08-24,20180824,2008,TV-MA,,1
s6674,El Cartel 2,TV Show,2018-08-24,20180824,2010,TV-MA,,1
s6675,El Chavo,TV Show,2017-12-31,20171231,1979,TV-PG,,1
s6676,El Che,Movie,2017-10-15,20171015,2017,TV-14,119,
s6677,El Clon,TV Show,2017-05-18,20170518,2010,TV-14,,1
s6678,El fin de ETA,Movie,2017-04-08,20170408,2017,TV-14,106,
s6679,El Vato,TV Show,2018-02-24,20180224,2017,TV-MA,,2
s6680,El Viaje: Márama y Rombai,Movie,2017-10-18,20171018,2016,TV-PG,79,
s6681,Elephants Dream 4 Hour,Movie,2018-08-23,20180823,2006,TV-MA,196,
s6682,Elizabeth at 90: A Family Tribute,Movie,2017-05-22,20170522,2016,TV-G,90,
s6683,Elizabeth Harvest,Movie,2020-08-01,20200801,2019,R,109,
s6684,Elles étaient en guerre (1914-1918),Movie,2017-12-31,20171231,2014,TV-14,93,
s6685,Elles étaient en guerre 1939-1945,Movie,2018-03-01,20180301,2015,TV-MA,92,
s6686,Elles ont toutes une histoire,Movie,2017-12-31,20171231,2016,TV-PG,49,
s6687,Elstree 1976,Movie,2016-09-06,20160906,2015,TV-PG,102,
s6688,Emelie,Movie,2018-08-02,20180802,2016,TV-MA,82,
s6689,Emma' (Mother),Movie,2018-10-05,20181005,2016,TV-PG,74,
s6690,Emo the Musical,Movie,2018-02-01,20180201,2016,TV-MA,94,
s6691,Emogenius,TV Show,2018-12-15,20181215,2017,TV-PG,,1
s6692,Empire of Scents,Movie,2018-01-01,20180101,2014,TV-14,87,
s6693,Employee of the Month,Movie,2020-10-01,20201001,2006,PG-13,108,
s6694,Encerrados,TV Show,2018-06-18,20180618,2018,TV-MA,,1
s6695,Encounter: The Killing,Movie,2019-12-31,20191231,2002,TV-14,151,
s6696,Encounters with Evil,TV Show,2019-07-12,20190712,2016,TV-14,,1
s6697,End of Watch,Movie,2019-11-23,20191123,2012,R,109,
s6698,Enemigo íntimo,TV Show,2018-08-08,20180808,2018,TV-MA,,1
s6699,Enemy,Movie,2018-07-15,20180715,2013,R,91,
s6700,Enlighten Us,Movie,2017-01-18,20170118,2016,TV-14,93,
s6701,Entanglement,Movie,2018-12-09,20181209,2018,TV-MA,85,
s6703,Equals,Movie,2018-10-28,20181028,2015,PG-13,102,
s6704,Equilibrium,Movie,2019-06-08,20190608,2002,R,107,
s6705,"Escape from the ""Liberty"" Cinema",Movie,2019-10-01,20191001,1990,TV-MA,88,
s6706,Esperando La Carroza,Movie,2018-07-15,20180715,1985,NR,95,
s6707,Estar o no estar,Movie,2017-01-14,20170114,2016,TV-14,100,
s6708,Ethirmarai,Movie,2018-04-01,20180401,2018,TV-14,91,
s6709,Euphoria,Movie,2019-11-01,20191101,2018,R,110,
s6710,Eurovision Song Contest,TV Show,2019-07-23,20190723,2019,TV-PG,,1
s6711,Evan Almighty,Movie,2019-04-16,20190416,2007,PG,96,
s6712,Event Horizon,Movie,2020-01-01,20200101,1997,R,96,
s6713,Every Time I Die,Movie,2020-02-25,20200225,2019,TV-MA,98,
s6714,Everybody Knows,Movie,2019-06-06,20190606,2019,R,133,
s6715,Everyday Miracles,TV Show,2017-08-01,20170801,2014,TV-PG,,1
s6716,Evolution,Movie,2019-11-20,20191120,2001,PG-13,102,
s6717,Ex Machina,Movie,2018-07-26,20180726,2015,R,108,
s6718,Ex-Boyfriend,TV Show,2017-01-01,20170101,2011,TV-14,,1
s6719,Exclusive Edition,TV Show,2017-08-14,20170814,2008,TV-14,,1
s6720,Executive Decision,Movie,2019-11-01,20191101,1996,R,133,
s6721,Exit Afghanistan,Movie,2016-07-01,20160701,2013,TV-MA,58,
s6722,Exit Strategy,Movie,2019-03-03,20190303,2012,NR,79,
s6723,Exit Wounds,Movie,2019-10-01,20191001,2001,R,101,
s6724,Expo,Movie,2019-08-29,20190829,2019,TV-14,81,
s6725,Extras,TV Show,2017-03-31,20170331,2006,TV-MA,,2
s6726,Eyyvah Eyyvah,Movie,2017-03-10,20170310,2010,TV-MA,99,
s6727,Eyyvah Eyyvah 2,Movie,2017-03-10,20170310,2011,TV-PG,106,
s6728,Eyyvah Eyyvah 3,Movie,2017-03-10,20170310,2014,TV-PG,103,
s6729,Ezel,TV Show,2016-12-26,20161226,2009,TV-14,,1
s6730,F the Prom,Movie,2018-03-05,20180305,2017,TV-MA,92,
s6731,Face 2 Face,Movie,2018-01-15,20180115,2017,TV-MA,89,
s6732,Fairy Tail,TV Show,2017-04-01,20170401,2009,TV-MA,,1
s6733,Fake or Fortune?,TV Show,2019-07-26,20190726,2015,TV-G,,1
s6734,Fakta Ladh Mhana,Movie,2018-02-15,20180215,2011,TV-14,150,
s6735,Fall Girls,Movie,2020-01-01,20200101,2019,TV-14,80,
s6736,Fallen,Movie,2019-11-01,20191101,1998,R,124,
s6737,Familiye,Movie,2019-05-01,20190501,2017,TV-MA,99,
s6738,Famous in Ahmedabad,Movie,2016-12-15,20161215,2015,TV-14,29,
s6739,Fanatic,Movie,2019-08-24,20190824,2019,TV-14,91,
s6740,Fandry,Movie,2018-01-01,20180101,2014,NR,102,
s6741,Farce,Movie,2019-06-06,20190606,2017,TV-MA,94,
s6742,Fatal Destiny,TV Show,2018-07-13,20180713,2016,TV-MA,,1
s6743,Father Brown,TV Show,2018-03-31,20180331,2017,TV-14,,6
s6744,Fear and Loathing in Las Vegas,Movie,2019-11-01,20191101,1998,R,118,
s6745,Fear Files... Har Mod Pe Darr,TV Show,2017-06-01,20170601,2015,TV-MA,,1
s6746,Feel Rich,Movie,2017-08-23,20170823,2017,TV-MA,70,
s6747,Fiddler on the Roof,Movie,2020-07-01,20200701,1971,G,181,
s6748,Fifty,Movie,2015-12-28,20151228,2015,NR,101,
s6749,Figaro Pho,Movie,2016-09-01,20160901,2008,TV-Y7,29,
s6750,Figures of Speech,Movie,2016-12-21,20161221,2016,TV-PG,92,
s6751,Filinta,TV Show,2017-04-15,20170415,2015,TV-14,,2
s6752,Filmworker,Movie,2018-11-01,20181101,2017,TV-MA,94,
s6753,Filosofi Kopi The Movie,Movie,2018-10-11,20181011,2015,TV-PG,118,
s6754,Final Destination,Movie,2020-01-01,20200101,2000,R,98,
s6755,Final Destination 2,Movie,2020-01-01,20200101,2003,R,90,
s6756,Final Destination 3,Movie,2020-01-01,20200101,2006,R,93,
s6757,Fire at Sea,Movie,2017-03-21,20170321,2016,TV-14,114,
s6758,Fireflies,Movie,2019-04-24,20190424,2013,TV-MA,99,
s6759,First Impression,Movie,2019-05-17,20190517,2018,TV-14,96,
s6760,First Kill,Movie,2019-09-01,20190901,2017,R,102,
s6761,FirstBorn,Movie,2017-03-31,20170331,2016,TV-MA,90,
s6762,Fishpeople,Movie,2018-04-01,20180401,2017,TV-14,49,
s6763,Fishtail,Movie,2018-10-01,20181001,2015,NR,61,
s6764,Fit for Fashion,TV Show,2018-12-14,20181214,2015,TV-14,,2
s6765,Fittest in Dubai,Movie,2020-04-15,20200415,2019,TV-14,60,
s6766,Five Elements Ninjas,Movie,2019-09-17,20190917,1982,R,104,
s6767,Fix It and Finish It,TV Show,2018-07-20,20180720,2014,TV-G,,3
s6768,Flash of Genius,Movie,2017-01-16,20170116,2008,PG-13,119,
s6769,Flimflam,Movie,2019-06-13,20190613,2016,TV-14,102,
s6770,Flock of Four,Movie,2018-08-01,20180801,2018,TV-MA,83,
s6771,Flowering Heart,TV Show,2019-07-01,20190701,2016,TV-Y7,,1
s6772,Flying Guillotine 2,Movie,2018-07-31,20180731,1978,TV-MA,88,
s6773,Follow Me,Movie,2018-11-16,20181116,2017,TV-MA,86,
s6774,Food: Delicious Science,TV Show,2017-10-01,20171001,2017,TV-PG,,1
s6775,Footprints in the Sand,TV Show,2017-10-16,20171016,2011,TV-14,,1
s6776,Footprints: The Path of Your Life,Movie,2017-06-30,20170630,2015,PG,90,
s6777,For Colored Girls,Movie,2020-05-01,20200501,2010,R,134,
s6778,For Grace,Movie,2016-03-02,20160302,2015,TV-PG,92,
s6779,For Greater Glory,Movie,2019-08-02,20190802,2012,R,145,
s6780,For Love or Money,Movie,2019-08-16,20190816,2019,TV-MA,95,
s6781,For the Birds,Movie,2019-09-01,20190901,2018,TV-MA,93,
s6782,For the Love of Benji,Movie,2018-03-06,20180306,1977,G,84,
s6783,For the Win,TV Show,2018-12-31,20181231,2017,TV-14,,1
s6784,Forbidden Games: The Justin Fashanu Story,Movie,2017-12-01,20171201,2017,TV-14,81,
s6785,Forbidden Planet,Movie,2019-11-01,20191101,1956,G,98,
s6786,Forces of Nature,TV Show,2017-03-01,20170301,2016,TV-PG,,1
s6787,Forever Chape,Movie,2018-08-02,20180802,2018,TV-MA,74,
s6788,Forever Pure,Movie,2017-05-29,20170529,2016,TV-MA,87,
s6789,Forget Me Not,TV Show,2017-09-18,20170918,2011,TV-MA,,1
s6790,Forks Over Knives,Movie,2019-10-03,20191003,2011,PG,96,
s6792,Four Seasons in Havana,TV Show,2016-12-09,20161209,2016,TV-MA,,1
s6793,Four Weddings and a Funeral,Movie,2019-08-01,20190801,1994,R,118,
s6794,Fracture,Movie,2019-04-01,20190401,2007,R,113,
s6795,Frances Ha,Movie,2017-10-01,20171001,2012,R,86,
s6797,Freak Show,Movie,2020-08-13,20200813,2018,TV-MA,91,
s6799,Free Willy,Movie,2020-01-01,20200101,1993,PG,112,
s6800,Freeway: Crack in the System,Movie,2017-12-15,20171215,2015,R,103,
s6801,Freezer's Campaign,Movie,2019-06-06,20190606,2016,TV-MA,116,
s6802,French Dirty,Movie,2016-02-04,20160204,2015,TV-MA,72,
s6803,Freshman Year,Movie,2020-03-03,20200303,2019,TV-PG,104,
s6804,Friday Night Tykes,TV Show,2018-01-17,20180117,2017,TV-PG,,4
s6805,Friday the 13th,Movie,2020-01-01,20200101,2009,R,97,
s6806,Friend Request,Movie,2018-04-18,20180418,2016,R,92,
s6808,From Japan to Egypt,Movie,2019-06-06,20190606,2017,TV-14,93,
s6809,From Paris with Love,Movie,2020-09-08,20200908,2010,R,93,
s6810,Froning: The Fittest Man in History,Movie,2018-07-15,20180715,2016,PG,99,
s6811,Frozen Planet,TV Show,2016-01-28,20160128,2011,TV-PG,,1
s6812,Frozen Planet: On Thin Ice,Movie,2016-01-28,20160128,2011,TV-PG,47,
s6813,Frozen Planet: The Epic Journey,Movie,2016-01-28,20160128,2011,TV-PG,52,
s6814,Frozen River,Movie,2019-07-01,20190701,2008,R,97,
s6815,Full Out,Movie,2016-09-01,20160901,2015,TV-PG,88,
s6816,Functional Fitness,Movie,2018-01-01,20180101,2016,TV-MA,106,
s6817,Furie,Movie,2019-09-25,20190925,2019,TV-MA,97,
s6818,Furthest Witness,Movie,2019-04-24,20190424,2017,TV-MA,88,
s6819,G-Force,Movie,2019-03-15,20190315,2009,PG,88,
s6820,Gabriel and the Mountain,Movie,2018-11-09,20181109,2017,TV-MA,132,
s6821,Gabru: Hip Hop Revolution,TV Show,2018-06-01,20180601,2018,TV-14,,1
s6822,Gagarin: First in Space,Movie,2017-09-15,20170915,2013,TV-14,108,
s6823,Galavant,TV Show,2016-09-07,20160907,2016,TV-PG,,2
s6824,Galih dan Ratna,Movie,2018-09-15,20180915,2017,TV-PG,111,
s6825,Game Winning Hit,TV Show,2016-09-01,20160901,2009,TV-MA,,1
s6826,Gangs of Hassepur,TV Show,2017-04-15,20170415,2014,TV-PG,,1
s6827,Gangs of New York,Movie,2019-08-20,20190820,2002,R,167,
s6828,Gargantia on the Verdurous Planet,TV Show,2016-12-01,20161201,2013,,,1
s6829,Garuda Di Dadaku,Movie,2018-10-09,20181009,2009,TV-PG,96,
s6830,Garuda in My Heart 2,Movie,2018-11-30,20181130,2011,TV-PG,95,
s6831,Gehenna: Where Death Lives,Movie,2018-12-10,20181210,2016,TV-MA,107,
s6832,Gelo,Movie,2017-12-15,20171215,2016,TV-MA,118,
s6833,Gemini,Movie,2018-07-01,20180701,2018,TV-PG,130,
s6834,Gender Revolution: A Journey with Katie Couric,Movie,2018-02-01,20180201,2017,TV-PG,90,
s6835,Genius of the Ancient World,TV Show,2017-08-01,20170801,2015,TV-PG,,1
s6836,Genius of the Modern World,TV Show,2017-08-01,20170801,2016,TV-PG,,1
s6837,Gentlemen and Gangsters,TV Show,2016-06-01,20160601,2016,TV-MA,,1
s6838,George of the Jungle 2,Movie,2016-12-20,20161220,2003,PG,87,
s6839,Geronimo Stilton,TV Show,2017-12-31,20171231,2011,TV-Y,,1
s6840,Get Him to the Greek,Movie,2020-01-16,20200116,2010,R,109,
s6841,Get Santa,Movie,2014-12-12,20141212,2014,PG,103,
s6842,Get Shorty,TV Show,2018-11-01,20181101,2017,TV-MA,,1
s6843,Get Smart,Movie,2019-04-01,20190401,2008,PG-13,110,
s6844,Getting Played,Movie,2019-11-01,20191101,2005,PG-13,85,
s6845,Ghayal,Movie,2019-12-31,20191231,1990,TV-14,163,
s6846,Ghost House,Movie,2017-12-31,20171231,2017,TV-MA,100,
s6847,Ghost Pain,Movie,2019-02-24,20190224,2013,TV-MA,58,
s6848,Ghost Rider,Movie,2020-10-01,20201001,2007,PG-13,110,
s6849,Ghost Tears,Movie,2019-02-24,20190224,2014,TV-MA,58,
s6850,Ghost Town Gold,TV Show,2019-10-02,20191002,2012,TV-14,,1
s6851,Ghost Whispers,Movie,2019-02-24,20190224,2013,TV-14,56,
s6852,Ghulam-E-Musthafa,Movie,2019-12-31,20191231,1997,TV-MA,161,
s6853,Gie,Movie,2018-09-15,20180915,2005,TV-14,141,
s6854,Gigi,Movie,2019-11-01,20191101,1958,G,115,
s6855,Ginger & Rosa,Movie,2018-07-15,20180715,2012,PG-13,90,
s6856,"Girl, Boy, Bakla, Tomboy",Movie,2019-02-27,20190227,2013,TV-14,103,
s6857,GLOW: The Story of the Gorgeous Ladies of Wrestling,Movie,2017-03-31,20170331,2012,NR,77,
s6858,Glowing Embers,TV Show,2017-08-14,20170814,2010,TV-14,,1
s6859,God Bless the Broken Road,Movie,2019-02-09,20190209,2018,PG,111,
s6860,God Knows Where I Am,Movie,2018-10-22,20181022,2016,TV-PG,103,
s6861,God of War,Movie,2017-12-16,20171216,2017,NR,129,
s6862,God's Not Dead,Movie,2020-04-01,20200401,2014,PG,113,
s6863,God's Not Dead: A Light in Darkness,Movie,2018-12-04,20181204,2018,PG,106,
s6864,God's Own Country,Movie,2018-05-01,20180501,2017,TV-MA,105,
s6865,Gol Maal,Movie,2019-12-31,20191231,1979,TV-PG,137,
s6866,Golden Time,Movie,2017-11-01,20171101,2013,TV-Y,22,
s6867,GoldenEye,Movie,2019-12-31,20191231,1995,PG-13,130,
s6868,Goldie,Movie,2020-06-22,20200622,2019,TV-MA,89,
s6869,Goldie & Bear,TV Show,2018-10-31,20181031,2017,TV-Y,,2
s6870,Goldstone,Movie,2018-12-10,20181210,2016,R,110,
s6871,Golmaal: Fun Unlimited,Movie,2019-12-31,20191231,2006,TV-14,148,
s6872,Gomorrah,TV Show,2017-08-21,20170821,2016,TV-MA,,2
s6873,Gone are the Days,Movie,2019-01-01,20190101,2018,R,100,
s6874,Gonul,TV Show,2017-07-12,20170712,2015,TV-14,,1
s6875,Good Kids,Movie,2017-01-19,20170119,2016,R,90,
s6876,Good Kill,Movie,2017-04-02,20170402,2014,R,103,
s6877,Good Kisser,Movie,2020-08-20,20200820,2019,TV-MA,75,
s6878,Good Luck,Movie,2019-06-21,20190621,2012,TV-MA,99,
s6879,"Good Night, and Good Luck",Movie,2019-06-02,20190602,2005,PG,93,
s6880,Good People,Movie,2017-09-08,20170908,2014,R,90,
s6882,Gook,Movie,2018-03-06,20180306,2017,TV-MA,95,
s6883,Goon,Movie,2017-08-15,20170815,2011,R,92,
s6884,Goosebumps 2: Haunted Halloween,Movie,2019-04-25,20190425,2018,PG,90,
s6885,Gosford Park,Movie,2019-11-01,20191101,2001,R,137,
s6886,Gossip Girl,TV Show,2013-10-08,20131008,2012,TV-14,,6
s6888,Gour Hari Dastaan: The Freedom File,Movie,2017-10-15,20171015,2015,TV-14,109,
s6889,Gran Torino,Movie,2020-10-01,20201001,2008,R,117,
s6890,Grand Designs,TV Show,2019-08-01,20190801,2017,TV-14,,2
s6891,Grand Hotel,TV Show,2017-11-01,20171101,2013,TV-PG,,3
s6892,Grand Masti,Movie,2018-03-01,20180301,2013,TV-MA,93,
s6893,Grass,Movie,2019-02-14,20190214,2017,TV-MA,57,
s6894,Grease,Movie,2019-11-01,20191101,1978,PG,110,
s6895,Great Interior Design Challenge,TV Show,2018-12-01,20181201,2016,TV-PG,,2
s6896,Great Yellowstone Thaw,TV Show,2017-10-01,20171001,2017,TV-PG,,1
s6897,Green Room,Movie,2018-11-12,20181112,2015,R,95,
s6898,Green White Green (And All the Beautiful Colours in My Mosaic of Madness),Movie,2018-01-01,20180101,2016,TV-MA,102,
s6899,Gringo: The Dangerous Life of John McAfee,Movie,2018-04-01,20180401,2016,TV-MA,97,
s6900,Growing Up Coy,Movie,2017-01-06,20170106,2016,TV-PG,82,
s6901,Gun Runners,Movie,2017-02-01,20170201,2015,TV-PG,90,
s6903,Guy Martin: Last Flight of the Vulcan Bomber,Movie,2019-07-26,20190726,2015,TV-G,57,
s6904,Héroes,Movie,2018-08-19,20180819,2015,TV-MA,91,
s6905,Hükümet Kadin,Movie,2017-03-10,20170310,2013,TV-MA,100,
s6906,Hükümet Kadin 2,Movie,2017-03-10,20170310,2013,TV-14,101,
s6907,Ha Unlimited,TV Show,2018-05-11,20180511,2016,TV-MA,,2
s6908,Haapus,Movie,2018-03-15,20180315,2010,TV-14,138,
s6909,Hadi İnşallah,Movie,2018-04-04,20180404,2014,TV-14,95,
s6910,Hairspray,Movie,2020-01-01,20200101,2007,PG,116,
s6911,HALO Legends,Movie,2017-05-01,20170501,2009,PG-13,117,
s6912,Halo: The Fall of Reach,Movie,2016-03-07,20160307,2015,TV-14,65,
s6913,Hamara Dil Aapke Paas Hai,Movie,2018-03-01,20180301,2000,TV-14,158,
s6914,Hamburger Hill,Movie,2019-11-23,20191123,1987,R,110,
s6915,Hamza's Suitcase,Movie,2019-05-02,20190502,2017,TV-14,79,
s6916,Hangman,Movie,2020-05-06,20200506,2017,R,99,
s6917,Hank: Five Years from the Brink,Movie,2018-08-25,20180825,2013,TV-14,86,
s6918,Hannibal,TV Show,2020-06-06,20200606,2015,TV-MA,,3
s6919,Hans Zimmer: Live in Prague,Movie,2018-03-01,20180301,2017,TV-G,138,
s6920,Happy 300 Days,TV Show,2017-01-01,20170101,2013,TV-14,,1
s6921,Happy Hunting,Movie,2018-01-01,20180101,2017,TV-MA,91,
s6922,Happy Times,Movie,2017-02-08,20170208,2014,NR,79,
s6923,Happy Valley,TV Show,2016-03-16,20160316,2016,TV-MA,,2
s6924,Happyish,TV Show,2016-07-01,20160701,2015,TV-MA,,1
s6925,Hard Tide,Movie,2017-09-06,20170906,2015,TV-MA,79,
s6926,Hardcore Henry,Movie,2020-08-01,20200801,2015,R,96,
s6927,Harlem Globetrotters: The Team That Changed the World,Movie,2019-11-01,20191101,2005,TV-14,55,
s6928,Harold & Kumar Escape from Guantanamo Bay,Movie,2019-10-01,20191001,2008,R,101,
s6929,Harold & Kumar Go to White Castle,Movie,2020-01-01,20200101,2004,R,88,
s6930,Harold and Lillian: A Hollywood Love Story,Movie,2018-11-25,20181125,2015,TV-14,95,
s6931,Harold Shipman - Driven to Kill,TV Show,2019-02-01,20190201,2014,TV-14,,1
s6932,Harriet the Spy: Blog Wars,Movie,2018-04-15,20180415,2010,TV-G,87,
s6933,Harry & Bunnie,TV Show,2017-10-15,20171015,2017,TV-Y7,,1
s6934,Harry and Snowman,Movie,2017-01-15,20170115,2015,TV-PG,83,
s6935,Harry Benson: Shoot First,Movie,2017-05-01,20170501,2016,NR,90,
s6936,Hart of Dixie,TV Show,2015-12-15,20151215,2014,TV-PG,,4
s6937,Haseena Maan Jaayegi,Movie,2018-03-01,20180301,1999,TV-PG,151,
s6938,Hati Perempuan,TV Show,2017-08-21,20170821,2015,TV-14,,1
s6939,Haunters: The Art of the Scare,Movie,2018-01-02,20180102,2017,TV-MA,89,
s6940,Haunting on Fraternity Row,Movie,2019-03-01,20190301,2018,TV-MA,99,
s6941,Have You Seen the Listers?,Movie,2019-02-01,20190201,2017,TV-MA,86,
s6942,Haven,TV Show,2015-09-08,20150908,2015,TV-14,,5
s6943,Havenhurst,Movie,2017-06-10,20170610,2016,TV-MA,85,
s6944,Haywire,Movie,2020-03-01,20200301,2011,R,93,
s6945,He Named Me Malala,Movie,2018-06-01,20180601,2015,PG-13,89,
s6946,He's Out There,Movie,2019-01-12,20190112,2018,R,89,
s6947,Head Count,Movie,2019-09-13,20190913,2018,TV-MA,90,
s6948,Head On,Movie,2018-08-25,20180825,1998,TV-MA,104,
s6949,Heal,Movie,2019-02-01,20190201,2017,TV-14,107,
s6950,Heartbreakers,Movie,2019-12-31,20191231,2001,PG-13,124,
s6951,Heartthrob,Movie,2018-01-01,20180101,2017,TV-MA,87,
s6952,Heavy Rescue: 401,TV Show,2018-06-22,20180622,2018,TV-MA,,2
s6953,Hedgehogs,Movie,2019-04-01,20190401,2016,PG,94,
s6954,Helix,TV Show,2018-11-10,20181110,2015,TV-MA,,1
s6955,Hell and Back,Movie,2018-09-06,20180906,2015,R,86,
s6956,Hell on Wheels,TV Show,2016-05-28,20160528,2016,TV-14,,5
s6957,Hell or High Water,Movie,2019-01-01,20190101,2016,R,102,
s6958,Hellboy,Movie,2018-12-01,20181201,2004,PG-13,122,
s6959,Her,Movie,2018-07-29,20180729,2013,R,126,
s6960,Her Only Choice,Movie,2019-05-02,20190502,2018,TV-14,87,
s6961,Hera Pheri,Movie,2019-12-31,20191231,1976,TV-14,156,
s6962,Here Alone,Movie,2017-07-01,20170701,2016,TV-MA,97,
s6963,Hero,Movie,2018-08-01,20180801,1997,TV-MA,89,
s6964,Herrens veje,TV Show,2019-06-01,20190601,2018,TV-MA,,2
s6965,Hickok,Movie,2020-07-24,20200724,2017,TV-MA,88,
s6966,Hidden Singer,TV Show,2017-05-19,20170519,2015,TV-Y7,,1
s6967,Hide & Seek,Movie,2018-03-01,20180301,2010,TV-14,96,
s6968,Hide and Seek,Movie,2017-08-19,20170819,2016,TV-14,104,
s6969,Highly Strung,Movie,2017-02-01,20170201,2015,TV-14,80,
s6970,Highway Thru Hell,TV Show,2019-12-03,20191203,2016,TV-PG,,3
s6971,Highway to Heaven,TV Show,2016-11-01,20161101,1988,TV-PG,,5
s6972,Hinterland,TV Show,2017-08-01,20170801,2016,TV-14,,3
s6973,Hiroshima: The Real History,Movie,2017-03-31,20170331,2015,TV-PG,95,
s6974,Hisss,Movie,2017-12-01,20171201,2010,TV-MA,97,
s6975,Historia de un clan,TV Show,2017-01-13,20170113,2015,TV-MA,,1
s6976,History of Joy,Movie,2018-08-01,20180801,2017,TV-14,118,
s6977,History's Greatest Hoaxes,TV Show,2019-07-12,20190712,2016,TV-PG,,1
s6978,Hitch,Movie,2020-01-01,20200101,2005,PG-13,118,
s6979,Hitler's Olympics,Movie,2016-08-01,20160801,2016,TV-PG,44,
s6980,Hitler's Steel Beast,Movie,2017-11-01,20171101,2017,TV-14,54,
s6981,Ho Mann Jahaan,Movie,2017-07-01,20170701,2015,TV-PG,170,
s6982,Hogie the Globehopper,TV Show,2017-08-01,20170801,2016,TV-Y,,1
s6983,Hokkabaz,Movie,2017-03-10,20170310,2006,TV-MA,118,
s6984,Holding the Man,Movie,2016-08-01,20160801,2015,TV-MA,128,
s6985,Holidays,Movie,2016-07-15,20160715,2016,TV-MA,106,
s6986,Holy Hell,Movie,2016-09-01,20160901,2016,NR,103,
s6987,Holy Man 2,Movie,2018-07-30,20180730,2008,TV-14,92,
s6988,Holy Man 3,Movie,2018-07-30,20180730,2010,TV-MA,102,
s6989,Hombanna,Movie,2018-05-01,20180501,2017,TV-14,126,
s6990,Homeland,Movie,2019-10-15,20191015,2019,TV-PG,73,
s6991,Honey 2,Movie,2019-10-01,20191001,2011,PG-13,111,
s6992,Honey: Rise Up and Dance,Movie,2018-04-03,20180403,2018,PG-13,100,
s6993,Hoodwinked Too! Hood vs. Evil,Movie,2018-11-03,20181103,2011,PG,86,
s6994,Hope Aur Hum,Movie,2018-09-01,20180901,2018,TV-14,95,
s6995,Hope Springs Eternal,Movie,2018-11-08,20181108,2018,PG,79,
s6996,Hope: One in a Billion,Movie,2019-12-15,20191215,2017,TV-14,81,
s6997,Hormones,TV Show,2018-06-30,20180630,2015,TV-MA,,3
s6998,Horns,Movie,2019-08-01,20190801,2013,R,120,
s6999,Horror Homes,TV Show,2019-10-02,20191002,2016,TV-14,,1
s7000,Horror Story,Movie,2019-04-12,20190412,2013,TV-14,85,
s7001,Hostage to the Devil,Movie,2017-01-15,20170115,2016,TV-14,96,
s7002,Hostages,Movie,2018-01-29,20180129,2017,TV-PG,91,
s7003,Hostiles,Movie,2018-08-15,20180815,2017,R,134,
s7004,Hot Bot,Movie,2016-03-01,20160301,2016,NR,93,
s7005,Hot Property,Movie,2017-08-13,20170813,2016,TV-MA,82,
s7006,Hot Rod,Movie,2019-11-20,20191120,2007,PG-13,88,
s7007,Hotel Beau Séjour,TV Show,2017-03-16,20170316,2017,TV-14,,1
s7008,Hotel Pacific,Movie,2019-10-01,20191001,1975,TV-MA,96,
s7009,Hotel Transylvania 3: Summer Vacation,Movie,2019-01-24,20190124,2018,PG,97,
s7010,House at the End of the Street,Movie,2020-05-08,20200508,2012,PG-13,101,
s7011,House of Z,Movie,2018-01-06,20180106,2016,TV-14,88,
s7012,"Houston, We Have a Problem!",Movie,2017-07-20,20170720,2016,TV-14,84,
s7013,How the Beatles Changed the World,Movie,2018-02-01,20180201,2017,TV-PG,110,
s7014,How the Grinch Stole Christmas,Movie,2017-06-01,20170601,2000,PG,105,
s7015,How to Be a Latin Lover,Movie,2019-11-01,20191101,2017,PG-13,116,
s7016,How to Be a Player,Movie,2019-11-01,20191101,1997,R,94,
s7017,How to Change the World,Movie,2016-01-01,20160101,2015,NR,110,
s7018,How to Live Mortgage Free with Sarah Beeny,TV Show,2018-09-15,20180915,2018,TV-MA,,1
s7019,How to Make an American Quilt,Movie,2018-04-01,20180401,1995,PG-13,116,
s7020,How to Win the US Presidency,Movie,2016-08-01,20160801,2016,TV-PG,51,
s7021,Hridaynath,Movie,2018-01-01,20180101,2012,TV-14,103,
s7022,Hulk Vs.,Movie,2020-06-01,20200601,2009,PG-13,83,
s7023,Hum Saath-Saath Hain,Movie,2018-01-01,20180101,1999,TV-G,176,
s7024,Humko Deewana Kar Gaye,Movie,2017-10-22,20171022,2006,TV-PG,149,
s7025,Humsafar,TV Show,2016-12-15,20161215,2011,TV-PG,,1
s7026,Hungerford,Movie,2018-06-23,20180623,2014,TV-MA,79,
s7027,Hunt to Kill,Movie,2020-01-01,20200101,2010,R,97,
s7028,Hunter's Prayer,Movie,2019-10-22,20191022,2015,R,91,
s7029,Hunters of the South Seas,TV Show,2019-02-01,20190201,2015,TV-14,,1
s7030,Huntik: Secrets and Seekers,TV Show,2018-01-01,20180101,2011,TV-Y7,,2
s7031,Hurricane Bianca,Movie,2017-01-01,20170101,2016,TV-MA,85,
s7032,Hurricane Bianca: From Russia With Hate,Movie,2018-08-15,20180815,2018,TV-MA,85,
s7033,Hustle & Flow,Movie,2019-12-01,20191201,2005,R,117,
s7034,Hyori's Bed & Breakfast,TV Show,2018-03-29,20180329,2018,TV-14,,2
s7035,Hypersomnia,Movie,2017-06-08,20170608,2016,TV-MA,84,
s7036,I Am,Movie,2019-03-04,20190304,2010,TV-MA,106,
s7037,I Am Bolt,Movie,2017-10-01,20171001,2016,PG,107,
s7038,I Am Jane Doe,Movie,2017-05-26,20170526,2017,TV-14,98,
s7039,I Am Maris,Movie,2019-04-01,20190401,2018,TV-14,54,
s7040,I Am Me!,TV Show,2017-03-03,20170303,2016,TV-14,,1
s7041,I Am Not Madame Bovary,Movie,2017-09-02,20170902,2016,TV-14,139,
s7042,I Am Sun Mu,Movie,2017-02-01,20170201,2015,NR,88,
s7043,I Am Vengeance,Movie,2018-12-22,20181222,2018,R,93,
s7044,I Am Wrath,Movie,2019-09-16,20190916,2016,R,91,
s7045,I Don't Know How She Does It,Movie,2019-03-23,20190323,2011,PG-13,89,
s7046,I Dream Of Dance,Movie,2019-01-31,20190131,2017,TV-14,106,
s7047,I Fine... Thank You... Love You,Movie,2018-09-05,20180905,2014,TV-14,116,
s7048,"I, Daniel Blake",Movie,2019-04-19,20190419,2016,R,100,
s7049,I'll See You in My Dreams,Movie,2019-10-22,20191022,2015,PG-13,96,
s7050,I'm in Love with a Church Girl,Movie,2017-10-01,20171001,2013,PG,119,
s7051,I'm Sorry,TV Show,2019-09-13,20190913,2019,TV-MA,,2
s7052,Ice Guardians,Movie,2017-10-01,20171001,2016,TV-MA,108,
s7053,Iceman,Movie,2018-01-23,20180123,2014,R,104,
s7054,Ideachi Kalpana,Movie,2018-01-01,20180101,2010,TV-14,124,
s7055,Idiotest,TV Show,2018-12-15,20181215,2014,TV-PG,,1
s7056,Igor,Movie,2019-09-01,20190901,2008,PG,87,
s7057,Iliza Shlesinger: War Paint,Movie,2013-09-01,20130901,2013,NR,75,
s7058,Imagine That,Movie,2019-12-07,20191207,2009,PG,108,
s7059,Immoral Tales,Movie,2019-06-06,20190606,1974,UR,103,
s7060,In Between,TV Show,2017-01-01,20170101,2012,TV-14,,1
s7061,In Search of Fellini,Movie,2018-03-19,20180319,2017,R,103,
s7062,In The Deep,Movie,2018-01-10,20180110,2017,PG-13,89,
s7063,Incir Receli 2,Movie,2017-03-10,20170310,2014,TV-14,103,
s7064,Incoming,Movie,2018-10-26,20181026,2019,TV-MA,89,
s7065,Incomplete,Movie,2017-04-08,20170408,2017,TV-MA,119,
s7066,Inconceivable,Movie,2018-03-01,20180301,2017,R,106,
s7067,Incorruptible,Movie,2017-09-01,20170901,2015,TV-MA,90,
s7068,Incredibles 2 (Spanish Version),Movie,2019-02-08,20190208,2018,PG,118,
s7069,INDIA,Movie,2017-02-17,20170217,2014,NR,95,
s7070,India: Nature's Wonderland,TV Show,2017-03-01,20170301,2015,TV-PG,,1
s7071,Indiana Jones and the Kingdom of the Crystal Skull,Movie,2019-01-01,20190101,2008,PG-13,123,
s7072,Indiana Jones and the Last Crusade,Movie,2019-01-01,20190101,1989,PG-13,127,
s7073,Indiana Jones and the Raiders of the Lost Ark,Movie,2019-01-01,20190101,1981,PG,116,
s7074,Indiana Jones and the Temple of Doom,Movie,2019-01-01,20190101,1984,PG,119,
s7075,Indiscretion,Movie,2017-02-01,20170201,2016,TV-MA,99,
s7076,Inequality for All,Movie,2018-08-29,20180829,2013,PG,90,
s7077,Influx,Movie,2018-04-01,20180401,2016,TV-PG,90,
s7078,Inglourious Basterds,Movie,2019-07-22,20190722,2009,R,153,
s7079,Inkheart,Movie,2019-07-01,20190701,2008,PG,106,
s7080,Insan,Movie,2018-03-01,20180301,2005,TV-14,141,
s7081,Inside The Freemasons,TV Show,2018-09-15,20180915,2017,TV-MA,,1
s7082,Inside the Mind of a Serial Killer,TV Show,2019-07-01,20190701,2015,TV-14,,1
s7083,Inside the Mossad,TV Show,2019-01-29,20190129,2017,TV-14,,1
s7084,Inst@famous,TV Show,2018-12-31,20181231,2018,TV-MA,,1
s7085,Instructions Not Included,Movie,2020-01-01,20200101,2013,PG-13,122,
s7086,Intelligence,TV Show,2017-07-19,20170719,2007,TV-MA,,2
s7087,Internet Famous,Movie,2016-07-21,20160721,2016,TV-14,87,
s7088,Into the Forest,Movie,2018-11-07,20181107,2015,R,102,
s7089,Inuyasha the Movie - L'isola del fuoco scarlatto,Movie,2017-09-01,20170901,2004,TV-PG,88,
s7090,Inuyasha the Movie - La spada del dominatore del mondo,Movie,2017-09-01,20170901,2003,TV-14,99,
s7091,InuYasha: The Movie 2: The Castle Beyond the Looking Glass,Movie,2017-09-01,20170901,2002,TV-14,99,
s7092,Invictus,Movie,2019-11-01,20191101,2009,PG-13,134,
s7093,Invisible Essence: The Little Prince,Movie,2019-01-14,20190114,2018,TV-PG,91,
s7094,Inxeba,Movie,2018-02-01,20180201,2017,TV-MA,88,
s7095,Iqbal,Movie,2018-03-01,20180301,2006,TV-Y7,127,
s7096,Irada Pakka,Movie,2018-03-15,20180315,2010,TV-14,137,
s7097,Iron Cowboy: The Story of the 50.50.50,Movie,2019-07-19,20190719,2018,TV-14,77,
s7098,Iron Man & Captain America: Heroes United,Movie,2014-10-12,20141012,2014,PG,71,
s7099,Iron Man: Armored Adventures,TV Show,2020-08-01,20200801,2011,TV-Y7,,2
s7100,Ishqedarriyaan,Movie,2018-03-01,20180301,2015,TV-14,130,
s7101,Islands of the Future,TV Show,2017-03-01,20170301,2014,TV-PG,,1
s7102,마녀사냥,TV Show,2018-02-19,20180219,2015,TV-MA,,1
s7103,Issaq,Movie,2018-03-01,20180301,2013,TV-MA,140,
s7104,It Takes Two,Movie,2019-11-20,20191120,1995,PG,101,
s7105,It's Fine,Movie,2019-05-03,20190503,2012,TV-14,101,
s7106,It's Now or Never,Movie,2016-03-01,20160301,2015,TV-MA,91,
s7107,"It's Okay, Buddy",Movie,2019-06-06,20190606,2017,TV-14,84,
s7108,Iverson,Movie,2016-04-01,20160401,2014,NR,88,
s7109,최강전사 미니특공대 : 영웅의 탄생,Movie,2018-09-01,20180901,2018,TV-Y7,68,
s7110,Jaan-E-Mann: Let's Fall in Love... Again,Movie,2019-12-31,20191231,2006,TV-14,163,
s7111,Jack and the Cuckoo-Clock Heart,Movie,2017-02-08,20170208,2013,PG,93,
s7112,Jack of all Trades,Movie,2019-07-16,20190716,2018,TV-MA,86,
s7113,Jack Taylor,TV Show,2013-03-31,20130331,2016,TV-MA,,1
s7114,Jackie Brown,Movie,2019-08-01,20190801,1997,R,154,
s7115,Jackpot,Movie,2018-10-06,20181006,2015,TV-14,92,
s7116,Jail,Movie,2019-12-31,20191231,2009,TV-14,132,
s7117,Jake's Buccaneer Blast,Movie,2017-08-06,20170806,2014,TV-Y,22,
s7118,Jal,Movie,2017-10-15,20171015,2013,TV-14,132,
s7119,Jalpari: The Desert Mermaid,Movie,2018-05-19,20180519,2012,TV-14,94,
s7120,Janaan,Movie,2017-09-15,20170915,2016,TV-14,132,
s7121,Japanese Style Originator,TV Show,2017-05-01,20170501,2008,TV-G,,1
s7122,Jay and Silent Bob Strike Back,Movie,2019-01-01,20190101,2001,R,105,
s7123,Jealousy and medicine,Movie,2019-10-01,20191001,1973,TV-MA,97,
s7124,Jeopardy!,TV Show,2020-12-18,20201218,2019,TV-G,,2
s7125,Jeremy Scott: The People's Designer,Movie,2016-04-01,20160401,2015,PG-13,109,
s7126,Jericho,TV Show,2017-08-16,20170816,2008,TV-14,,2
s7127,Jersey Boys,Movie,2019-01-01,20190101,2014,R,134,
s7128,Jesus: Countdown to Calvary,Movie,2019-04-01,20190401,2018,TV-14,53,
s7129,Jewel's Catch One,Movie,2018-05-01,20180501,2016,TV-MA,84,
s7130,Jhansi Ki Rani,TV Show,2017-06-01,20170601,2009,TV-14,,1
s7131,Jimi Hendrix,Movie,2019-11-01,20191101,1973,R,102,
s7132,JingleKids,TV Show,2019-04-01,20190401,2017,TV-Y7,,1
s7133,Jiro Dreams of Sushi,Movie,2019-06-05,20190605,2011,PG,79,
s7134,Jis Desh Men Ganga Behti Hai,Movie,2019-12-31,20191231,1960,TV-14,181,
s7135,Joe Cocker: Mad Dog with Soul,Movie,2017-04-01,20170401,2017,TV-14,90,
s7136,John & Jane,Movie,2016-08-15,20160815,2005,TV-14,79,
s7137,John Carter,Movie,2019-05-02,20190502,2012,PG-13,133,
s7138,John Day,Movie,2019-12-31,20191231,2013,TV-MA,125,
s7139,John Mellencamp: Plain Spoken,Movie,2018-02-01,20180201,2017,TV-MA,80,
s7140,Jonathan,Movie,2019-04-16,20190416,2018,TV-MA,101,
s7141,Jonathan Strange & Mr Norrell,TV Show,2016-08-25,20160825,2015,TV-14,,1
s7142,Jora 10 Numbaria,Movie,2018-01-01,20180101,2017,TV-MA,135,
s7143,Juana Brava,TV Show,2017-03-20,20170320,2015,TV-MA,,1
s7144,Juana Inés,TV Show,2017-01-27,20170127,2016,TV-14,,1
s7145,Judwaa,Movie,2019-12-31,20191231,1997,TV-14,133,
s7146,Judy Moody and the Not Bummer Summer,Movie,2019-08-08,20190808,2011,PG,91,
s7147,Jugaad,Movie,2018-09-15,20180915,2017,TV-14,52,
s7149,Julius Jr.,TV Show,2015-11-03,20151103,2014,TV-Y,,2
s7150,Jumping the Broom,Movie,2020-11-01,20201101,2011,PG-13,113,
s7151,Junebug,Movie,2019-03-01,20190301,2005,R,107,
s7152,Jupiter Ascending,Movie,2019-08-01,20190801,2015,PG-13,128,
s7153,Just Friends,Movie,2019-09-01,20190901,2005,PG-13,94,
s7154,"Justice, My Foot!",Movie,2018-08-31,20180831,1992,TV-14,95,
s7155,Justin Bieber: Never Say Never,Movie,2018-01-01,20180101,2011,G,106,
s7156,K,TV Show,2016-12-01,20161201,2012,TV-MA,,1
s7157,K-19: The Widowmaker,Movie,2019-11-21,20191121,2002,PG-13,138,
s7158,Kaçak,TV Show,2016-12-26,20161226,2013,TV-14,,1
s7159,Kaabil,Movie,2017-06-25,20170625,2017,TV-14,139,
s7160,Kaakan,Movie,2018-03-01,20180301,2015,TV-PG,132,
s7161,Kaalia,Movie,2019-12-31,20191231,1981,TV-14,173,
s7162,Kaaliyan,Movie,2018-08-01,20180801,2017,TV-PG,105,
s7163,Kabali (Hindi Version),Movie,2017-12-15,20171215,2016,TV-MA,148,
s7164,Kacche Dhaagey,Movie,2017-11-01,20171101,2016,TV-14,120,
s7165,Kahlil Gibran's The Prophet,Movie,2017-10-01,20171001,2014,PG,85,
s7166,Kajraare,Movie,2017-10-22,20171022,2010,TV-14,113,
s7167,Kaleidoscope,Movie,2018-05-08,20180508,2016,TV-MA,99,
s7168,Kalki,Movie,2018-03-01,20180301,2017,TV-14,41,
s7169,Kanika,Movie,2018-03-01,20180301,2017,TV-14,110,
s7170,Karzzzz,Movie,2017-10-22,20171022,2008,TV-14,137,
s7171,Kate & Leopold,Movie,2020-01-01,20200101,2001,PG-13,118,
s7172,Katha,Movie,2019-12-31,20191231,1982,TV-PG,140,
s7173,Katt Williams: Live,Movie,2018-07-19,20180719,2006,NR,85,
s7174,Kaviyude Osyath,Movie,2018-07-01,20180701,2017,TV-14,116,
s7175,Kay Dyache Bola,Movie,2018-01-01,20180101,2005,TV-14,133,
s7176,Ken Burns: The Civil War,TV Show,2017-02-22,20170222,1990,TV-14,,1
s7177,Ken Burns: The Roosevelts: An Intimate History,TV Show,2017-02-22,20170222,2014,TV-PG,,1
s7178,Ken Burns: The West,TV Show,2017-03-14,20170314,1996,TV-PG,,1
s7179,Kevin Hart: Laugh at My Pain,Movie,2018-10-01,20181001,2011,R,89,
s7180,Kevin Hart: Let Me Explain,Movie,2018-07-13,20180713,2013,R,75,
s7181,Kevin Hart: Seriously Funny,Movie,2018-10-01,20181001,2010,TV-MA,67,
s7182,Kevyn Aucoin: Beauty & the Beast in Me,Movie,2019-01-01,20190101,2017,TV-MA,90,
s7183,Khaani,TV Show,2019-08-01,20190801,2017,TV-14,,1
s7184,Khalnayak,Movie,2018-03-01,20180301,1993,TV-14,170,
s7185,Khan: No. 1 Crime Hunter,TV Show,2018-05-01,20180501,2018,TV-14,,1
s7186,Khelti Hai Zindagi Aankh Micholi,TV Show,2017-04-01,20170401,2013,TV-14,,1
s7187,Khosla Ka Ghosla,Movie,2018-08-02,20180802,2006,TV-14,124,
s7188,Khotey Sikkey,TV Show,2018-03-15,20180315,2011,TV-14,,1
s7189,Khubsoorat,Movie,2019-12-31,20191231,1980,TV-PG,120,
s7190,Khushi,Movie,2018-03-01,20180301,2003,TV-14,157,
s7191,Kia and Cosmos,Movie,2019-05-01,20190501,2018,TV-14,124,
s7192,Kickboxer: Retaliation,Movie,2018-04-26,20180426,2017,R,110,
s7193,Kickboxer: Vengeance,Movie,2016-12-08,20161208,2016,TV-MA,90,
s7194,Kicking and Screaming,Movie,2019-11-04,20191104,1995,R,97,
s7195,Kid Kulafu,Movie,2019-03-04,20190304,2015,TV-14,108,
s7196,Kidnapping Mr. Heineken,Movie,2017-09-08,20170908,2015,R,95,
s7198,Kill Bill: Vol. 1,Movie,2020-01-01,20200101,2003,R,111,
s7199,Kill Bill: Vol. 2,Movie,2020-01-01,20200101,2004,R,137,
s7200,Kill Command,Movie,2017-02-23,20170223,2016,TV-MA,100,
s7201,Kill Hitler! The Luck of the Devil,Movie,2019-05-01,20190501,2015,TV-14,53,
s7202,Kill Ratio,Movie,2017-02-17,20170217,2016,TV-MA,87,
s7203,Kill the Irishman,Movie,2020-08-21,20200821,2011,R,106,
s7204,Killer Klowns from Outer Space,Movie,2020-04-01,20200401,1988,PG-13,86,
s7206,Kills on Wheels,Movie,2018-03-15,20180315,2016,TV-MA,103,
s7207,Kilo Two Bravo,Movie,2019-03-01,20190301,2014,R,109,
s7208,King Jack,Movie,2016-07-01,20160701,2015,NR,81,
s7209,King's Ransom,Movie,2019-11-01,20191101,2005,PG-13,98,
s7210,Kingdoms of the Sky,TV Show,2018-10-01,20181001,2018,TV-PG,,1
s7211,Kingpin,Movie,2020-01-01,20200101,1996,PG-13,114,
s7212,Kings,Movie,2018-10-29,20181029,2017,R,87,
s7213,Kis Kisko Pyaar Karoon,Movie,2017-11-01,20171101,2015,TV-PG,132,
s7214,Kiss the Girls,Movie,2020-01-01,20200101,1997,R,116,
s7215,Kiss The Series,TV Show,2019-05-26,20190526,2016,TV-14,,1
s7216,Kitten Rescuers,TV Show,2019-10-02,20191002,2017,TV-14,,1
s7217,KL Zombi,Movie,2017-08-21,20170821,2013,TV-14,92,
s7218,Knights of Sidonia,TV Show,2019-12-01,20191201,2015,TV-MA,,2
s7219,Knock Knock,Movie,2020-11-01,20201101,2015,R,99,
s7220,Know Your Enemy - Japan,Movie,2017-03-31,20170331,1945,TV-14,63,
s7221,Knowing,Movie,2019-10-01,20191001,2009,PG-13,121,
s7222,Koko: The Gorilla Who Talks,Movie,2017-03-01,20170301,2016,TV-G,56,
s7223,Kon Kon Kon,TV Show,2018-02-16,20180216,2014,TV-PG,,1
s7224,Kon-Tiki,Movie,2019-04-26,20190426,2012,PG-13,96,
s7225,Koshish,Movie,2019-12-31,20191231,1972,TV-14,115,
s7226,Kraftidioten,Movie,2017-01-05,20170105,2014,TV-MA,117,
s7227,Krish Trish and Baltiboy,Movie,2017-09-08,20170908,2009,TV-Y7,58,
s7228,Krish Trish and Baltiboy: Battle of Wits,Movie,2017-09-08,20170908,2013,TV-Y7,62,
s7229,Krish Trish and Baltiboy: Best Friends Forever,Movie,2017-09-08,20170908,2016,TV-Y,65,
s7230,Krish Trish and Baltiboy: Comics of India,Movie,2017-09-08,20170908,2012,TV-Y7,61,
s7231,Krish Trish and Baltiboy: Face Your Fears,Movie,2017-11-17,20171117,2017,TV-Y7,65,
s7232,Krish Trish and Baltiboy: Oversmartness Never Pays,Movie,2017-09-08,20170908,2017,TV-Y7,65,
s7233,Krish Trish and Baltiboy: Part II,Movie,2017-09-08,20170908,2010,TV-Y7,58,
s7234,Krish Trish and Baltiboy: The Greatest Trick,Movie,2017-09-08,20170908,2013,TV-Y7,60,
s7235,Krisha,Movie,2018-11-07,20181107,2015,R,81,
s7236,Krishna Balram,TV Show,2019-07-08,20190708,2019,TV-Y7,,1
s7237,Kristy,Movie,2015-10-31,20151031,2013,NR,85,
s7238,Krystal,Movie,2019-01-01,20190101,2017,R,93,
s7239,Kuldip Patwal: I Didn't Do It!,Movie,2019-12-31,20191231,2017,TV-MA,126,
s7240,Kung Fu Hustle,Movie,2020-04-01,20200401,2004,R,99,
s7241,Kung Fu Magoo,Movie,2018-08-01,20180801,2010,TV-Y7,79,
s7242,Kung Fu Panda: Holiday,Movie,2012-12-01,20121201,2010,TV-PG,26,
s7243,Kung Fu Yoga,Movie,2017-10-06,20171006,2017,TV-PG,107,
s7244,Kuppivala,Movie,2018-08-01,20180801,2017,TV-14,133,
s7245,Kurt & Courtney,Movie,2019-01-08,20190108,1998,R,95,
s7246,Kurt Seyit & Sura,TV Show,2016-12-26,20161226,2014,TV-14,,1
s7247,Kurtulus Son Durak,Movie,2017-03-10,20170310,2012,TV-MA,100,
s7248,Kya Kehna,Movie,2018-04-01,20180401,2000,TV-PG,149,
s7249,Kygo: Live at the Hollywood Bowl,Movie,2018-03-12,20180312,2017,TV-MA,52,
s7250,Kyun! Ho Gaya Na,Movie,2018-03-01,20180301,2004,TV-PG,165,
s7251,La Última Fiesta,Movie,2017-02-01,20170201,2016,TV-MA,104,
s7252,LA 92,Movie,2018-03-01,20180301,2017,R,114,
s7253,La Bamba,Movie,2020-01-01,20200101,1987,PG-13,109,
s7254,La Coppia dei Campioni,Movie,2017-02-15,20170215,2016,TV-MA,88,
s7256,La Femme,TV Show,2017-10-16,20171016,2016,TV-14,,1
s7257,La Piloto,TV Show,2018-04-02,20180402,2017,TV-MA,,1
s7258,La Rosa de Guadalupe,TV Show,2019-01-15,20190115,2010,TV-PG,,1
s7259,La Viuda Negra,TV Show,2019-01-15,20190115,2016,TV-14,,1
s7260,Laal Rang,Movie,2018-03-01,20180301,2016,TV-14,143,
s7261,Laddaland,Movie,2018-09-07,20180907,2011,TV-MA,112,
s7262,Lady Bloodfight,Movie,2017-08-05,20170805,2016,R,101,
s7263,Lady in the Water,Movie,2019-07-01,20190701,2006,PG-13,110,
s7264,Lady-Like,Movie,2019-01-18,20190118,2018,NC-17,83,
s7265,"Lady, la vendedora de rosas",TV Show,2018-04-01,20180401,2015,TV-14,,1
s7266,Lalbaug Parel: Zali Mumbai Sonyachi,Movie,2018-03-15,20180315,2010,TV-MA,145,
s7267,Land Girls,TV Show,2017-08-01,20170801,2011,TV-14,,3
s7268,Larceny,Movie,2017-09-15,20170915,2017,TV-14,87,
s7269,Last,TV Show,2017-05-22,20170522,2015,TV-14,,1
s7270,Last Ferry,Movie,2020-03-11,20200311,2019,TV-MA,86,
s7271,Last Knights,Movie,2019-08-01,20190801,2015,R,115,
s7272,Last Night,Movie,2019-01-01,20190101,2010,R,93,
s7273,Le K Benzema,Movie,2018-05-01,20180501,2017,TV-14,121,
s7274,Le serment des Hitler,Movie,2019-05-01,20190501,2014,TV-PG,54,
s7275,Leap Year,Movie,2019-11-15,20191115,2010,PG,100,
s7276,LeapFrog: Letter Factory,Movie,2020-04-15,20200415,2003,TV-Y,37,
s7277,LeapFrog: Numberland,Movie,2020-04-15,20200415,2011,TV-Y,33,
s7278,LeapFrog: Phonics Farm,Movie,2020-04-15,20200415,2011,TV-Y,35,
s7279,"LeapFrog: Sing-along, Read-along",Movie,2020-04-15,20200415,2011,TV-Y,32,
s7280,Learning Time with Timmy,TV Show,2020-05-15,20200515,2018,TV-Y,,1
s7281,Lechmi,Movie,2018-08-01,20180801,2017,TV-MA,147,
s7282,Left Behind,Movie,2018-12-26,20181226,2014,PG-13,110,
s7283,Legend of the Guardians: The Owls of Ga'Hoole,Movie,2020-01-01,20200101,2010,PG,97,
s7284,Legend of the Naga Pearls,Movie,2018-03-30,20180330,2017,TV-MA,108,
s7285,Legendary Weapons of China,Movie,2018-08-16,20180816,1982,TV-14,101,
s7286,Legends of Strength,TV Show,2019-01-18,20190118,2017,TV-PG,,1
s7287,Legion,Movie,2019-11-01,20191101,2010,R,100,
s7288,Lego Friends,TV Show,2019-02-01,20190201,2017,TV-G,,3
s7289,Lego Friends: Girls on a Mission,TV Show,2019-02-01,20190201,2018,TV-Y,,1
s7290,LEGO House - Home of the Brick,Movie,2018-06-15,20180615,2018,TV-G,48,
s7291,LEGO Ninjago: Masters of Spinjitzu: Day of the Departed,Movie,2019-02-01,20190201,2016,TV-Y7-FV,44,
s7292,Leo & Tig,TV Show,2018-08-20,20180820,2017,TV-Y,,1
s7293,Leo the Lion,Movie,2015-12-20,20151220,2013,TV-Y7-FV,78,
s7294,"Les Bleus - Une autre histoire de France, 1996-2016",Movie,2017-03-15,20170315,2016,TV-MA,103,
s7295,Let There Be Light,Movie,2017-03-31,20170331,1946,TV-PG,58,
s7296,Leyla and Mecnun,TV Show,2017-04-15,20170415,2014,TV-MA,,3
s7297,Lez Bomb,Movie,2019-02-07,20190207,2018,TV-14,90,
s7298,License to Drill: Louisiana,TV Show,2019-10-02,20191002,2014,TV-PG,,1
s7299,Life After Beth,Movie,2018-07-21,20180721,2014,R,89,
s7300,Life in the Doghouse,Movie,2019-06-01,20190601,2018,TV-PG,83,
s7301,Life on Location,TV Show,2015-04-22,20150422,2009,TV-G,,1
s7302,Life Story,TV Show,2016-06-20,20160620,2014,TV-14,,1
s7303,Lifechanger,Movie,2019-05-28,20190528,2018,TV-MA,84,
s7304,Lifeline,Movie,2018-08-16,20180816,1997,TV-14,104,
s7305,Like Arrows,Movie,2019-05-06,20190506,2018,TV-PG,99,
s7306,Like Water for Chocolate,Movie,2019-11-01,20191101,1992,R,105,
s7307,Lila & Eve,Movie,2016-02-06,20160206,2015,R,94,
s7308,Limmy's Show!,TV Show,2019-10-01,20191001,2012,TV-MA,,2
s7309,Lincoln,Movie,2018-02-21,20180221,2012,PG-13,150,
s7310,Lion's Heart,Movie,2019-05-09,20190509,2013,TV-14,111,
s7311,Listen Up! The Lives of Quincy Jones,Movie,2019-11-01,20191101,1990,TV-14,116,
s7312,Little Dragon Maiden,Movie,2018-08-01,20180801,1983,TV-14,92,
s7313,Little Lunch,TV Show,2018-02-01,20180201,2015,,,1
s7314,Little Lunch: The Halloween Horror Story,Movie,2018-03-15,20180315,2016,TV-Y7,23,
s7315,Little Lunch: The Nightmare Before Graduation,Movie,2018-03-15,20180315,2016,TV-Y7,25,
s7316,Little Men,Movie,2017-01-12,20170112,2016,PG,85,
s7317,Little Nicky,Movie,2020-12-01,20201201,2000,PG-13,90,
s7318,Little Singham aur Kaal ka Mahajaal,Movie,2018-12-01,20181201,2018,TV-Y7-FV,68,
s7319,Little Singham Bandarpur Mein Hu Ha Hu,Movie,2019-07-11,20190711,2019,TV-Y7,67,
s7320,Little Singham in London,Movie,2019-04-22,20190422,2019,TV-Y7,66,
s7321,Little Sister,Movie,2017-01-14,20170114,2016,NR,91,
s7322,Liv and Maddie,TV Show,2017-04-23,20170423,2017,TV-G,,4
s7323,Lizzie Borden Took an Ax,Movie,2016-07-25,20160725,2014,TV-14,87,
s7324,Lo and Behold: Reveries of the Connected World,Movie,2016-12-23,20161223,2016,PG-13,98,
s7325,Lo que la verdad esconde: El caso Asunta (Operacion Nenúfar),TV Show,2019-02-01,20190201,2017,TV-14,,1
s7326,Lo que la vida me robó,TV Show,2017-12-31,20171231,2013,TV-14,,1
s7327,"Lock, Stock and Two Smoking Barrels",Movie,2019-01-01,20190101,1998,R,108,
s7328,Locke,Movie,2018-07-15,20180715,2013,R,85,
s7329,Lockout,Movie,2020-05-07,20200507,2012,PG-13,95,
s7330,Loco Love,Movie,2017-07-30,20170730,2017,TV-MA,103,
s7331,Logan's Run,Movie,2019-11-01,20191101,1976,PG,118,
s7332,LoliRock,TV Show,2018-05-01,20180501,2016,TV-Y,,2
s7333,Lolita,Movie,2019-11-01,20191101,1962,R,153,
s7334,London Spy,TV Show,2017-03-31,20170331,2015,TV-MA,,1
s7335,Long Time Running,Movie,2017-11-12,20171112,2017,TV-14,96,
s7336,"Look Out, Officer",Movie,2018-08-16,20180816,1990,TV-14,88,
s7337,Look Who's Back,Movie,2016-04-09,20160409,2015,NR,116,
s7338,Lorai: Play to Live,Movie,2017-09-01,20170901,2015,TV-14,155,
s7339,Los 10 años de Peter Capusotto,TV Show,2018-06-29,20180629,2015,TV-MA,,1
s7340,Los Niños Héroes de Chapultepec,Movie,2017-12-15,20171215,2017,TV-14,88,
s7341,Los tiempos de Pablo Escobar,TV Show,2018-08-01,20180801,2012,TV-14,,1
s7342,Losing Sight of Shore,Movie,2017-05-01,20170501,2017,TV-14,92,
s7343,Lost Girl,TV Show,2016-04-17,20160417,2015,TV-14,,5
s7344,Love Cuisine,TV Show,2016-08-01,20160801,2015,TV-MA,,1
s7345,Love Dot Com: The Social Experiment,Movie,2020-02-17,20200217,2019,TV-MA,98,
s7346,Love In A Puff,Movie,2018-08-01,20180801,2010,TV-MA,103,
s7347,Love Ni Bhavai,Movie,2018-05-01,20180501,2017,TV-14,163,
s7348,Love on Delivery,Movie,2018-08-16,20180816,1994,TV-14,93,
s7349,Love Rain,TV Show,2018-05-01,20180501,2012,TV-PG,,1
s7350,Love Rhythms - Accidental Daddy,TV Show,2018-06-18,20180618,2016,TV-MA,,1
s7351,Love Shot,Movie,2019-07-15,20190715,2018,TV-MA,77,
s7352,Love Station,Movie,2019-04-25,20190425,2011,TV-14,97,
s7353,Love You... Love You Not,Movie,2019-01-05,20190105,2015,TV-14,115,
s7354,Love Your Garden,TV Show,2019-07-26,20190726,2013,TV-G,,1
s7355,"Love, Rosie",Movie,2019-11-20,20191120,2014,R,103,
s7356,LoveTrue,Movie,2017-05-07,20170507,2016,TV-MA,82,
s7357,Loving Annabelle,Movie,2018-07-01,20180701,2006,TV-MA,77,
s7358,Loving You,Movie,2018-08-16,20180816,1995,TV-14,79,
s7359,Lucha: Playing the Impossible,Movie,2018-07-15,20180715,2016,TV-PG,98,
s7360,Lucky Days,TV Show,2016-09-01,20160901,2010,TV-PG,,1
s7361,Lucky: No Time for Love,Movie,2017-11-15,20171115,2005,TV-14,131,
s7362,Lupt,Movie,2019-04-05,20190405,2018,TV-14,110,
s7363,Lusers,Movie,2016-07-15,20160715,2015,TV-MA,100,
s7364,Ma Chu Ka,Movie,2018-07-01,20180701,2017,TV-14,117,
s7365,Maacher Jhol,Movie,2018-01-01,20180101,2017,TV-PG,107,
s7366,Mac & Devin Go to High School,Movie,2016-04-20,20160420,2012,R,76,
s7367,Macchli Jal Ki Rani Hai,Movie,2017-10-15,20171015,2014,TV-MA,118,
s7368,Mad Max,Movie,2020-08-01,20200801,1979,R,93,
s7369,Mad Men,TV Show,2015-03-22,20150322,2014,TV-14,,7
s7370,Mad Money,Movie,2019-11-01,20191101,2008,PG-13,99,
s7372,Mad World,Movie,2018-09-20,20180920,2016,TV-MA,102,
s7373,Madaari,Movie,2017-02-17,20170217,2016,TV-14,134,
s7374,Maddman: The Steve Madden Story,Movie,2018-01-01,20180101,2017,TV-MA,78,
s7375,Madre,Movie,2017-08-26,20170826,2016,TV-MA,95,
s7376,Maggie & Bianca: Fashion Friends,TV Show,2019-03-31,20190331,2017,TV-Y7,,1
s7377,Magi: Adventure of Sinbad,TV Show,2016-07-14,20160714,2016,TV-14,,1
s7378,Magic Snowflake,Movie,2015-12-20,20151220,2013,TV-Y,73,
s7379,Magnetic,Movie,2020-06-12,20200612,2018,TV-14,110,
s7380,Magnus,Movie,2017-02-22,20170222,2016,TV-PG,75,
s7381,Mahabharat,Movie,2018-08-01,20180801,2013,TV-14,119,
s7382,Maharakshak Devi,TV Show,2017-04-15,20170415,2015,TV-14,,1
s7383,Maharakshak: Aryan,TV Show,2017-04-01,20170401,2014,TV-14,,1
s7384,Mahi Way,TV Show,2018-03-01,20180301,2010,TV-14,,1
s7385,Mahjong Heroes,Movie,2018-08-16,20180816,1981,TV-PG,92,
s7386,Mahmut & Meryem,TV Show,2016-12-26,20161226,2013,TV-14,,1
s7387,Maine Pyaar Kyun Kiya,Movie,2019-12-31,20191231,2005,TV-14,137,
s7388,Maine Pyar Kiya,Movie,2018-01-01,20180101,1989,TV-PG,192,
s7389,Mala Kahich Problem Nahi,Movie,2018-11-15,20181115,2017,TV-PG,132,
s7390,Malicious,Movie,2019-02-01,20190201,2018,TV-MA,91,
s7391,Man of Tai Chi,Movie,2018-07-26,20180726,2013,R,105,
s7392,Man Up,Movie,2018-09-04,20180904,2015,R,88,
s7393,Man vs Wild with Sunny Leone,TV Show,2018-12-01,20181201,2018,TV-PG,,1
s7394,Mandi,Movie,2020-01-01,20200101,1983,TV-MA,155,
s7395,Mandobasar Galpo,Movie,2018-04-01,20180401,2017,TV-14,103,
s7396,Manglehorn,Movie,2017-04-16,20170416,2014,PG-13,97,
s7397,Mango Dreams,Movie,2018-03-15,20180315,2016,TV-14,92,
s7398,Manhattan Romance,Movie,2017-09-08,20170908,2014,TV-14,98,
s7399,Manolo: The Boy Who Made Shoes for Lizards,Movie,2018-01-15,20180115,2017,TV-MA,89,
s7400,Mansfield Park,Movie,2020-01-01,20200101,1999,PG-13,112,
s7401,Mantostaan,Movie,2017-12-15,20171215,2017,TV-MA,75,
s7402,Mantra,Movie,2017-12-15,20171215,2017,TV-14,89,
s7403,Mara,Movie,2019-01-05,20190105,2017,TV-MA,99,
s7404,Marauders,Movie,2020-12-01,20201201,2016,R,107,
s7405,Marching Orders,TV Show,2018-08-03,20180803,2018,TV-14,,1
s7406,Mark Gatiss: A Study in Sherlock,Movie,2016-05-01,20160501,2016,TV-14,29,
s7408,Maroon,Movie,2017-02-01,20170201,2016,TV-MA,94,
s7409,Married at First Sight,TV Show,2020-04-13,20200413,2019,TV-14,,1
s7410,Mars,TV Show,2019-11-01,20191101,2018,TV-PG,,2
s7411,Martial Arts of Shaolin,Movie,2018-08-16,20180816,1986,R,90,
s7412,Martin Lawrence Live: Runteldat,Movie,2019-12-01,20191201,2002,R,104,
s7413,Martin Luther: The Idea that Changed the World,Movie,2018-01-01,20180101,2017,TV-PG,55,
s7414,Martyrs of Marriage,Movie,2018-03-15,20180315,2016,TV-14,83,
s7415,Marvel & ESPN Films Present: 1 of 1: Genesis,Movie,2015-03-15,20150315,2014,TV-PG,77,
s7416,Marvel's Iron Man & Hulk: Heroes United,Movie,2014-02-16,20140216,2013,PG,72,
s7417,Mary and the Witch's Flower,Movie,2018-07-17,20180717,2017,PG,103,
s7418,Mary Poppins Returns,Movie,2019-07-09,20190709,2018,PG,131,
s7419,Mary Portas: Secret Shopper,TV Show,2019-07-26,20190726,2016,TV-14,,1
s7420,Masoom,Movie,2019-12-31,20191231,1983,TV-14,138,
s7421,Master,Movie,2018-02-01,20180201,2016,NR,143,
s7422,Mater,Movie,2018-08-01,20180801,2017,TV-MA,80,
s7423,Matichya Chuli,Movie,2018-02-15,20180215,2006,TV-14,132,
s7424,Max Rose,Movie,2017-01-15,20170115,2013,TV-14,84,
s7425,May We Chat,Movie,2018-08-26,20180826,2014,TV-MA,99,
s7426,May You Prosper,Movie,2019-07-20,20190720,2017,TV-14,93,
s7427,Maya Angelou: And Still I Rise,Movie,2017-05-01,20170501,2016,TV-PG,114,
s7428,Maynard,Movie,2018-09-02,20180902,2017,TV-PG,100,
s7429,Maza Pati Karodpati,Movie,2018-01-01,20180101,1988,TV-PG,132,
s7430,Me and the Alien,Movie,2017-02-14,20170214,2016,TV-MA,83,
s7431,Mean Dreams,Movie,2019-07-01,20190701,2016,R,105,
s7432,Mean Streets,Movie,2019-07-01,20190701,1973,R,112,
s7433,Meditation Park,Movie,2018-03-09,20180309,2017,TV-PG,94,
s7434,Medium,Movie,2019-10-01,20191001,1985,TV-MA,90,
s7435,Meet the Trumps: From Immigrant to President,Movie,2017-10-25,20171025,2017,TV-14,48,
s7436,Mega Food,TV Show,2019-07-12,20190712,2013,TV-G,,1
s7437,MegaTruckers,TV Show,2019-07-12,20190712,2012,TV-PG,,1
s7438,Melle,Movie,2018-08-01,20180801,2017,TV-PG,110,
s7439,Melodies of Life - Born This Way,TV Show,2019-06-21,20190621,2016,TV-14,,1
s7440,Melvin Goes to Dinner,Movie,2018-07-01,20180701,2003,R,84,
s7441,Memoir of a Murderer,Movie,2018-02-19,20180219,2017,TV-MA,118,
s7442,Memory Games,Movie,2019-06-19,20190619,2018,TV-14,86,
s7443,Men in Black,Movie,2019-10-19,20191019,1997,PG-13,98,
s7444,Men in Black II,Movie,2019-10-01,20191001,2002,PG-13,88,
s7445,Menorca,Movie,2017-08-27,20170827,2016,TV-MA,81,
s7446,Merantau,Movie,2019-02-13,20190213,2009,R,112,
s7447,Mere Papa Hero Hiralal,TV Show,2018-05-01,20180501,2018,TV-14,,1
s7448,Merlí,TV Show,2016-12-01,20161201,2015,TV-MA,,1
s7449,Merry Men: The Real Yoruba Demons,Movie,2019-09-21,20190921,2018,TV-MA,106,
s7450,Mexico Diseña,TV Show,2017-02-01,20170201,2016,TV-PG,,1
s7451,Mi Shivajiraje Bhosale Boltoy,Movie,2018-01-01,20180101,2009,TV-14,148,
s7452,MI-5,Movie,2019-08-01,20190801,2015,R,105,
s7453,Middle School: The Worst Years of My Life,Movie,2019-03-03,20190303,2016,PG,92,
s7454,Midnight Misadventures With Mallika Dua,TV Show,2019-04-01,20190401,2018,TV-14,,1
s7455,Midnight Special,Movie,2020-09-07,20200907,2016,PG-13,112,
s7456,Mighty Morphin Alien Rangers,TV Show,2016-01-01,20160101,1996,TV-Y7,,1
s7457,Milk,Movie,2017-02-16,20170216,2008,R,128,
s7458,Mini Wolf,TV Show,2018-09-16,20180916,2014,TV-G,,2
s7459,Minnaminugu the FireFly,Movie,2018-08-01,20180801,2017,TV-14,128,
s7460,Minute to Win It,TV Show,2018-12-15,20181215,2013,TV-PG,,1
s7461,Miracle,Movie,2018-06-01,20180601,2004,PG,136,
s7462,Mirror Mirror,Movie,2020-04-24,20200424,2012,PG,106,
s7463,Mirzya,Movie,2017-02-20,20170220,2016,TV-MA,129,
s7464,Miss Dynamite,TV Show,2018-05-05,20180505,2015,TV-14,,1
s7465,Miss Hokusai,Movie,2017-10-01,20171001,2015,PG-13,90,
s7466,Miss Julie,Movie,2015-09-02,20150902,2014,PG-13,130,
s7467,Miss Me This Christmas,Movie,2017-12-19,20171219,2017,TV-14,85,
s7468,Miss Representation,Movie,2017-10-20,20171020,2011,NR,90,
s7469,Miss Rose,TV Show,2016-08-01,20160801,2015,TV-MA,,1
s7470,Miss Sharon Jones!,Movie,2017-01-07,20170107,2015,TV-MA,94,
s7471,Miss Stevens,Movie,2016-12-19,20161219,2016,NR,86,
s7472,Mission Control: The Unsung Heroes of Apollo,Movie,2017-08-13,20170813,2017,TV-14,100,
s7473,Mission of Honor,Movie,2019-07-29,20190729,2018,TV-MA,107,
s7474,Mission: Destroy Love,Movie,2017-08-07,20170807,2014,TV-PG,93,
s7475,Mississippi Grind,Movie,2018-07-26,20180726,2015,R,109,
s7476,Moh Maya Money,Movie,2017-05-01,20170501,2016,TV-MA,109,
s7477,Mohawk,Movie,2018-06-30,20180630,2017,TV-MA,92,
s7478,Mojave,Movie,2018-07-26,20180726,2015,R,93,
s7479,Mokalik (Mechanic),Movie,2019-09-01,20190901,2019,TV-14,100,
s7480,Molly's Game,Movie,2020-04-01,20200401,2017,R,141,
s7481,Momo Salon,TV Show,2017-07-01,20170701,2014,TV-14,,1
s7482,Mona Lisa Smile,Movie,2019-01-01,20190101,2003,PG-13,119,
s7483,Money,Movie,2017-10-15,20171015,2016,R,84,
s7484,Money for Nothing,TV Show,2019-07-12,20190712,2015,TV-PG,,1
s7485,Money Talks,Movie,2019-11-01,20191101,1997,R,96,
s7486,Monkey Planet,TV Show,2017-03-31,20170331,2014,TV-PG,,1
s7487,Monkey Up,Movie,2016-03-19,20160319,2016,PG,83,
s7488,Monopoly (The Bank Of Luck),Movie,2019-06-15,20190615,2017,TV-MA,117,
s7489,Monster Family,Movie,2018-04-04,20180404,2017,PG,93,
s7490,Monster High 13 Wishes,Movie,2018-03-01,20180301,2013,TV-Y7,73,
s7491,"Monster High: Boo York, Boo York",Movie,2015-09-29,20150929,2015,TV-Y7,72,
s7492,Monster High: Escape from Skull Shores,Movie,2018-01-01,20180101,2012,TV-Y7,46,
s7493,Monster High: Freaky Fusion,Movie,2018-01-30,20180130,2014,TV-Y7,74,
s7494,Monster High: Friday Night Frights,Movie,2018-01-01,20180101,2013,TV-Y7,46,
s7495,Monster High: Fright On!,Movie,2018-01-01,20180101,2011,TV-Y7,46,
s7496,"Monster High: Frights, Camera, Action!",Movie,2018-01-01,20180101,2014,TV-Y7,74,
s7497,Monster High: Ghouls Rule,Movie,2018-03-01,20180301,2012,TV-Y7,71,
s7498,Monster High: Great Scarrier Reef,Movie,2017-10-01,20171001,2016,TV-Y7,72,
s7499,Monster High: Haunted,Movie,2018-03-24,20180324,2015,TV-Y7,76,
s7500,Monster High: New Ghoul at School,Movie,2017-10-01,20171001,2010,TV-Y7,23,
s7501,"Monster High: Scaris, City of Frights",Movie,2015-07-07,20150707,2013,TV-G,60,
s7502,Monster High: Why Do Ghouls Fall in Love?,Movie,2018-01-01,20180101,2013,TV-Y7,46,
s7503,Monster Math Squad,TV Show,2020-05-15,20200515,2012,TV-Y,,2
s7504,Monster-in-Law,Movie,2020-01-01,20200101,2005,PG-13,101,
s7505,Monty Don's French Gardens,TV Show,2019-07-26,20190726,2013,TV-G,,1
s7506,Monty Don's Italian Gardens,TV Show,2019-07-26,20190726,2011,TV-G,,1
s7507,Moon,Movie,2020-01-01,20200101,2009,R,97,
s7508,Moonlight,Movie,2019-05-21,20190521,2016,R,111,
s7509,Moonwalkers,Movie,2017-09-08,20170908,2015,R,96,
s7510,Moor,Movie,2017-11-01,20171101,2015,TV-14,135,
s7511,Morris from America,Movie,2018-11-01,20181101,2016,R,91,
s7512,Mortified Nation,Movie,2018-02-01,20180201,2013,TV-MA,84,
s7513,Morya,Movie,2018-02-15,20180215,2011,TV-14,121,
s7514,Motu Patlu: King of Kings,Movie,2017-07-06,20170706,2016,TV-Y7-FV,109,
s7515,Mountain,Movie,2018-10-01,20181001,2017,PG,74,
s7516,Movie 43,Movie,2019-04-09,20190409,2013,R,94,
s7517,Mr. Church,Movie,2018-12-22,20181222,2016,PG-13,105,
s7518,Mr. Deeds,Movie,2020-08-01,20200801,2002,PG-13,97,
s7519,Mr. Gaga: A True Story of Love and Dance,Movie,2017-06-15,20170615,2015,TV-14,102,
s7520,Mr. Virgin,Movie,2018-08-16,20180816,1984,TV-14,86,
s7521,Mr. Woodcock,Movie,2019-09-01,20190901,2007,PG-13,88,
s7522,Mr. Young,TV Show,2019-04-16,20190416,2013,TV-G,,2
s7523,Ms. Mammy,Movie,2019-06-06,20190606,2012,TV-14,90,
s7525,Mujhse Shaadi Karogi,Movie,2019-12-31,20191231,2004,TV-PG,158,
s7526,Mune: Guardian of the Moon,Movie,2018-01-26,20180126,2014,PG,85,
s7527,Muppets Most Wanted,Movie,2020-09-01,20200901,2014,PG,110,
s7528,Murder Party,Movie,2018-09-01,20180901,2007,NR,79,
s7529,Murderous Affairs,TV Show,2018-04-17,20180417,2017,TV-MA,,3
s7530,Mutant Busters,TV Show,2017-06-01,20170601,2017,TV-PG,,2
s7531,Mutiny on the Bounty,Movie,2019-11-01,20191101,1962,TV-PG,185,
s7532,My Babysitter's a Vampire: The Movie,Movie,2018-10-17,20181017,2010,TV-PG,80,
s7533,My Brother ... Nikhil,Movie,2018-10-30,20181030,2005,TV-PG,116,
s7534,My Daddy is in Heaven,Movie,2018-06-12,20180612,2017,TV-14,95,
s7535,My Dog is My Guide,Movie,2019-04-18,20190418,2013,TV-14,99,
s7536,My Entire High School Sinking Into the Sea,Movie,2018-01-23,20180123,2016,PG-13,77,
s7537,My Ex-Ex,Movie,2017-08-15,20170815,2015,TV-MA,91,
s7538,My Honor Was Loyalty,Movie,2017-03-01,20170301,2015,,115,
s7539,My Hotter Half,TV Show,2019-07-22,20190722,2017,TV-PG,,1
s7540,My Life as a Zucchini,Movie,2017-10-01,20171001,2016,PG-13,68,
s7541,My Life My Story,TV Show,2017-11-01,20171101,2017,TV-14,,1
s7542,My Little Pony Equestria Girls: Friendship Games,Movie,2015-12-01,20151201,2015,TV-Y,72,
s7543,My Little Pony Equestria Girls: Rainbow Rocks,Movie,2014-12-17,20141217,2014,TV-Y,73,
s7544,My Only Mother,Movie,2019-03-04,20190304,2013,TV-14,104,
s7545,"My Schoolmate, the Barbarian",Movie,2018-08-16,20180816,2001,TV-14,90,
s7546,My Scientology Movie,Movie,2017-07-13,20170713,2015,TV-MA,99,
s7547,My Sister's Keeper,Movie,2019-09-01,20190901,2009,PG-13,109,
s7548,My Tattoo Addiction,TV Show,2019-02-01,20190201,2013,TV-MA,,1
s7549,My True Friend,Movie,2018-07-25,20180725,2012,TV-MA,108,
s7550,My Week with Marilyn,Movie,2019-05-30,20190530,2011,R,99,
s7551,My Wife and My Wifey,Movie,2019-04-18,20190418,2014,TV-14,99,
s7552,Mystery Science Theater 3000,TV Show,2018-03-15,20180315,1999,TV-14,,1
s7553,Mythily Veendum Varunnu,Movie,2018-08-01,20180801,2017,TV-PG,88,
s7554,Nacho Libre,Movie,2019-11-01,20191101,2006,PG,92,
s7555,Naga The Eternal Yogi,Movie,2017-02-05,20170205,2016,TV-PG,73,
s7556,Nails,Movie,2018-03-10,20180310,2017,TV-MA,85,
s7557,Naledi: A Baby Elephant's Tale,Movie,2020-05-28,20200528,2016,TV-PG,91,
s7558,Namak Halaal,Movie,2019-12-31,20191231,1982,TV-14,171,
s7559,Namour,Movie,2017-03-15,20170315,2016,NR,80,
s7560,Naruto Shippuden : Blood Prison,Movie,2017-09-01,20170901,2011,TV-14,102,
s7561,Natalia Valdebenito: Gritona,Movie,2017-11-10,20171110,2017,TV-MA,76,
s7562,National Bird,Movie,2017-05-08,20170508,2016,TV-MA,92,
s7563,National Lampoon's Loaded Weapon 1,Movie,2019-11-01,20191101,1993,PG-13,82,
s7564,National Parks Adventure,Movie,2018-02-01,20180201,2016,TV-G,42,
s7565,National Treasure,Movie,2018-06-01,20180601,2004,PG,131,
s7566,Natsamrat - Asa Nat Hone Nahi,Movie,2018-06-01,20180601,2016,TV-14,165,
s7567,Natural Born Pranksters,Movie,2016-09-15,20160915,2016,R,91,
s7568,Natural Selection,Movie,2016-12-01,20161201,2015,R,101,
s7569,Nature: Animals With Cameras,TV Show,2018-10-01,20181001,2018,TV-PG,,1
s7570,NATURE: Natural Born Hustlers,TV Show,2017-03-01,20170301,2016,TV-G,,1
s7571,Nature: Raising the Dinosaur Giant,Movie,2017-03-01,20170301,2016,TV-G,53,
s7572,Nature's Great Events (2009),TV Show,2015-10-10,20151010,2009,TV-PG,,1
s7573,Nature's Great Events: Diaries,TV Show,2015-04-22,20150422,2009,TV-PG,,1
s7574,Nature's Great Race,TV Show,2017-10-01,20171001,2016,TV-PG,,1
s7575,Nature's Weirdest Events,TV Show,2019-09-01,20190901,2015,TV-PG,,3
s7576,Nazi Concentration Camps,Movie,2017-03-31,20170331,1945,TV-MA,59,
s7577,Nazi Mega Weapons,TV Show,2017-03-01,20170301,2016,TV-PG,,3
s7578,Neruda,Movie,2017-06-26,20170626,2016,R,108,
s7579,Never Heard,Movie,2019-02-15,20190215,2018,TV-PG,89,
s7580,New York Minute,Movie,2020-01-01,20200101,2004,PG,91,
s7581,Newtown,Movie,2017-04-07,20170407,2016,NR,84,
s7582,Next,Movie,2019-07-01,20190701,2007,PG-13,96,
s7583,Nibunan,Movie,2018-05-01,20180501,2017,TV-14,124,
s7584,Night Comes On,Movie,2020-08-27,20200827,2018,TV-MA,87,
s7585,Night Moves,Movie,2019-06-30,20190630,2013,R,113,
s7586,Nightcrawler,Movie,2020-08-10,20200810,2014,R,118,
s7587,"Nightmare Tenants, Slum Landlords",TV Show,2019-07-12,20190712,2016,TV-MA,,2
s7588,Nights in Rodanthe,Movie,2019-07-01,20190701,2008,PG-13,97,
s7589,Ninja Hattori,TV Show,2018-12-23,20181223,1981,TV-Y7,,1
s7590,Ninja Turtles: The Next Mutation,TV Show,2016-01-01,20160101,1997,TV-G,,1
s7591,No Entry,Movie,2018-03-01,20180301,2005,TV-PG,161,
s7592,No Estoy Loca,Movie,2018-05-04,20180504,2018,TV-MA,116,
s7593,No Reservations,Movie,2019-10-01,20191001,2007,PG,104,
s7594,Nobel,TV Show,2016-12-10,20161210,2016,R,,1
s7595,Norm of the North: Family Vacation,Movie,2020-05-25,20200525,2020,TV-Y7,89,
s7596,Norm of the North: Keys to the Kingdom,Movie,2020-08-21,20200821,2019,TV-PG,92,
s7597,Norm of the North: King Sized Adventure,Movie,2019-09-09,20190909,2019,TV-PG,90,
s7598,North & South,TV Show,2017-03-31,20170331,2004,NR,,1
s7599,Not Alone,Movie,2018-01-01,20180101,2017,TV-14,50,
s7600,NOVA: Bird Brain,Movie,2019-07-01,20190701,2017,TV-G,53,
s7601,NOVA: Black Hole Apocalypse,Movie,2019-07-01,20190701,2018,TV-G,113,
s7602,NOVA: Building Chernobyl's MegaTomb,Movie,2019-07-01,20190701,2017,TV-PG,53,
s7603,NOVA: Chinese Chariot Revealed,Movie,2019-07-01,20190701,2017,TV-PG,54,
s7604,NOVA: Day the Dinosaurs Died,Movie,2019-07-01,20190701,2017,TV-PG,53,
s7605,NOVA: Death Dive to Saturn,Movie,2019-07-01,20190701,2017,TV-G,54,
s7606,NOVA: Decoding the Weather Machine,Movie,2019-07-01,20190701,2018,TV-14,113,
s7607,NOVA: Eclipse Over America,Movie,2019-07-01,20190701,2017,TV-G,53,
s7608,NOVA: Extreme Animal Weapons,Movie,2019-07-01,20190701,2017,TV-PG,53,
s7609,NOVA: First Face of America,Movie,2019-07-01,20190701,2018,TV-PG,53,
s7610,NOVA: Holocaust Escape Tunnel,Movie,2019-07-01,20190701,2017,TV-14,54,
s7611,NOVA: Killer Floods,Movie,2019-07-01,20190701,2017,TV-PG,54,
s7612,NOVA: Killer Hurricanes,Movie,2019-07-01,20190701,2017,TV-PG,52,
s7613,NOVA: Killer Volcanoes,Movie,2019-07-01,20190701,2017,TV-PG,54,
s7614,NOVA: Poisoned Water,Movie,2019-07-01,20190701,2017,TV-PG,54,
s7615,NOVA: Prediction by the Numbers,Movie,2019-07-01,20190701,2018,TV-G,53,
s7616,NOVA: Secrets of the Shining Knight,Movie,2019-07-01,20190701,2017,TV-PG,53,
s7617,NOVA: Thai Cave Rescue,Movie,2019-07-01,20190701,2018,TV-PG,53,
s7618,NOVA: The Impossible Flight,Movie,2019-07-01,20190701,2018,TV-PG,113,
s7619,Nova: Ultimate Mars Challenge,Movie,2019-07-01,20190701,2012,TV-G,53,
s7620,November Criminals,Movie,2020-07-03,20200703,2017,PG-13,86,
s7621,Now and Then,Movie,2019-08-02,20190802,1995,PG-13,102,
s7622,Now More Than Ever: The History of Chicago,Movie,2018-01-01,20180101,2016,TV-MA,114,
s7623,Nowhere Boy,Movie,2018-04-14,20180414,2009,R,99,
s7624,NSU German History X,TV Show,2016-07-07,20160707,2016,TV-MA,,1
s7625,Nuestra Lucha Libre,TV Show,2018-08-15,20180815,2018,TV-MA,,1
s7626,Numbered,Movie,2017-12-31,20171231,2012,TV-PG,55,
s7627,Numero Zero. The Roots of Italian Rap,Movie,2018-04-15,20180415,2015,TV-MA,91,
s7628,Nura: Rise of the Yokai Clan: Demon Capital,TV Show,2016-12-01,20161201,2011,TV-MA,,1
s7629,Nurse Jackie,TV Show,2015-12-31,20151231,2015,TV-MA,,7
s7630,Nurses Who Kill,TV Show,2017-08-01,20170801,2016,TV-14,,1
s7631,Nymphomaniac: Volume 1,Movie,2018-01-01,20180101,2013,NR,117,
s7632,Nymphomaniac: Volume II,Movie,2018-08-25,20180825,2013,TV-MA,124,
s7633,"O-Negative, Love Can’t Be Designed",TV Show,2018-04-13,20180413,2016,TV-MA,,1
s7634,Oasis: Supersonic,Movie,2018-12-28,20181228,2016,R,122,
s7635,Obvious Child,Movie,2018-07-19,20180719,2014,R,84,
s7636,Océans,Movie,2019-09-19,20190919,2009,G,84,
s7637,Occupation,Movie,2019-01-03,20190103,2018,R,120,
s7638,Ocean's Eleven,Movie,2019-11-01,20191101,1960,TV-PG,127,
s7639,Ocean's Thirteen,Movie,2019-10-01,20191001,2007,PG-13,122,
s7640,Ocean's Twelve,Movie,2019-10-01,20191001,2004,PG-13,125,
s7641,OCTB,TV Show,2018-02-05,20180205,2017,TV-14,,1
s7642,Off Course,Movie,2016-09-01,20160901,2015,TV-MA,107,
s7643,Officer Downe,Movie,2017-03-30,20170330,2016,R,91,
s7644,Oh My Ghost 2,Movie,2018-07-25,20180725,2011,TV-MA,103,
s7645,Oh My Ghost 3,Movie,2018-08-16,20180816,2012,TV-MA,103,
s7646,Oh My Ghost 4,Movie,2018-07-25,20180725,2015,TV-MA,106,
s7647,Oh No! It's an Alien Invasion,TV Show,2015-05-31,20150531,2014,TV-Y7-FV,,2
s7648,Oklahoma City,Movie,2017-04-19,20170419,2017,TV-14,102,
s7649,Oliver Stone's Untold History of the United States,TV Show,2016-11-15,20161115,2013,TV-PG,,1
s7650,Ollie & Moon,TV Show,2018-03-28,20180328,2018,TV-Y,,1
s7651,Omar and Salma 3,Movie,2019-04-25,20190425,2012,TV-MA,97,
s7652,On the Wrong Track,Movie,2018-08-02,20180802,1983,TV-14,89,
s7653,On Yoga The Architecture of Peace,Movie,2018-01-10,20180110,2017,TV-14,92,
s7654,Onaatah,Movie,2018-05-01,20180501,2016,TV-14,107,
s7655,Once In A Lifetime Sessions with Moby,Movie,2018-08-01,20180801,2018,TV-14,86,
s7656,Once In A Lifetime Sessions with Nile Rodgers,Movie,2018-08-01,20180801,2018,TV-PG,70,
s7657,Once In A Lifetime Sessions with Noel Gallagher,Movie,2018-08-01,20180801,2018,TV-MA,66,
s7658,Once In A Lifetime Sessions with TLC,Movie,2018-08-01,20180801,2018,TV-PG,72,
s7659,Once Upon a Time in London,Movie,2020-04-15,20200415,2019,TV-MA,111,
s7660,Once Upon a Time in the West,Movie,2019-11-20,20191120,1968,PG-13,166,
s7661,One Day,Movie,2018-09-05,20180905,2016,TV-PG,135,
s7662,One Direction: This Is Us,Movie,2019-10-01,20191001,2013,PG,92,
s7663,One Heart: The A.R. Rahman Concert Film,Movie,2017-11-01,20171101,2017,TV-G,87,
s7664,One Last Thing,Movie,2019-08-25,20190825,2018,TV-MA,92,
s7665,One More Shot,Movie,2018-01-15,20180115,2017,TV-MA,89,
s7666,One Night Stand,Movie,2017-10-15,20171015,2016,TV-MA,93,
s7667,One Strange Rock,TV Show,2019-02-02,20190202,2018,TV-PG,,1
s7668,Only God Forgives,Movie,2018-05-15,20180515,2013,R,90,
s7669,Only the Dead,Movie,2018-11-15,20181115,2015,TV-MA,76,
s7670,Open Season,Movie,2019-09-01,20190901,2006,PG,86,
s7671,Operation Chromite,Movie,2018-01-15,20180115,2016,NR,111,
s7672,Operation Gold Rush,TV Show,2019-02-01,20190201,2016,TV-14,,1
s7673,Operation Mekong,Movie,2017-08-05,20170805,2016,TV-MA,124,
s7674,Operation Odessa,Movie,2020-04-01,20200401,2018,TV-MA,93,
s7675,Operation Ouch!,TV Show,2020-08-01,20200801,2012,TV-PG,,1
s7676,Operation Proposal,TV Show,2016-07-01,20160701,2012,TV-PG,,1
s7677,Operation Red Sea,Movie,2018-11-27,20181127,2018,TV-MA,139,
s7678,Operator,Movie,2017-02-16,20170216,2016,TV-MA,91,
s7679,Opium and the Kung Fu Master,Movie,2018-08-16,20180816,1984,TV-MA,86,
s7680,Origins Collection,TV Show,2018-07-20,20180720,2018,TV-PG,,3
s7681,Oru Vishsheshapetta Biryani Kissa,Movie,2018-08-01,20180801,2017,TV-14,122,
s7682,OtherLife,Movie,2017-10-15,20171015,2017,TV-MA,96,
s7683,Ottaal,Movie,2017-03-15,20170315,2014,TV-PG,88,
s7684,Our Godfather,Movie,2019-09-10,20190910,2019,TV-MA,93,
s7685,Our House,Movie,2020-06-01,20200601,2018,PG-13,90,
s7686,Our Shining Days,Movie,2018-07-01,20180701,2017,TV-PG,103,
s7687,Outlawed,Movie,2019-02-15,20190215,2018,TV-MA,102,
s7688,P,Movie,2019-05-31,20190531,2006,TV-MA,105,
s7689,P Se PM Tak,Movie,2018-08-01,20180801,2015,TV-14,117,
s7690,P. King Duckling,TV Show,2017-11-07,20171107,2016,TV-Y,,1
s7691,P.S. I Love You,Movie,2019-04-01,20190401,2007,PG-13,126,
s7692,Paathi,Movie,2018-07-01,20180701,2017,TV-14,89,
s7693,Pablo Escobar: Angel or Demon?,Movie,2018-03-23,20180323,2007,NR,82,
s7694,Pacific Heat,TV Show,2016-12-02,20161202,2016,TV-14,,1
s7695,Pahuyut Fighting Beat,Movie,2018-07-26,20180726,2007,TV-MA,82,
s7696,Paid in Full,Movie,2019-11-01,20191101,2002,R,98,
s7697,Paint It Black,Movie,2018-02-01,20180201,2016,R,96,
s7698,Painted Faces,Movie,2018-08-16,20180816,1988,TV-PG,108,
s7699,Pajanimals,TV Show,2020-03-31,20200331,2011,TV-Y,,1
s7700,Palio,Movie,2016-06-30,20160630,2015,TV-14,91,
s7701,Palm Trees in the Snow,Movie,2016-05-01,20160501,2015,TV-MA,163,
s7702,Panic Room,Movie,2019-08-01,20190801,2002,R,112,
s7703,Papa the Great,Movie,2017-12-08,20171208,2000,TV-PG,137,
s7704,Paper Year,Movie,2019-04-20,20190420,2018,TV-MA,89,
s7705,Paranormal Activity,Movie,2020-01-01,20200101,2007,R,86,
s7706,Paranormal Survivor,TV Show,2017-08-04,20170804,2016,TV-14,,2
s7707,Pardes,Movie,2018-03-01,20180301,1997,TV-14,187,
s7708,Pareeth Pandaari,Movie,2018-07-01,20180701,2017,TV-PG,109,
s7709,Paris Is Burning,Movie,2017-02-01,20170201,1990,R,77,
s7710,Parks and Recreation,TV Show,2016-01-13,20160113,2015,TV-14,,7
s7711,Pasión de Gavilanes,TV Show,2017-05-04,20170504,2003,TV-14,,1
s7713,Patiala House,Movie,2017-10-22,20171022,2011,TV-PG,140,
s7714,Patient Seventeen,Movie,2018-01-29,20180129,2017,TV-14,68,
s7715,Patriot Games,Movie,2020-01-01,20200101,1992,R,117,
s7716,Patron Mutlu Son Istiyor,Movie,2017-03-10,20170310,2014,TV-MA,105,
s7717,Paul Blart: Mall Cop,Movie,2020-11-01,20201101,2009,PG,91,
s7718,Paulettante Veedu,Movie,2018-07-01,20180701,2016,TV-14,104,
s7719,Pawn Stars,TV Show,2019-09-15,20190915,2010,TV-14,,1
s7720,Paying Guests,Movie,2018-07-01,20180701,2009,TV-14,114,
s7721,Pee Mak,Movie,2018-09-01,20180901,2013,TV-MA,112,
s7722,Pee-wee's Playhouse,TV Show,2014-12-18,20141218,1990,TV-PG,,5
s7723,Pee-wee's Playhouse: Christmas Special,Movie,2014-12-18,20141218,1988,TV-PG,48,
s7724,Pekak,Movie,2017-08-25,20170825,2016,TV-MA,95,
s7725,Penelope,Movie,2019-04-01,20190401,2006,PG,89,
s7726,Penny Dreadful,TV Show,2016-09-17,20160917,2016,TV-MA,,3
s7727,People You May Know,Movie,2017-02-28,20170228,2016,TV-MA,108,
s7728,Perfect Bid: The Contestant Who Knew Too Much,Movie,2019-04-30,20190430,2017,TV-MA,72,
s7729,Perfect Stranger,Movie,2019-01-01,20190101,2007,R,109,
s7730,Person of Interest,TV Show,2016-09-22,20160922,2016,TV-14,,5
s7731,Personal Shopper,Movie,2019-02-01,20190201,2016,R,105,
s7732,Peter and the Farm,Movie,2017-03-09,20170309,2016,TV-MA,92,
s7733,Peter Rabbit,Movie,2018-08-18,20180818,2018,PG,95,
s7734,Phamous,Movie,2019-12-31,20191231,2018,TV-MA,108,
s7735,Phantom Boy,Movie,2017-10-01,20171001,2015,PG,85,
s7736,Philadelphia,Movie,2019-07-01,20190701,1993,PG-13,126,
s7737,Phir Se,Movie,2018-01-15,20180115,2015,TV-14,118,
s7738,Phobia 2,Movie,2018-09-05,20180905,2009,TV-MA,125,
s7739,Phone Swap,Movie,2019-09-01,20190901,2012,TV-14,112,
s7740,Phullu,Movie,2019-12-31,20191231,2017,TV-14,96,
s7741,Pick of the Litter,Movie,2020-08-02,20200802,2018,TV-PG,81,
s7742,Pierre Jackson,Movie,2019-06-29,20190629,2018,TV-MA,81,
s7743,Pimpal,Movie,2018-11-15,20181115,2017,TV-PG,92,
s7744,Pioneers of African-American Cinema,TV Show,2017-02-01,20170201,1946,TV-14,,1
s7745,Pitaah,Movie,2018-03-01,20180301,2002,TV-MA,127,
s7746,"Pizza, birra, faso",Movie,2018-03-15,20180315,1998,TV-MA,81,
s7747,"Plaire, aimer et courir vite",Movie,2019-07-13,20190713,2018,TV-MA,133,
s7748,Planet Earth II,TV Show,2017-12-25,20171225,2016,TV-G,,1
s7749,Planet Earth: The Complete Collection,TV Show,2015-04-22,20150422,2006,TV-PG,,1
s7750,Planet Hulk,Movie,2020-06-01,20200601,2010,TV-14,81,
s7751,Planetarium,Movie,2018-01-01,20180101,2016,TV-MA,108,
s7752,Platoon,Movie,2020-11-01,20201101,1986,R,120,
s7753,Playing for Time,Movie,2017-12-01,20171201,1980,TV-14,149,
s7754,Playing Hard,Movie,2019-04-05,20190405,2018,TV-MA,92,
s7755,Pope Francis: A Man of His Word,Movie,2019-01-03,20190103,2018,PG,96,
s7756,Popeye,Movie,2019-11-24,20191124,1980,PG,114,
s7757,Portlandia,TV Show,2019-09-25,20190925,2018,TV-14,,8
s7758,Porto,Movie,2018-04-16,20180416,2016,TV-MA,77,
s7759,Postcards from London,Movie,2019-02-19,20190219,2018,TV-MA,90,
s7760,Powder,TV Show,2018-02-15,20180215,2010,TV-14,,1
s7761,Power Battle Watch Car,TV Show,2017-06-01,20170601,2016,TV-Y7,,1
s7762,Power Rangers Dino Charge,TV Show,2015-12-02,20151202,2015,TV-Y7,,1
s7763,Power Rangers Dino Super Charge,TV Show,2016-10-15,20161015,2016,TV-Y7,,1
s7764,Power Rangers Dino Thunder,TV Show,2016-01-01,20160101,2004,TV-Y7,,1
s7765,Power Rangers in Space,TV Show,2016-01-01,20160101,1998,TV-Y7,,1
s7766,Power Rangers Jungle Fury,TV Show,2016-01-01,20160101,2008,TV-Y7,,1
s7767,Power Rangers Lightspeed Rescue,TV Show,2016-01-01,20160101,2000,TV-Y7,,1
s7768,Power Rangers Lost Galaxy,TV Show,2016-01-01,20160101,1999,TV-Y7,,1
s7769,Power Rangers Mystic Force,TV Show,2016-01-01,20160101,2006,TV-Y7,,1
s7770,Power Rangers Ninja Storm,TV Show,2016-01-01,20160101,2003,TV-Y7,,1
s7771,Power Rangers Operation Overdrive,TV Show,2016-01-01,20160101,2007,TV-Y7,,1
s7772,Power Rangers RPM,TV Show,2016-01-01,20160101,2009,TV-Y7,,1
s7773,Power Rangers S.P.D.,TV Show,2016-01-01,20160101,2005,TV-Y7,,1
s7774,Power Rangers Samurai,TV Show,2016-01-01,20160101,2011,TV-Y7,,1
s7775,"Power Rangers Samurai: Christmas Together, Friends Forever (Christmas Special)",Movie,2016-01-01,20160101,2011,TV-Y7,24,
s7776,Power Rangers Samurai: Clash of the Red Rangers,Movie,2016-01-01,20160101,2011,TV-Y7,46,
s7777,Power Rangers Samurai: Party Monsters (Halloween Special),Movie,2016-01-01,20160101,2011,TV-Y7,24,
s7778,Power Rangers Super Megaforce,TV Show,2016-01-01,20160101,2014,TV-Y7,,1
s7779,Power Rangers Super Megaforce: The Legendary Battle (Extended),Movie,2016-01-01,20160101,2014,TV-Y7,55,
s7780,Power Rangers Super Samurai,TV Show,2016-01-01,20160101,2012,TV-Y7,,1
s7781,Power Rangers Super Samurai: Stuck on Christmas,Movie,2016-01-01,20160101,2012,TV-Y7,24,
s7782,Power Rangers Super Samurai: Trickster Treat,Movie,2016-01-01,20160101,2012,TV-Y7,23,
s7783,Power Rangers Time Force,TV Show,2016-01-01,20160101,2001,TV-Y7,,1
s7784,Power Rangers Turbo,TV Show,2016-01-01,20160101,1997,TV-Y7,,1
s7785,Power Rangers Wild Force,TV Show,2016-01-01,20160101,2002,TV-Y7,,1
s7786,Power Rangers Zeo,TV Show,2016-01-01,20160101,1996,TV-Y7,,1
s7787,Power Rangers: Megaforce,TV Show,2016-01-01,20160101,2013,TV-Y7,,1
s7788,Power Rangers: Megaforce: Raising Spirits,Movie,2016-01-01,20160101,2013,TV-Y7,24,
s7789,Power Rangers: Megaforce: The Robo Knight Before Christmas,Movie,2016-01-01,20160101,2013,TV-Y7,24,
s7790,Prague,Movie,2017-12-01,20171201,2013,TV-MA,106,
s7791,Prelude to War,Movie,2017-03-31,20170331,1942,TV-14,52,
s7792,Premachi Goshta,Movie,2018-02-15,20180215,2013,TV-14,127,
s7793,Prescription Thugs,Movie,2016-04-15,20160415,2015,NR,86,
s7794,Primal Fear,Movie,2019-12-01,20191201,1996,R,131,
s7795,Prince Charming,Movie,2018-08-31,20180831,1984,TV-14,93,
s7796,Prince Jai Aur Dumdaar Viru,TV Show,2020-10-18,20201018,2017,TV-Y,,1
s7797,Princess Cyd,Movie,2018-02-05,20180205,2017,TV-MA,97,
s7798,Professor Mack,Movie,2019-08-06,20190806,2018,TV-MA,84,
s7799,Prohibition: A Film by Ken Burns and Lynn Novick,TV Show,2017-02-22,20170222,2011,TV-PG,,1
s7800,Prosecuting Evil: The Extraordinary World of Ben Ferencz,Movie,2019-06-01,20190601,2019,TV-MA,83,
s7801,Psiconautas,TV Show,2018-04-15,20180415,2016,TV-MA,,2
s7802,Pukar,Movie,2018-03-01,20180301,2000,TV-14,165,
s7803,Pulp Fiction,Movie,2019-01-01,20190101,1994,R,154,
s7804,Punjab 1984,Movie,2017-11-01,20171101,2014,TV-14,158,
s7805,Pusher,Movie,2017-12-27,20171227,2012,R,89,
s7806,Pyaar Ka Punchnama,Movie,2017-05-01,20170501,2011,TV-14,149,
s7807,Pyaar Tune Kya Kiya,TV Show,2017-06-01,20170601,2014,TV-14,,3
s7808,Q Ball,Movie,2020-03-11,20200311,2019,TV-MA,96,
s7809,Qué pena tu serie,TV Show,2016-11-04,20161104,2015,TV-MA,,1
s7810,Quantum of Solace,Movie,2020-08-31,20200831,2008,PG-13,106,
s7811,Queen of No Marriage,TV Show,2016-08-01,20160801,2009,TV-MA,,1
s7812,Queen of the Desert,Movie,2019-04-06,20190406,2015,PG-13,128,
s7813,Queens of Comedy,TV Show,2018-05-01,20180501,2017,TV-MA,,1
s7814,Queens vs. Kings,TV Show,2018-10-25,20181025,2018,TV-14,,1
s7815,R.L. Stine's Mostly Ghostly,Movie,2018-08-01,20180801,2008,PG,98,
s7816,Rab Se Sohna Isshq,TV Show,2017-06-01,20170601,2012,TV-14,,1
s7817,Race to Witch Mountain,Movie,2019-07-01,20190701,2009,PG,99,
s7818,Rachel Getting Married,Movie,2019-09-01,20190901,2008,R,113,
s7819,Radical: the Controversial Saga of Dada Figueiredo,Movie,2017-04-12,20170412,2013,TV-MA,71,
s7820,Radiopetti,Movie,2017-01-01,20170101,2015,TV-PG,83,
s7821,Raging Bull,Movie,2019-10-01,20191001,1980,R,129,
s7822,Rahasya,Movie,2018-03-01,20180301,2015,TV-14,117,
s7823,Raiders!: The Story of the Greatest Fan Film Ever Made,Movie,2016-09-16,20160916,2015,NR,93,
s7824,Railroad Tigers,Movie,2017-08-19,20170819,2016,TV-14,124,
s7825,Raja Hindustani,Movie,2017-05-01,20170501,1996,TV-14,177,
s7826,Rajnigandha,Movie,2019-12-31,20191231,1974,TV-PG,104,
s7827,Ralph Breaks the Internet: Wreck-It Ralph 2,Movie,2019-06-11,20190611,2018,PG,113,
s7828,Ram Teri Ganga Maili,Movie,2019-12-31,20191231,1985,TV-14,178,
s7829,Ramayan,TV Show,2018-04-01,20180401,2012,TV-14,,1
s7830,Ramen Shop,Movie,2019-07-31,20190731,2018,TV-PG,90,
s7831,Ramji Londonwaley,Movie,2019-12-31,20191231,2005,TV-14,154,
s7832,Rampant,Movie,2019-05-26,20190526,2018,TV-MA,122,
s7833,Ranbhool,Movie,2018-03-15,20180315,2010,TV-MA,115,
s7834,Rangreza,Movie,2018-08-01,20180801,2017,TV-14,126,
s7835,Rats,Movie,2016-12-16,20161216,2016,NR,88,
s7836,Razia Sultan,TV Show,2017-04-01,20170401,2015,TV-14,,1
s7837,Reaction,Movie,2019-06-20,20190620,2011,TV-14,99,
s7838,Ready,Movie,2017-10-22,20171022,2011,TV-PG,144,
s7839,Reality of Dream,TV Show,2018-07-31,20180731,2015,TV-MA,,1
s7840,Rebel Without a Cause,Movie,2019-11-01,20191101,1955,PG-13,111,
s7841,Rebelde,TV Show,2017-12-31,20171231,2004,TV-14,,1
s7842,Recall,Movie,2019-06-25,20190625,2018,TV-MA,73,
s7843,Rectify,TV Show,2017-03-04,20170304,2016,TV-MA,,4
s7844,Red Christmas,Movie,2017-12-11,20171211,2016,TV-MA,81,
s7845,Red Dawn,Movie,2019-12-31,20191231,1984,PG-13,114,
s7846,Red Oleanders Raktokarobi,Movie,2018-09-15,20180915,2017,TV-14,112,
s7847,Red Trees,Movie,2018-03-24,20180324,2017,TV-PG,80,
s7849,Refugee,Movie,2017-03-10,20170310,2016,TV-PG,24,
s7850,Regatta,Movie,2019-05-09,20190509,2015,TV-MA,100,
s7851,Reggie Yates Outside Man,TV Show,2017-12-15,20171215,2017,TV-MA,,2
s7852,Reincarnated,Movie,2016-06-13,20160613,2012,R,96,
s7853,Rembat,Movie,2017-08-21,20170821,2015,TV-PG,88,
s7854,Remember,Movie,2018-07-26,20180726,2015,R,95,
s7855,Remember Me,Movie,2020-08-01,20200801,2010,PG-13,112,
s7856,Rememory,Movie,2020-06-01,20200601,2017,PG-13,112,
s7857,Republic of Doyle,TV Show,2020-05-28,20200528,2014,TV-14,,6
s7858,Resident Evil: Afterlife,Movie,2020-01-01,20200101,2010,R,97,
s7859,Residente,Movie,2018-01-01,20180101,2017,TV-MA,97,
s7860,Restless Creature: Wendy Whelan,Movie,2017-09-26,20170926,2016,TV-MA,94,
s7861,Return To The 36th Chamber,Movie,2018-08-16,20180816,1980,R,97,
s7862,Revelations,Movie,2017-03-01,20170301,2016,NR,118,
s7863,Revenge,TV Show,2019-05-02,20190502,2017,TV-MA,,1
s7864,Revenge of the Green Dragons,Movie,2018-07-21,20180721,2014,R,95,
s7865,Revolting Rhymes,TV Show,2018-02-01,20180201,2017,TV-PG,,1
s7866,Revolutionary Road,Movie,2019-11-01,20191101,2008,R,120,
s7867,Rezeta,Movie,2016-12-03,20161203,2012,NR,84,
s7868,"Rica, Famosa, Latina",TV Show,2019-04-26,20190426,2016,TV-MA,,4
s7869,Righteous Kill,Movie,2019-06-01,20190601,2008,R,101,
s7870,Ringan,Movie,2018-05-01,20180501,2015,TV-14,103,
s7871,Ripper Street,TV Show,2017-09-08,20170908,2017,TV-MA,,5
s7872,Rise of the Zombie,Movie,2017-12-15,20171215,2013,TV-MA,83,
s7873,Rishta.com,TV Show,2018-03-15,20180315,2010,TV-14,,1
s7874,Rivaaz,Movie,2017-11-01,20171101,2011,TV-MA,107,
s7875,Road to Sangam,Movie,2019-12-31,20191231,2010,TV-14,136,
s7876,Road to Yesterday,Movie,2016-07-01,20160701,2015,TV-14,96,
s7877,Roberto Saviano: Writing Under Police Protection,Movie,2018-05-01,20180501,2016,TV-14,45,
s7878,Robin Hood: The Rebellion,Movie,2019-05-01,20190501,2018,TV-14,92,
s7879,Robotech,TV Show,2016-10-01,20161001,1985,TV-MA,,1
s7880,Rocky,Movie,2019-08-01,20190801,1976,PG,120,
s7881,Rocky II,Movie,2019-08-01,20190801,1979,PG,119,
s7882,Rocky III,Movie,2019-08-01,20190801,1982,PG,100,
s7883,Rocky IV,Movie,2019-08-01,20190801,1985,PG,92,
s7884,Rocky V,Movie,2019-08-01,20190801,1990,PG-13,104,
s7885,Roger Corman's Death Race 2050,Movie,2017-01-17,20170117,2017,R,93,
s7886,Roh's Beauty,Movie,2019-04-19,20190419,2014,TV-MA,98,
s7887,Roll Red Roll,Movie,2019-08-08,20190808,2018,TV-MA,80,
s7888,Rolling Papers,Movie,2017-09-08,20170908,2015,TV-MA,79,
s7889,Romeo Ranjha,Movie,2017-11-01,20171101,2014,TV-14,122,
s7890,Room,Movie,2018-07-19,20180719,2015,R,118,
s7891,Room for Rent,Movie,2019-03-01,20190301,2017,TV-MA,89,
s7892,Room on the Broom,Movie,2019-07-01,20190701,2012,TV-Y7,26,
s7893,Roonpi Secret Love,TV Show,2019-06-21,20190621,2016,TV-14,,3
s7894,Roots,Movie,2017-11-01,20171101,2016,TV-PG,62,
s7895,Rosemary's Baby,Movie,2019-11-01,20191101,1968,R,137,
s7896,Rounders,Movie,2019-11-01,20191101,1998,R,121,
s7897,Royal Pains,TV Show,2017-05-18,20170518,2016,TV-PG,,8
s7898,Rubi,TV Show,2017-12-31,20171231,2004,TV-PG,,1
s7899,Rukh,Movie,2018-04-01,20180401,2017,TV-MA,103,
s7900,Rumble,Movie,2017-09-15,20170915,2016,TV-MA,92,
s7901,Rumble in the Bronx,Movie,2019-11-01,20191101,1995,R,89,
s7902,Rumor Has It,Movie,2019-08-01,20190801,2005,PG-13,97,
s7903,Run,Movie,2018-03-01,20180301,2004,TV-14,134,
s7904,Runaway Bride,Movie,2020-12-01,20201201,1999,PG,116,
s7905,Running for Grace,Movie,2019-06-19,20190619,2018,TV-14,110,
s7906,Running Out Of Time,Movie,2019-08-01,20190801,2018,TV-14,88,
s7907,Rurouni Kenshin,TV Show,2020-01-01,20200101,1998,TV-14,,3
s7908,Russell Madness,Movie,2015-05-10,20150510,2015,PG,93,
s7909,Russell Peters vs. the World,TV Show,2013-10-14,20131014,2013,NR,,1
s7910,Russell Peters: Notorious,Movie,2013-10-14,20131014,2013,NR,72,
s7911,Rustom,Movie,2017-01-06,20170106,2016,TV-14,141,
s7912,S Is for Stanley,Movie,2017-06-15,20170615,2016,TV-MA,82,
s7914,Saath Saath,Movie,2019-12-31,20191231,1982,TV-14,118,
s7915,Sacro GRA,Movie,2017-03-21,20170321,2013,TV-MA,91,
s7916,Sadece Sen,Movie,2017-03-10,20170310,2014,TV-MA,105,
s7917,Sadie's Last Days on Earth,Movie,2017-08-22,20170822,2016,TV-14,94,
s7918,Sadma,Movie,2019-12-31,20191231,1983,TV-14,137,
s7919,Sadqay Tumhare,TV Show,2016-12-15,20161215,2014,TV-PG,,1
s7920,Saeed Mirza: The Leftist Sufi,Movie,2017-05-01,20170501,2016,TV-MA,61,
s7921,Safety Not Guaranteed,Movie,2020-08-13,20200813,2012,R,86,
s7922,Saheb Bibi Golaam,Movie,2017-01-01,20170101,2016,TV-MA,118,
s7923,Sairat,Movie,2018-04-01,20180401,2016,TV-14,173,
s7924,Sakhi,Movie,2018-02-15,20180215,2007,TV-PG,152,
s7925,Salem: His Sister's Father,Movie,2019-06-22,20190622,2014,TV-14,99,
s7926,Samantaral,Movie,2018-09-15,20180915,2017,TV-MA,110,
s7927,Samarppanam,Movie,2018-03-01,20180301,2017,TV-PG,116,
s7928,Sameer Abu Alneel,Movie,2019-06-06,20190606,2013,TV-14,107,
s7929,Samson,Movie,2018-12-14,20181214,2018,PG-13,109,
s7930,Samudri Lootere,Movie,2019-06-18,20190618,2018,TV-Y,65,
s7931,San Pietro,Movie,2017-03-31,20170331,1945,TV-14,32,
s7932,Sanai Choughade,Movie,2018-01-01,20180101,2008,TV-14,122,
s7933,Sangam,Movie,2019-12-31,20191231,1964,TV-14,228,
s7934,Santa Claws,Movie,2017-11-17,20171117,2014,TV-PG,86,
s7935,Santa's Apprentice,Movie,2015-12-20,20151220,2010,TV-G,72,
s7936,Sarah's Key,Movie,2019-09-21,20190921,2010,PG-13,102,
s7937,Sardaar ji,Movie,2017-12-01,20171201,2015,TV-14,140,
s7938,Sardaarji 2,Movie,2017-10-15,20171015,2016,TV-PG,145,
s7939,Sarivar Sari,Movie,2018-02-15,20180215,2005,TV-14,126,
s7940,Sarvopari Palakkaran,Movie,2018-07-01,20180701,2017,TV-14,133,
s7941,Sat Sri Akal,Movie,2019-01-30,20190130,2008,TV-14,141,
s7942,Satan & Adam,Movie,2019-06-01,20190601,2018,TV-MA,78,
s7943,Satrangi,TV Show,2017-04-01,20170401,2014,TV-PG,,1
s7944,Satrangi Re,Movie,2018-03-15,20180315,2012,TV-14,150,
s7945,Satte Pe Satta,Movie,2019-12-31,20191231,1982,TV-14,153,
s7946,Saturday Church,Movie,2020-10-06,20201006,2017,TV-MA,83,
s7947,Savage Dog,Movie,2017-11-01,20171101,2017,TV-MA,95,
s7948,Savage Raghda,Movie,2019-06-13,20190613,2018,TV-MA,93,
s7949,Save Our Shelter,TV Show,2018-08-18,20180818,2015,TV-G,,1
s7950,Saving Mr. Banks,Movie,2019-03-02,20190302,2013,PG-13,126,
s7951,Saving Zoë,Movie,2020-01-15,20200115,2019,R,95,
s7952,Say When,Movie,2018-07-19,20180719,2014,R,99,
s7953,Scales: Mermaids Are Real,Movie,2020-01-23,20200123,2017,PG,93,
s7954,Scandal,TV Show,2018-05-19,20180519,2018,TV-14,,7
s7955,Scandal in Sorrento,Movie,2020-11-13,20201113,1955,TV-PG,93,
s7956,Scary Movie,Movie,2020-01-01,20200101,2000,R,88,
s7957,Scary Movie 5,Movie,2020-08-12,20200812,2013,PG-13,88,
s7958,Schindler's List,Movie,2018-04-01,20180401,1993,R,195,
s7959,School Daze,Movie,2020-11-01,20201101,1988,R,120,
s7960,Scooby-Doo on Zombie Island,Movie,2019-12-15,20191215,1998,TV-PG,77,
s7961,Scott Pilgrim vs. the World,Movie,2018-09-16,20180916,2010,PG-13,112,
s7962,Scream 2,Movie,2019-10-01,20191001,1997,R,121,
s7963,Scream 3,Movie,2019-07-01,20190701,2000,R,117,
s7964,Seal Team Six: The Raid on Osama Bin Laden,Movie,2020-01-01,20200101,2012,TV-MA,90,
s7965,Searching for Bobby Fischer,Movie,2020-12-07,20201207,1993,PG,110,
s7966,Searching for Sugar Man,Movie,2019-12-01,20191201,2012,PG-13,86,
s7967,Season of the Witch,Movie,2019-04-26,20190426,2011,PG-13,95,
s7968,Secret,Movie,2018-07-01,20180701,2007,TV-PG,101,
s7969,Secret Affair,TV Show,2017-05-22,20170522,2014,TV-14,,1
s7970,Secret in Their Eyes,Movie,2018-04-01,20180401,2015,PG-13,111,
s7971,Secrets of Althorp - The Spencers,Movie,2017-04-22,20170422,2013,TV-PG,54,
s7972,Secrets of Chatsworth,Movie,2017-02-22,20170222,2013,TV-PG,54,
s7973,Secrets of Henry VIII's Palace: Hampton Court,Movie,2017-02-22,20170222,2013,TV-PG,54,
s7974,Secrets of Her Majesty's Secret Service,Movie,2017-02-22,20170222,2014,TV-PG,55,
s7975,Secrets of Highclere Castle,Movie,2017-02-22,20170222,2013,TV-PG,54,
s7976,Secrets of Scotland Yard,Movie,2017-04-22,20170422,2013,TV-14,55,
s7977,Secrets of Selfridges,Movie,2017-04-22,20170422,2014,TV-PG,55,
s7978,Secrets of the Tower of London,Movie,2017-02-22,20170222,2013,TV-PG,55,
s7979,Secrets of Underground London,Movie,2017-04-22,20170422,2014,TV-PG,55,
s7980,Secrets of Westminster,Movie,2017-04-22,20170422,2014,TV-PG,55,
s7981,Sen Kimsin?,Movie,2017-03-10,20170310,2012,TV-14,102,
s7982,Senna,Movie,2019-10-01,20191001,2010,PG-13,106,
s7983,Sensitive Skin,TV Show,2019-12-01,20191201,2016,TV-MA,,1
s7984,"Septiembre, un llanto en silencio",Movie,2018-03-10,20180310,2017,TV-MA,69,
s7985,Servant of the People,TV Show,2017-03-01,20170301,2015,TV-14,,1
s7986,Set Up,Movie,2020-01-10,20200110,2011,R,85,
s7989,Sex Doll,Movie,2017-07-10,20170710,2016,UR,103,
s7990,"Sexo, Pudor y Lagrimas",Movie,2017-12-15,20171215,1999,R,111,
s7991,SGT. Will Gardner,Movie,2019-05-19,20190519,2019,TV-MA,125,
s7992,Shadow of Truth,TV Show,2017-01-27,20170127,2016,TV-MA,,1
s7993,Shahanpan Dega Deva,Movie,2018-01-01,20180101,2011,TV-14,115,
s7994,Shaka Zulu,TV Show,2019-01-10,20190110,1986,TV-14,,1
s7995,Shakti: The Power,Movie,2018-03-01,20180301,2002,TV-MA,168,
s7996,Shanghai,Movie,2018-03-01,20180301,2012,TV-14,109,
s7997,Shararat,Movie,2018-03-01,20180301,2002,TV-PG,148,
s7998,Shark Busters,Movie,2018-08-16,20180816,2002,TV-14,92,
s7999,Shark Night,Movie,2019-11-02,20191102,2011,PG-13,91,
s8000,Shaurya: It Takes Courage to Make Right... Right,Movie,2018-03-01,20180301,2008,TV-14,135,
s8001,She Did That,Movie,2020-02-04,20200204,2019,TV-PG,71,
s8002,Shelter,Movie,2017-12-29,20171229,2010,R,112,
s8003,Sherlock,TV Show,2017-05-15,20170515,2017,TV-14,,4
s8005,Shiva,Movie,2019-12-31,20191231,1990,TV-MA,168,
s8006,Shopkins: Chef Club,Movie,2018-11-15,20181115,2016,TV-Y,45,
s8007,Shopkins: Wild,Movie,2018-11-15,20181115,2018,TV-Y,75,
s8008,Shopkins: World Vacation,Movie,2018-11-15,20181115,2017,TV-Y,71,
s8009,Shorgul,Movie,2018-10-30,20181030,2016,TV-14,122,
s8010,Short Term 12,Movie,2019-07-18,20190718,2013,R,97,
s8011,Shorts,Movie,2019-07-01,20190701,2009,PG,89,
s8012,SHOT! The Psycho-Spiritual Mantra of Rock,Movie,2017-08-10,20170810,2016,TV-MA,98,
s8013,Shuddhi,Movie,2018-03-01,20180301,2017,TV-14,115,
s8014,Shutter,Movie,2018-09-05,20180905,2004,TV-MA,96,
s8015,Sicilian Ghost Story,Movie,2019-07-06,20190706,2017,TV-MA,119,
s8016,Sid the Science Kid,TV Show,2020-03-31,20200331,2008,TV-Y,,1
s8017,Siddhant,Movie,2018-10-30,20181030,2014,TV-G,105,
s8018,Silencer,Movie,2018-12-03,20181203,2018,TV-MA,88,
s8019,Silent Hill: Revelation,Movie,2019-12-13,20191213,2012,R,94,
s8020,Silicon Cowboys,Movie,2017-04-01,20170401,2016,TV-PG,77,
s8021,Silver Spoon,TV Show,2017-09-15,20170915,2015,TV-MA,,2
s8022,Sin senos no hay paraíso,TV Show,2017-05-15,20170515,2008,TV-14,,1
s8023,Sin Senos sí Hay Paraíso,TV Show,2019-01-11,20190111,2018,TV-MA,,3
s8024,Singh Saab the Great,Movie,2017-07-15,20170715,2013,TV-14,143,
s8025,Single,Movie,2018-09-28,20180928,2015,TV-PG,127,
s8026,Singularity,Movie,2018-06-01,20180601,2017,PG-13,92,
s8027,Sinister Circle,Movie,2019-10-01,20191001,2017,TV-MA,87,
s8028,Siren,Movie,2020-01-01,20200101,2016,TV-MA,83,
s8029,Sister Code,Movie,2016-02-14,20160214,2015,R,95,
s8030,Skin Trade,Movie,2018-12-17,20181217,2014,R,96,
s8031,Skin Wars,TV Show,2016-10-01,20161001,2016,TV-14,,3
s8032,Skin Wars: Fresh Paint,TV Show,2018-12-15,20181215,2016,TV-14,,1
s8033,Skiptrace,Movie,2019-07-04,20190704,2016,PG-13,107,
s8034,Sky on Fire,Movie,2017-08-05,20170805,2016,TV-MA,100,
s8035,Skydancers,Movie,2018-06-27,20180627,2014,TV-G,49,
s8036,Skyline,Movie,2019-01-16,20190116,2010,PG-13,94,
s8037,Sleeping with Other People,Movie,2017-10-02,20171002,2015,R,101,
s8038,Sleepover,Movie,2020-03-01,20200301,2004,PG,89,
s8039,Sling Blade,Movie,2019-11-01,20191101,1996,R,135,
s8040,Sliver,Movie,2020-01-01,20200101,1993,R,107,
s8041,Slobby's World,TV Show,2018-12-31,20181231,2018,TV-MA,,1
s8042,Slow West,Movie,2018-07-26,20180726,2015,R,84,
s8043,Small Soldiers,Movie,2019-06-01,20190601,1998,PG-13,110,
s8044,Smart People,Movie,2019-07-12,20190712,2008,R,95,
s8045,Smash: Motorized Mayhem,Movie,2017-05-15,20170515,2017,TV-MA,66,
s8046,SMOSH: The Movie,Movie,2015-09-22,20150922,2015,PG-13,83,
s8047,Sniper: Special Ops,Movie,2020-01-10,20200110,2016,R,86,
s8048,Socha Na Tha,Movie,2018-07-01,20180701,2005,TV-14,137,
s8049,Social Animals,Movie,2019-03-19,20190319,2018,TV-MA,87,
s8050,Soekarno,Movie,2019-01-05,20190105,2013,TV-MA,142,
s8051,Solo Con Tu Pareja,Movie,2018-09-01,20180901,1991,NR,94,
s8052,Solo: A Star Wars Story,Movie,2019-01-09,20190109,2018,PG-13,135,
s8053,Solo: A Star Wars Story (Spanish Version),Movie,2019-01-09,20190109,2018,PG-13,135,
s8054,Solomon Kane,Movie,2018-02-15,20180215,2009,R,104,
s8055,Some Freaks,Movie,2017-12-18,20171218,2017,TV-MA,97,
s8056,Something's Gotta Give,Movie,2019-08-01,20190801,2003,PG-13,128,
s8057,Son of a Gun,Movie,2018-07-19,20180719,2014,R,109,
s8058,Sons of Ben,Movie,2016-12-10,20161210,2016,NR,73,
s8059,Sotus The Series,TV Show,2019-05-25,20190525,2016,TV-MA,,1
s8060,Soul Surfer,Movie,2020-05-17,20200517,2011,PG,106,
s8061,Soul to Keep,Movie,2019-07-01,20190701,2019,TV-MA,94,
s8062,Sour Grapes,Movie,2016-11-18,20161118,2016,NR,85,
s8063,Space Racers,TV Show,2020-03-31,20200331,2014,TV-Y,,1
s8064,Sparkle,Movie,2019-11-01,20191101,1976,PG,98,
s8065,Spartacus,TV Show,2015-02-01,20150201,2013,TV-MA,,4
s8066,Speech & Debate,Movie,2017-07-06,20170706,2017,PG-13,96,
s8067,Speed Is My Need,Movie,2020-01-09,20200109,2019,TV-14,75,
s8068,Spider-Man 3,Movie,2019-11-01,20191101,2007,PG-13,139,
s8069,Spider-Man: Into the Spider-Verse,Movie,2019-06-26,20190626,2018,PG,117,
s8070,Spitfire: The Plane that Saved the World,Movie,2019-11-01,20191101,2018,TV-14,95,
s8071,Splash and Bubbles,TV Show,2018-08-13,20180813,2018,TV-Y,,2
s8072,Spotlight,Movie,2020-07-22,20200722,2015,R,129,
s8074,Sprinter,Movie,2020-04-15,20200415,2018,TV-MA,112,
s8075,Spy Kids,Movie,2019-04-01,20190401,2001,PG,88,
s8076,Spy Kids 2: The Island of Lost Dreams,Movie,2019-03-08,20190308,2002,PG,100,
s8077,Spy Kids 3: Game Over,Movie,2019-04-01,20190401,2003,PG,83,
s8078,Spy Time,Movie,2016-06-01,20160601,2015,TV-MA,93,
s8079,St. Agatha,Movie,2019-08-08,20190808,2018,TV-MA,103,
s8080,Staged Killer,Movie,2019-06-28,20190628,2019,TV-14,88,
s8081,Standoff,Movie,2018-12-11,20181211,2015,R,86,
s8082,Star Men,Movie,2017-02-05,20170205,2015,TV-14,88,
s8083,Star Wars: Episode VIII: The Last Jedi,Movie,2018-06-26,20180626,2017,PG-13,152,
s8084,Star-Crossed,TV Show,2015-04-16,20150416,2014,TV-14,,1
s8085,Starred Up,Movie,2019-08-29,20190829,2013,TV-MA,106,
s8086,Station Horizon,TV Show,2016-09-01,20160901,2015,TV-MA,,1
s8087,Stealing History,Movie,2016-07-01,20160701,2006,TV-PG,52,
s8088,Step Brothers,Movie,2019-11-01,20191101,2008,R,98,
s8089,Step Outside,Movie,2019-06-06,20190606,2018,TV-14,89,
s8090,Stephanie,Movie,2018-09-01,20180901,2017,R,86,
s8091,Sthaniya Sambaad,Movie,2018-03-15,20180315,2010,TV-14,106,
s8092,Still,Movie,2018-09-14,20180914,2010,TV-MA,100,
s8093,Stink!,Movie,2018-11-01,20181101,2015,TV-PG,91,
s8094,Stoked,TV Show,2017-12-16,20171216,2010,TV-PG,,1
s8095,Stone Age,TV Show,2019-07-01,20190701,2017,TV-Y7,,1
s8096,Stonehearst Asylum,Movie,2017-09-08,20170908,2014,PG-13,113,
s8097,Stop at Nothing: The Lance Armstrong Story,Movie,2015-02-15,20150215,2014,NR,100,
s8098,Storage Wars: Northern Treasures,TV Show,2019-07-22,20190722,2015,TV-MA,,1
s8099,Story of an Egg,Movie,2017-10-15,20171015,2017,TV-PG,132,
s8100,Straight Up,Movie,2020-06-26,20200626,2020,TV-MA,96,
s8101,Strange but True,Movie,2020-08-30,20200830,2019,PG-13,96,
s8102,Stranger than Fiction,Movie,2020-10-01,20201001,2006,PG-13,113,
s8103,Strawberry Shortcake: Berry Bitty Adventures,TV Show,2016-01-01,20160101,2015,TV-Y,,1
s8104,Strictly Ballroom,Movie,2020-01-01,20200101,1992,PG,95,
s8105,Strike a Pose,Movie,2017-04-07,20170407,2016,TV-MA,85,
s8106,Stripes,Movie,2019-09-01,20190901,1981,R,106,
s8108,Strong Girl Bong-soon,TV Show,2019-11-24,20191124,2017,TV-14,,1
s8109,Stronger Than the World,Movie,2017-02-11,20170211,2016,NR,123,
s8110,Strongland,TV Show,2019-01-18,20190118,2018,TV-PG,,1
s8111,Stuart Little 2,Movie,2020-01-01,20200101,2002,PG,78,
s8112,Submission,Movie,2019-11-11,20191111,2019,TV-MA,95,
s8113,Suburra,Movie,2015-10-14,20151014,2015,NR,135,
s8114,Suckseed,Movie,2018-09-05,20180905,2011,TV-MA,130,
s8115,Sudani from Nigeria,Movie,2018-08-01,20180801,2018,TV-14,115,
s8116,Suicide (Hitabdut),Movie,2016-07-01,20160701,2014,TV-MA,114,
s8117,Suite Française,Movie,2017-06-05,20170605,2014,TV-MA,107,
s8118,Suits,TV Show,2019-12-01,20191201,2018,TV-MA,,1
s8119,Summer Night,Movie,2020-03-19,20200319,2019,TV-MA,93,
s8120,Summer of '92,Movie,2016-07-10,20160710,2015,TV-MA,94,
s8121,Sunrise,Movie,2017-03-15,20170315,2014,TV-MA,85,
s8122,Super Bheem,TV Show,2019-06-28,20190628,2019,TV-Y,,1
s8123,Super Bheem Bana Vajraveer,Movie,2019-06-18,20190618,2018,TV-Y7,63,
s8124,Super Dark Times,Movie,2018-01-01,20180101,2017,TV-MA,104,
s8125,Super Nani,Movie,2018-03-01,20180301,2014,TV-PG,127,
s8126,Super Wings,TV Show,2020-12-01,20201201,2020,TV-Y,,3
s8128,Superfly,Movie,2019-11-01,20191101,1972,R,91,
s8129,Superman Returns,Movie,2019-10-01,20191001,2006,PG-13,154,
s8130,SuperNature: Wild Flyers,TV Show,2017-03-01,20170301,2016,TV-PG,,1
s8131,Superstar,Movie,2019-11-20,20191120,1999,PG-13,82,
s8132,Surat Dari Praha,Movie,2018-10-09,20181009,2016,TV-14,98,
s8133,Surviving R. Kelly Part II: The Reckoning,TV Show,2020-04-13,20200413,2020,TV-MA,,1
s8134,Survivors Guide to Prison,Movie,2018-05-24,20180524,2017,TV-MA,103,
s8135,Susanne Bartsch: On Top,Movie,2018-12-10,20181210,2017,TV-MA,86,
s8136,Sustainable,Movie,2017-03-01,20170301,2016,TV-G,92,
s8137,Swami,Movie,2019-12-31,20191231,1977,TV-PG,123,
s8138,Swami Baba Ramdev: The Untold Story,TV Show,2018-05-01,20180501,2018,TV-14,,1
s8139,Sweeney Todd: The Demon Barber of Fleet Street,Movie,2020-01-01,20200101,2007,R,116,
s8140,Sweet Virginia,Movie,2019-12-01,20191201,2017,R,93,
s8141,Swiss Army Man,Movie,2019-01-30,20190130,2016,R,97,
s8142,Sword Master,Movie,2017-06-10,20170610,2016,TV-MA,108,
s8143,Sword Masters: Two Champions of Shaolin,Movie,2018-08-16,20180816,1980,R,101,
s8144,Sym-Bionic Titan,TV Show,2019-12-15,20191215,2010,TV-PG,,1
s8145,Taal,Movie,2018-03-01,20180301,1999,TV-PG,177,
s8146,Tahaan,Movie,2018-07-15,20180715,2008,TV-14,95,
s8147,Take Me Home Tonight,Movie,2019-05-16,20190516,2011,R,97,
s8148,Taken,TV Show,2019-01-12,20190112,2018,TV-14,,2
s8149,Tales of the City (1993),TV Show,2019-06-28,20190628,1993,TV-MA,,1
s8150,Tamanchey,Movie,2017-10-15,20171015,2014,TV-MA,111,
s8151,Tarif de nuit,Movie,2018-03-01,20180301,2015,TV-MA,81,
s8152,Tarzan,Movie,2018-06-23,20180623,1999,G,89,
s8153,Tarzan 2,Movie,2017-06-23,20170623,2005,G,72,
s8154,Tattah,Movie,2019-05-09,20190509,2013,TV-14,112,
s8155,Tayo the Little Bus Movie: Mission Ace,Movie,2019-07-01,20190701,2016,TV-Y7,48,
s8156,Teach Us All,Movie,2017-09-25,20170925,2017,TV-14,81,
s8157,Teen Patti,Movie,2018-03-01,20180301,2010,TV-PG,137,
s8158,Teenage Cocktail,Movie,2017-01-15,20170115,2016,TV-MA,89,
s8159,Teenage Mutant Ninja Turtles,Movie,2019-05-01,20190501,2007,PG,87,
s8160,Teenage Mutant Ninja Turtles II: The Secret of the Ooze,Movie,2020-01-01,20200101,1991,PG,88,
s8161,Teenage Mutant Ninja Turtles: The Movie,Movie,2020-01-01,20200101,1990,PG,94,
s8162,Tees Maar Khan,Movie,2018-08-02,20180802,2010,TV-PG,125,
s8163,Tellur Aliens,Movie,2016-12-01,20161201,2016,TV-Y7,67,
s8164,Temporada de Caza,Movie,2018-07-15,20180715,2017,TV-MA,108,
s8165,Ten Years,Movie,2019-02-12,20190212,2015,TV-MA,102,
s8166,Teresa,TV Show,2017-12-31,20171231,2010,TV-PG,,1
s8167,Terminator 3: Rise of the Machines,Movie,2020-01-01,20200101,2003,R,109,
s8168,Terminator Salvation,Movie,2020-01-01,20200101,2009,PG-13,115,
s8169,Terra,Movie,2016-05-01,20160501,2015,TV-PG,98,
s8170,Terrifier,Movie,2018-09-01,20180901,2017,TV-MA,84,
s8171,Teshan,Movie,2017-10-15,20171015,2016,TV-PG,133,
s8172,Tezz,Movie,2017-12-01,20171201,2012,TV-MA,121,
s8173,Th Eena Meena Deeka Chase Comedy Show,TV Show,2018-03-31,20180331,2015,TV-Y7,,1
s8174,Thackeray,TV Show,2019-05-25,20190525,2019,TV-MA,,1
s8175,That '70s Show,TV Show,2017-11-01,20171101,2005,TV-14,,8
s8176,The 2000s,TV Show,2019-02-19,20190219,2018,TV-MA,,1
s8177,The 24 Hour War,Movie,2019-11-15,20191115,2016,TV-MA,100,
s8178,The 4th Company,Movie,2018-04-06,20180406,2016,TV-MA,117,
s8179,The Accountant of Auschwitz,Movie,2019-07-01,20190701,2018,TV-14,78,
s8180,The Adderall Diaries,Movie,2018-07-15,20180715,2015,R,87,
s8181,The Adjusters,TV Show,2017-09-18,20170918,2010,TV-PG,,2
s8182,The Adventure Club,Movie,2017-05-10,20170510,2016,TV-Y7,88,
s8184,The Adventures of Sharkboy and Lavagirl,Movie,2020-12-02,20201202,2005,PG,93,
s8185,The Adventures of Tintin,Movie,2019-11-20,20191120,2011,PG,107,
s8186,The Aerial,Movie,2018-04-01,20180401,2007,TV-MA,99,
s8187,The Age of Shadows,Movie,2018-01-01,20180101,2016,TV-MA,140,
s8189,The Amityville Horror,Movie,2020-01-01,20200101,2005,R,89,
s8190,The Andy Griffith Show,TV Show,2017-07-01,20170701,1967,TV-G,,8
s8191,The Angry Birds Movie 2,Movie,2020-02-27,20200227,2019,PG,97,
s8192,The Animal People,Movie,2020-03-11,20200311,2019,TV-MA,97,
s8193,The Ant's Scream,Movie,2019-06-13,20190613,2010,TV-14,108,
s8194,The Apartment,TV Show,2018-12-14,20181214,2014,TV-PG,,2
s8195,The Apostate,Movie,2017-05-10,20170510,2015,TV-MA,80,
s8196,The Art of the Steal,Movie,2018-12-08,20181208,2013,R,90,
s8197,The Art of War,Movie,2020-07-01,20200701,2000,R,117,
s8198,The Assignment,Movie,2020-03-15,20200315,2016,R,95,
s8199,The Autopsy of Jane Doe,Movie,2018-12-30,20181230,2016,R,86,
s8200,The Bachelor,TV Show,2019-12-01,20191201,2009,TV-14,,1
s8201,The Bachelors,Movie,2018-02-21,20180221,2017,TV-14,100,
s8202,The Bad Education Movie,Movie,2018-12-15,20181215,2015,TV-MA,87,
s8203,The Bad Kids,Movie,2017-04-01,20170401,2016,TV-MA,101,
s8204,The Bare-Footed Kid,Movie,2018-08-16,20180816,1993,TV-14,83,
s8205,The Basement,Movie,2019-04-09,20190409,2018,TV-MA,89,
s8206,The Battle of Midway,Movie,2017-03-31,20170331,1942,TV-14,18,
s8207,The Beat,TV Show,2017-09-18,20170918,2012,TV-MA,,1
s8208,The Beginning of Life: The Series,TV Show,2016-11-11,20161111,2016,TV-PG,,1
s8209,The Bible's Buried Secrets,TV Show,2019-02-01,20190201,2011,TV-14,,1
s8210,The Big Catch,TV Show,2019-02-01,20190201,2015,TV-PG,,1
s8211,The Bill Murray Stories: Life Lessons Learned From a Mythical Man,Movie,2018-12-31,20181231,2018,TV-MA,72,
s8212,The Black Room,Movie,2017-08-07,20170807,2016,TV-MA,95,
s8213,The Blackcoat's Daughter,Movie,2019-05-18,20190518,2015,R,95,
s8214,The Bleeder,Movie,2019-03-29,20190329,2016,R,98,
s8215,The Blue Planet: A Natural History of the Oceans,TV Show,2015-10-10,20151010,2001,TV-G,,1
s8216,The Bomb,Movie,2017-08-01,20170801,2016,TV-14,59,
s8217,The Bomb Squad,TV Show,2019-02-01,20190201,2011,TV-MA,,1
s8218,The Book of Eli,Movie,2019-07-01,20190701,2010,R,118,
s8219,The Boss's Daughter,Movie,2017-03-10,20170310,2015,TV-MA,98,
s8220,The Bounty Hunter,Movie,2019-10-01,20191001,2010,PG-13,111,
s8221,The Box,Movie,2019-06-01,20190601,2009,PG-13,116,
s8222,The Boy,Movie,2020-06-01,20200601,2016,PG-13,97,
s8223,The Boy in the Striped Pajamas,Movie,2019-01-01,20190101,2008,PG-13,95,
s8224,The Brave One,Movie,2019-11-01,20191101,2007,R,122,
s8225,The Brawler,Movie,2019-05-18,20190518,2019,TV-MA,95,
s8226,The Breadwinner,Movie,2018-02-20,20180220,2017,PG-13,93,
s8227,The Break-Up,Movie,2019-07-16,20190716,2006,PG-13,107,
s8228,The Bridge,Movie,2019-09-01,20190901,2017,TV-14,119,
s8229,The Brothers Grimm,Movie,2019-07-01,20190701,2005,PG-13,119,
s8230,The Bucket List,Movie,2019-10-01,20191001,2007,PG-13,97,
s8231,The Bulbul's Nest,Movie,2019-05-09,20190509,2013,TV-MA,96,
s8232,The Bund,Movie,2018-09-20,20180920,1983,TV-14,103,
s8233,The Bye Bye Man,Movie,2019-04-01,20190401,2017,PG-13,96,
s8234,The Bygone,Movie,2020-03-23,20200323,2019,TV-MA,106,
s8235,The Cakemaker,Movie,2018-12-04,20181204,2017,TV-14,109,
s8236,The Calling,TV Show,2019-04-01,20190401,2018,TV-MA,,1
s8237,The Captive,Movie,2018-07-20,20180720,2014,R,112,
s8238,The Car,Movie,2020-06-01,20200601,1977,PG,96,
s8239,The Carter Effect,Movie,2018-05-01,20180501,2017,TV-MA,60,
s8240,The Case for Christ,Movie,2017-11-21,20171121,2017,TV-PG,113,
s8241,The Cell,Movie,2019-06-13,20190613,2017,TV-MA,126,
s8242,The CEO,Movie,2019-09-01,20190901,2016,TV-14,109,
s8243,The Charnel House,Movie,2017-02-04,20170204,2016,R,93,
s8244,The Chefs' Line,TV Show,2019-08-01,20190801,2017,TV-14,,1
s8245,The Chord,Movie,2019-06-20,20190620,2010,TV-MA,101,
s8246,The Chosen,Movie,2017-04-14,20170414,2016,TV-14,111,
s8247,The Chosen Ones,Movie,2016-05-08,20160508,2015,TV-MA,107,
s8248,The Christmas Candle,Movie,2019-11-01,20191101,2013,PG,100,
s8249,The Christmas Project,Movie,2019-03-01,20190301,2016,TV-PG,92,
s8250,The Cincinnati Kid,Movie,2019-11-01,20191101,1965,TV-14,103,
s8251,The Code,TV Show,2018-02-01,20180201,2011,TV-PG,,1
s8252,The Company Men,Movie,2018-07-28,20180728,2010,R,105,
s8253,The Competition,Movie,2019-07-23,20190723,2018,TV-14,103,
s8254,The Confirmation,Movie,2019-02-06,20190206,2016,PG-13,101,
s8255,The Congress,Movie,2019-08-23,20190823,2013,TV-MA,123,
s8256,The Consul's Son,Movie,2019-04-25,20190425,2011,TV-14,114,
s8257,The Craft,Movie,2020-01-01,20200101,1996,R,101,
s8258,The Cravings,TV Show,2017-04-20,20170420,2016,TV-14,,2
s8259,The Croods,Movie,2019-07-29,20190729,2013,PG,99,
s8260,The Crow,Movie,2019-01-01,20190101,1994,R,102,
s8261,The Cruise,Movie,2019-10-01,20191001,1970,TV-PG,66,
s8262,The Crying Game,Movie,2020-01-01,20200101,1992,R,112,
s8263,The Curse of Oak Island,TV Show,2019-09-15,20190915,2016,TV-PG,,1
s8264,The D Train,Movie,2017-04-02,20170402,2015,R,101,
s8265,The Damned Rain,Movie,2018-01-01,20180101,2009,TV-14,99,
s8266,The Dancer,Movie,2018-12-08,20181208,2011,TV-MA,105,
s8267,The Dark Crystal,Movie,2019-05-01,20190501,1982,PG,93,
s8268,The Dark Side of Life: Mumbai City,Movie,2019-12-31,20191231,2018,TV-MA,121,
s8269,The Darkest Dawn,Movie,2018-06-23,20180623,2016,TV-MA,75,
s8270,The Daughter,Movie,2017-04-26,20170426,2015,TV-MA,95,
s8271,The Dawn Wall,Movie,2019-03-04,20190304,2017,TV-MA,100,
s8272,The Day My Butt Went Psycho!,TV Show,2015-06-30,20150630,2015,TV-Y7,,2
s8274,The Desert Bride,Movie,2018-11-08,20181108,2017,TV-14,78,
s8275,The Detained,Movie,2019-02-15,20190215,2017,TV-14,85,
s8276,The Devil and Father Amorth,Movie,2018-07-23,20180723,2017,TV-PG,69,
s8277,The Devil Inside,Movie,2019-11-20,20191120,2012,R,84,
s8278,The Devil Is a Part-Timer!,TV Show,2019-04-01,20190401,2013,TV-14,,1
s8279,The Devil We Know,Movie,2019-01-15,20190115,2018,TV-14,88,
s8280,The Diabolical,Movie,2018-08-01,20180801,2015,TV-MA,86,
s8281,The Dreamer,Movie,2018-10-04,20181004,2009,TV-PG,121,
s8282,The Drowning,Movie,2017-09-01,20170901,2016,TV-MA,99,
s8283,The Drunk and on Drugs Happy Funtime Hour,TV Show,2018-08-24,20180824,2011,TV-MA,,1
s8284,The Duel,Movie,2019-06-02,20190602,2016,R,110,
s8285,The Dukes of Hazzard,Movie,2020-01-01,20200101,2005,PG-13,104,
s8286,The Dukes of Hazzard: The Beginning,Movie,2020-01-01,20200101,2007,R,95,
s8287,The Eichmann Show,Movie,2017-08-31,20170831,2015,TV-MA,96,
s8288,The Eighties,TV Show,2018-09-30,20180930,2016,TV-PG,,1
s8289,The End of the Tour,Movie,2018-07-26,20180726,2015,R,106,
s8290,The Endless,Movie,2018-09-19,20180919,2017,TV-MA,112,
s8291,The Evil Dead,Movie,2020-01-10,20200110,1981,TV-MA,85,
s8292,The Exception,Movie,2019-07-26,20190726,2016,R,107,
s8293,The Eyes of My Mother,Movie,2017-04-06,20170406,2016,R,76,
s8294,The Fear,TV Show,2017-03-31,20170331,2012,TV-MA,,1
s8295,The Fear of 13,Movie,2016-06-01,20160601,2015,TV-MA,95,
s8296,The Feels,Movie,2018-07-01,20180701,2018,TV-MA,88,
s8297,The Fighter,Movie,2019-01-13,20190113,2010,R,116,
s8298,The Figurine (Araromire),Movie,2019-10-01,20191001,2009,TV-14,121,
s8299,The Final Destination,Movie,2020-01-01,20200101,2009,R,82,
s8300,The First Line,Movie,2016-09-20,20160920,2014,TV-14,87,
s8301,The First Temptation of Christ,Movie,2019-12-03,20191203,2019,TV-MA,46,
s8302,The First Wives Club,Movie,2019-11-20,20191120,1996,PG,103,
s8303,The Five,TV Show,2017-09-15,20170915,2016,TV-MA,,1
s8304,The Five Venoms,Movie,2018-07-31,20180731,1978,R,97,
s8305,The Flintstones,Movie,2019-10-01,20191001,1994,PG,91,
s8306,The Flintstones in Viva Rock Vegas,Movie,2019-10-01,20191001,2000,PG,91,
s8307,The Flying Guillotine,Movie,2018-07-28,20180728,1975,TV-MA,101,
s8308,The Forbidden Kingdom,Movie,2019-07-01,20190701,2008,PG-13,104,
s8309,The Force,Movie,2018-01-29,20180129,2017,TV-MA,92,
s8310,The Foreigner,Movie,2020-02-14,20200214,2017,R,113,
s8311,The Forgotten,Movie,2017-09-11,20170911,2014,TV-MA,89,
s8312,The Fosters,TV Show,2017-10-05,20171005,2017,TV-14,,5
s8313,The Founder,Movie,2020-08-21,20200821,2016,PG-13,115,
s8314,The Free Man,Movie,2017-10-01,20171001,2016,TV-PG,84,
s8315,The Frozen Ground,Movie,2020-08-27,20200827,2013,R,106,
s8316,The Furchester Hotel,TV Show,2017-02-01,20170201,2015,TV-Y,,2
s8317,The Future of Water,TV Show,2016-07-01,20160701,2007,TV-PG,,1
s8318,The Gathering,Movie,2018-12-08,20181208,2003,TV-14,124,
s8319,The Gentleman Driver,Movie,2019-01-31,20190131,2018,TV-MA,83,
s8320,The Ghost Who Walks,Movie,2020-04-07,20200407,2019,TV-MA,107,
s8322,The Golden Years with Javed Akhtar,TV Show,2017-06-01,20170601,2016,TV-G,,1
s8323,The Golem,Movie,2019-06-26,20190626,2018,TV-MA,95,
s8324,The Good Catholic,Movie,2018-01-24,20180124,2017,PG-13,97,
s8325,The Good Neighbor,Movie,2016-12-05,20161205,2016,TV-MA,97,
s8326,"The Goods: Live Hard, Sell Hard",Movie,2019-11-20,20191120,2009,R,89,
s8327,The Gospel of John,Movie,2018-10-20,20181020,2014,TV-14,161,
s8328,The Gospel of Luke,Movie,2018-10-19,20181019,2015,TV-14,205,
s8329,The Gospel of Mark,Movie,2018-10-19,20181019,2015,TV-14,123,
s8330,The Gospel of Matthew,Movie,2018-10-19,20181019,2014,TV-14,190,
s8331,The Great Battle,Movie,2019-04-08,20190408,2018,TV-MA,136,
s8332,The Great British Baking Show: Masterclass,TV Show,2018-12-01,20181201,2018,TV-PG,,4
s8333,The Great Gambler,Movie,2019-12-31,20191231,1979,TV-14,161,
s8334,The Great Raid,Movie,2019-11-01,20191101,2005,R,133,
s8335,The Great Train Robbery,TV Show,2017-03-31,20170331,2013,NR,,1
s8336,The Green Hornet,Movie,2020-04-18,20200418,2011,PG-13,119,
s8337,The Guild,TV Show,2019-03-02,20190302,2013,TV-MA,,1
s8338,The Hatred,Movie,2017-12-11,20171211,2017,R,94,
s8339,The Haunting of Molly Hartley,Movie,2018-10-04,20181004,2008,PG-13,85,
s8340,The Healer,Movie,2020-06-01,20200601,2017,TV-14,108,
s8341,The Heat: A Kitchen (R)evolution,Movie,2019-05-07,20190507,2018,TV-MA,71,
s8342,The Help,Movie,2020-06-01,20200601,2011,PG-13,147,
s8343,The Heretics,Movie,2019-09-04,20190904,2017,TV-MA,88,
s8344,The Heroes of Evil,Movie,2016-06-01,20160601,2015,TV-MA,99,
s8345,The Heyday of the Insensitive Bastards,Movie,2018-02-26,20180226,2017,TV-MA,96,
s8346,The Hollow Point,Movie,2017-03-16,20170316,2016,R,97,
s8347,The Holy Man,Movie,2018-07-25,20180725,2005,TV-14,92,
s8348,The Homecoming,TV Show,2017-06-02,20170602,2015,TV-PG,,1
s8349,The House on Coco Road,Movie,2017-06-30,20170630,2016,TV-14,79,
s8350,The House That Made Me,TV Show,2017-03-31,20170331,2015,TV-PG,,3
s8351,The Human Factor: The Untold Story of the Bombay Film Orchestras,Movie,2017-04-01,20170401,2013,TV-PG,53,
s8352,The Humanity Bureau,Movie,2018-12-18,20181218,2017,R,94,
s8353,The Hundred-Foot Journey,Movie,2019-01-31,20190131,2014,PG,123,
s8354,The Hunt,TV Show,2017-05-14,20170514,2015,TV-PG,,1
s8355,The Hurricane Heist,Movie,2018-09-26,20180926,2018,PG-13,103,
s8356,The Hurt Business,Movie,2017-02-01,20170201,2016,PG-13,111,
s8357,The Imaginarium of Doctor Parnassus,Movie,2019-03-08,20190308,2009,PG-13,123,
s8358,The Inbetweeners,TV Show,2018-01-01,20180101,2010,TV-MA,,3
s8359,The Incident,Movie,2017-06-19,20170619,2014,TV-MA,100,
s8360,The Incredible Story of the Giant Pear,Movie,2019-03-01,20190301,2018,TV-G,75,
s8361,The Incredibles 2,Movie,2019-01-30,20190130,2018,PG,118,
s8362,The Indian in the Cupboard,Movie,2020-11-01,20201101,1995,PG,96,
s8363,The Informant!,Movie,2018-08-01,20180801,2009,R,108,
s8364,The Intent,Movie,2017-05-15,20170515,2016,TV-MA,99,
s8365,The Intent 2: The Come Up,Movie,2019-02-21,20190221,2018,TV-MA,103,
s8366,The Invention of Lying,Movie,2020-01-01,20200101,2009,PG-13,99,
s8367,The Investigator: A British Crime Story,TV Show,2020-03-05,20200305,2018,TV-MA,,2
s8368,The Invitation,Movie,2016-07-08,20160708,2015,TV-MA,100,
s8369,The Irish Mob,TV Show,2016-12-01,20161201,2008,TV-MA,,1
s8370,The Iron Lady,Movie,2019-07-07,20190707,2011,PG-13,105,
s8371,The Jack King Affair,Movie,2018-01-02,20180102,2015,TV-14,52,
s8372,The Jaime Maussan Show,TV Show,2017-12-01,20171201,2010,TV-PG,,1
s8373,The Jane Austen Book Club,Movie,2019-03-08,20190308,2007,PG-13,106,
s8374,The Jungle Book,TV Show,2019-05-11,20190511,2010,TV-Y7,,1
s8375,The Jungle School,Movie,2018-10-30,20181030,2013,TV-PG,90,
s8376,The Keeping Hours,Movie,2018-09-01,20180901,2017,PG-13,95,
s8377,The Kindness Diaries,TV Show,2019-05-01,20190501,2019,TV-PG,,1
s8378,The King's Speech,Movie,2018-06-02,20180602,2010,R,118,
s8379,The L Word,TV Show,2018-03-20,20180320,2009,TV-MA,,6
s8380,The Lady in Dignity,TV Show,2018-01-30,20180130,2017,TV-MA,,1
s8381,The Lake House,Movie,2019-09-01,20190901,2006,PG,98,
s8382,The Lamb,Movie,2018-06-04,20180604,2017,PG,86,
s8383,The Land of the Enlightened,Movie,2017-01-01,20170101,2016,TV-MA,84,
s8384,The Last Days of Chez Nous,Movie,2016-11-01,20161101,1992,R,93,
s8385,The Last Exorcism,Movie,2019-09-01,20190901,2010,PG-13,88,
s8386,The Last Face,Movie,2020-01-13,20200113,2016,R,131,
s8387,The Last Hangover,Movie,2018-12-21,20181221,2018,TV-MA,44,
s8388,The Last Man on the Moon,Movie,2016-05-26,20160526,2014,TV-PG,96,
s8389,The Last Resort,Movie,2019-04-21,20190421,2018,TV-14,70,
s8390,The Last Whistle,Movie,2019-10-26,20191026,2019,PG,88,
s8391,The Legend of 420,Movie,2017-12-01,20171201,2017,TV-MA,87,
s8392,The Legend of Michael Mishra,Movie,2019-04-01,20190401,2016,TV-14,118,
s8393,The Liar,TV Show,2017-10-21,20171021,2013,TV-14,,1
s8394,The Little Hours,Movie,2018-12-23,20181223,2017,R,89,
s8395,The Little Mermaid,Movie,2018-12-01,20181201,2018,PG,85,
s8396,The Little Prince,Movie,2020-11-06,20201106,2015,PG,107,
s8397,The Lives of Others,Movie,2019-03-15,20190315,2006,R,138,
s8398,The Lizzie Borden Chronicles,TV Show,2016-02-01,20160201,2015,TV-14,,1
s8399,The Lobster,Movie,2018-12-02,20181202,2015,R,119,
s8400,The Lodgers,Movie,2018-08-23,20180823,2017,R,93,
s8401,The Long Goodbye: The Kara Tippetts Story,Movie,2019-06-23,20190623,2019,TV-PG,87,
s8402,The Longest Yard,Movie,2019-11-20,20191120,1974,R,121,
s8403,The Longshots,Movie,2019-01-30,20190130,2008,PG,95,
s8404,The Look of Silence,Movie,2016-02-26,20160226,2014,PG-13,103,
s8405,The Lord of the Rings: The Return of the King,Movie,2020-01-01,20200101,2003,PG-13,201,
s8406,The Lord of the Rings: The Two Towers,Movie,2020-01-01,20200101,2002,PG-13,179,
s8407,The Love Guru,Movie,2019-11-20,20191120,2008,PG-13,87,
s8408,The Lovers and the Despot,Movie,2017-02-23,20170223,2016,TV-14,98,
s8409,The lynx,Movie,2019-10-01,20191001,1982,TV-14,82,
s8410,The Mad Monk,Movie,2018-08-16,20180816,1993,TV-14,85,
s8411,The Magic Pill,Movie,2018-04-24,20180424,2017,TV-PG,90,
s8412,The Making of Frozen Planet,TV Show,2016-01-28,20160128,2012,TV-PG,,1
s8413,The Man Who Would Be Polka King,Movie,2018-01-12,20180112,2009,TV-14,68,
s8414,The Mask of Zorro,Movie,2020-01-01,20200101,1998,PG-13,138,
s8415,The Matrix,Movie,2019-11-01,20191101,1999,R,136,
s8416,The Matrix Reloaded,Movie,2019-11-01,20191101,2003,R,138,
s8417,The Matrix Revolutions,Movie,2019-11-01,20191101,2003,R,129,
s8418,The Mayo Clinic,Movie,2019-04-19,20190419,2018,TV-14,116,
s8419,The Mayor,Movie,2017-09-30,20170930,2017,TV-MA,130,
s8420,"The Memphis Belle: A Story of a
Flying Fortress",Movie,2017-03-31,20170331,1944,TV-PG,40,
s8421,The Men Who Stare at Goats,Movie,2019-06-04,20190604,2009,R,94,
s8422,The Messengers,TV Show,2016-04-17,20160417,2015,TV-14,,1
s8423,The Mind of a Chef,TV Show,2017-11-01,20171101,2016,TV-PG,,5
s8424,The Minimighty Kids,TV Show,2018-04-15,20180415,2012,TV-G,,2
s8425,The Ministry of Time,TV Show,2018-01-28,20180128,2017,TV-MA,,3
s8426,The Model,Movie,2016-12-06,20161206,2016,TV-MA,104,
s8427,The Monster,Movie,2019-01-09,20190109,2016,R,91,
s8428,The Monster of Mangatiti,Movie,2015-12-15,20151215,2015,TV-MA,70,
s8429,The Mortified Guide,TV Show,2018-02-14,20180214,2018,TV-MA,,1
s8430,The Most Beautiful Hands of Delhi,TV Show,2017-07-20,20170720,2017,TV-MA,,1
s8431,The Muppets,Movie,2020-09-01,20200901,2011,PG,104,
s8432,The Murder Detectives,TV Show,2017-03-31,20170331,2015,TV-MA,,1
s8433,The Music of Silence,Movie,2018-07-01,20180701,2017,TV-PG,115,
s8434,The Naked Gun 2 1/2: The Smell of Fear,Movie,2020-01-01,20200101,1991,PG-13,85,
s8436,The Natural,Movie,2020-01-01,20200101,1984,PG,138,
s8437,The Negro Soldier,Movie,2017-03-31,20170331,1944,TV-14,40,
s8439,The New Romantic,Movie,2019-04-15,20190415,2018,TV-MA,82,
s8440,The Nineties,TV Show,2018-09-30,20180930,2017,TV-14,,1
s8441,The NSU-Complex,Movie,2016-12-28,20161228,2016,TV-14,90,
s8442,The Nutcracker and the Four Realms,Movie,2019-05-28,20190528,2018,PG,99,
s8443,The Office (U.S.),TV Show,2016-01-01,20160101,2012,TV-14,,9
s8444,The One I Love,Movie,2019-05-30,20190530,2014,R,91,
s8445,The Only Mother To You All,Movie,2019-02-27,20190227,2008,TV-PG,106,
s8446,The Other Guys,Movie,2020-02-01,20200201,2010,PG-13,108,
s8447,The Parole Officer,Movie,2018-08-01,20180801,2001,R,94,
s8448,The Pass,Movie,2019-01-01,20190101,2016,NR,87,
s8449,The Peacemaker,Movie,2020-01-01,20200101,1997,R,124,
s8450,The Pelican Brief,Movie,2019-11-01,20191101,1993,PG-13,141,
s8451,The Perfect Day,Movie,2018-09-01,20180901,2018,TV-14,93,
s8452,The Perks of Being a Wallflower,Movie,2020-04-01,20200401,2012,PG-13,103,
s8453,The Phantom of the Opera,Movie,2019-06-01,20190601,2004,PG-13,141,
s8454,The Physician,Movie,2015-07-15,20150715,2013,R,155,
s8455,The Pink Panther,Movie,2019-07-01,20190701,2006,PG,93,
s8456,The Pirate Fairy,Movie,2014-06-15,20140615,2014,G,78,
s8457,The Pirates of Somalia,Movie,2018-03-01,20180301,2017,R,118,
s8458,The Pirates! Band of Misfits,Movie,2020-10-01,20201001,2012,PG,88,
s8459,The Place Beyond the Pines,Movie,2017-05-16,20170516,2012,R,140,
s8460,The Plan,Movie,2018-03-01,20180301,2015,TV-MA,124,
s8461,The Player,Movie,2019-06-20,20190620,2012,TV-MA,110,
s8463,The Power of Grayskull: The Definitive History of He-Man and the Masters of the Universe,Movie,2018-08-24,20180824,2017,TV-14,96,
s8464,The President's Barber,Movie,2017-10-01,20171001,2004,TV-MA,116,
s8465,The Prince,Movie,2019-02-22,20190222,2014,R,91,
s8466,The Prince & Me,Movie,2020-10-01,20201001,2004,PG,111,
s8467,The Princess and the Frog,Movie,2019-07-16,20190716,2009,G,98,
s8468,The Prison,Movie,2017-11-18,20171118,2017,TV-MA,125,
s8469,The Pursuit,Movie,2019-08-07,20190807,2019,TV-14,76,
s8470,The Pursuit of Happyness,Movie,2019-10-01,20191001,2006,PG-13,117,
s8471,The Push,Movie,2019-06-07,20190607,2018,TV-MA,90,
s8472,The Pyramid Code,TV Show,2016-02-08,20160208,2009,TV-PG,,1
s8473,The Rainbow Troops,Movie,2018-10-21,20181021,2008,TV-PG,119,
s8474,The Rainmaker,Movie,2019-11-20,20191120,1997,PG-13,136,
s8475,The Rap Game,TV Show,2019-09-15,20190915,2016,TV-14,,1
s8476,The Rat Race,Movie,2017-01-01,20170101,2010,TV-PG,52,
s8477,The Real Football Factories,TV Show,2017-12-29,20171229,2006,TV-MA,,1
s8478,The Real Miyagi,Movie,2017-06-16,20170616,2015,TV-PG,81,
s8479,The Rebound,Movie,2019-02-28,20190228,2016,TV-MA,77,
s8480,The Redeemed and the Dominant: Fittest on Earth,Movie,2018-07-01,20180701,2017,TV-14,120,
s8481,The Rehearsal,Movie,2018-01-01,20180101,2016,TV-MA,102,
s8482,The Republic of Imbaba,Movie,2019-06-06,20190606,2015,TV-14,90,
s8483,The Returned,TV Show,2019-02-17,20190217,2015,TV-MA,,1
s8484,The Rezort,Movie,2017-01-16,20170116,2016,TV-MA,90,
s8485,The Rift: The Dark Side of the Moon,Movie,2018-02-26,20180226,2016,TV-MA,92,
s8486,The Right One,Movie,2019-06-13,20190613,2011,TV-14,93,
s8487,The Ring,Movie,2020-01-01,20200101,2002,PG-13,116,
s8488,The Riot Club,Movie,2017-03-16,20170316,2014,R,107,
s8489,The River Thief,Movie,2017-01-14,20170114,2016,NR,87,
s8490,The River Wild,Movie,2018-09-01,20180901,1994,PG-13,111,
s8491,The Road to Calvary,TV Show,2018-09-01,20180901,2017,TV-14,,1
s8492,The Rolling Stones: Olé Olé Olé! A Trip Across Latin America,Movie,2019-03-22,20190322,2016,TV-MA,101,
s8493,The Roommate,Movie,2020-04-01,20200401,2011,PG-13,91,
s8494,The Rover,Movie,2018-07-19,20180719,2014,R,103,
s8495,THE RUM DIARY,Movie,2019-12-06,20191206,2011,R,120,
s8496,The Runner,Movie,2017-09-08,20170908,2015,R,90,
s8497,The Salvation,Movie,2017-03-02,20170302,2014,R,92,
s8498,The Sapphires,Movie,2019-04-26,20190426,2012,PG-13,99,
s8499,The Score,Movie,2019-11-28,20191128,2001,R,124,
s8500,The Sea of Trees,Movie,2018-11-08,20181108,2015,PG-13,111,
s8501,The Search for Life in Space,Movie,2018-04-01,20180401,2016,TV-G,32,
s8502,The Secret Life of Pets 2,Movie,2019-12-27,20191227,2019,PG,86,
s8503,The Seven Five,Movie,2017-04-14,20170414,2014,R,104,
s8504,The Seventies,TV Show,2018-09-30,20180930,2015,TV-PG,,1
s8505,The Shaukeens,Movie,2018-03-01,20180301,2014,TV-MA,123,
s8506,The Show,Movie,2020-06-01,20200601,2017,TV-MA,105,
s8507,The Sign of Venus,Movie,2020-11-13,20201113,1955,TV-14,97,
s8508,The Signal,Movie,2018-07-13,20180713,2014,PG-13,97,
s8509,The Similars,Movie,2017-01-15,20170115,2015,NR,90,
s8510,The Sinking Of Van Der Wijck,Movie,2018-09-28,20180928,2013,TV-14,163,
s8511,The Sniffer,TV Show,2018-06-01,20180601,2017,TV-MA,,3
s8512,The Social Network,Movie,2020-04-01,20200401,2010,PG-13,121,
s8513,The Space Between Us,Movie,2019-06-01,20190601,2016,PG-13,120,
s8514,The Spectacular Now,Movie,2018-07-15,20180715,2013,R,95,
s8515,The spiral,Movie,2019-10-01,20191001,1978,TV-MA,84,
s8516,The Spy Next Door,Movie,2020-11-01,20201101,2010,PG,94,
s8517,The Spy Who Fell to Earth,Movie,2019-04-05,20190405,2019,TV-MA,94,
s8518,The Stanford Prison Experiment,Movie,2017-06-17,20170617,2015,R,122,
s8519,The Story of God with Morgan Freeman,TV Show,2019-02-01,20190201,2017,TV-14,,2
s8520,The Story of Us with Morgan Freeman,TV Show,2019-02-01,20190201,2017,TV-14,,1
s8521,The Student,Movie,2019-03-15,20190315,2017,TV-14,90,
s8522,The Sunshine Makers,Movie,2017-03-09,20170309,2015,TV-MA,91,
s8523,The Super,Movie,2019-02-16,20190216,2017,R,89,
s8524,The Super Mario Bros. Super Show!,TV Show,2016-05-22,20160522,1989,TV-Y7,,1
s8525,The Surrounding Game,Movie,2018-08-30,20180830,2018,TV-14,98,
s8526,The Taking of Pelham 123,Movie,2019-09-01,20190901,2009,R,106,
s8527,The Talented Mr. Ripley,Movie,2020-01-01,20200101,1999,R,139,
s8528,The Texas Chainsaw Massacre,Movie,2019-10-22,20191022,1974,R,83,
s8529,The Thief and the Imbecile,Movie,2019-06-06,20190606,2013,TV-14,96,
s8530,The Tiger Hunter,Movie,2018-04-09,20180409,2016,TV-14,94,
s8531,The Tigers of Scotland,Movie,2018-11-01,20181101,2017,TV-G,58,
s8532,The Time Machine,Movie,2019-11-23,20191123,2002,PG-13,96,
s8533,The Time Traveler's Wife,Movie,2019-10-01,20191001,2009,PG-13,107,
s8534,The Traffickers,TV Show,2018-01-22,20180122,2016,TV-MA,,1
s8535,The Tribes of Palos Verdes,Movie,2019-12-01,20191201,2017,R,104,
s8536,The Trigger Effect,Movie,2018-01-01,20180101,1996,R,94,
s8537,The Trip to Spain,Movie,2017-12-12,20171212,2016,TV-MA,108,
s8538,The Trust,Movie,2019-04-01,20190401,2015,R,91,
s8539,The Truth About Alcohol,Movie,2017-08-01,20170801,2016,TV-14,58,
s8540,The Tudors,TV Show,2018-01-08,20180108,2010,TV-MA,,4
s8541,The Tuxedo,Movie,2019-11-01,20191101,2002,PG-13,99,
s8542,The Twilight Zone (Original Series),TV Show,2017-07-01,20170701,1963,TV-14,,4
s8543,The Ugly Truth,Movie,2019-04-25,20190425,2009,R,96,
s8544,The Unborn Child,Movie,2018-07-30,20180730,2011,TV-MA,93,
s8545,The Underwear,TV Show,2018-06-19,20180619,2017,TV-MA,,1
s8546,The Universe,TV Show,2019-09-15,20190915,2009,TV-14,,1
s8547,The Unknown Girl,Movie,2017-12-12,20171212,2016,TV-MA,106,
s8548,The Unknown Known,Movie,2019-02-22,20190222,2013,PG-13,103,
s8549,The Vatican Tapes,Movie,2020-04-20,20200420,2015,PG-13,91,
s8550,The Vietnam War: A Film by Ken Burns and Lynn Novick,TV Show,2018-06-20,20180620,2017,TV-MA,,1
s8551,The Walls of the Moon,Movie,2019-04-18,20190418,2015,TV-14,98,
s8552,The War: A Film by Ken Burns and Lynn Novick,TV Show,2017-02-22,20170222,2007,TV-14,,1
s8553,The Water Diviner,Movie,2019-10-07,20191007,2014,R,111,
s8554,The Water Horse: Legend of the Deep,Movie,2018-11-01,20181101,2007,PG,112,
s8555,The Waterboy,Movie,2017-03-08,20170308,1998,PG-13,90,
s8556,The Wedding Curse,Movie,2019-03-21,20190321,2006,TV-PG,101,
s8557,The Wedding Party 2: Destination Dubai,Movie,2019-09-21,20190921,2017,TV-14,98,
s8558,The West Wing,TV Show,2015-12-25,20151225,2005,TV-14,,7
s8559,The Witch,Movie,2018-09-17,20180917,2015,R,92,
s8560,The Witch Files,Movie,2019-02-01,20190201,2018,TV-14,88,
s8561,The Womanizer,TV Show,2016-09-01,20160901,2010,TV-MA,,1
s8562,The Women Who Kill Lions,Movie,2017-08-01,20170801,2016,TV-MA,47,
s8563,The Women's Balcony,Movie,2017-12-19,20171219,2016,TV-PG,100,
s8564,The Workshop,Movie,2018-11-10,20181110,2017,TV-MA,114,
s8565,The World Is Not Enough,Movie,2019-12-31,20191231,1999,PG-13,128,
s8566,The World's Most Wanted Animal,Movie,2019-04-01,20190401,2018,TV-PG,53,
s8567,The Wrong Babysitter,Movie,2019-06-18,20190618,2017,TV-14,89,
s8568,The Year of Happiness and Love,TV Show,2016-09-01,20160901,2009,TV-PG,,1
s8569,The Young Offenders,Movie,2017-03-09,20170309,2016,TV-MA,83,
s8570,The Young Vagabond,Movie,2018-08-16,20180816,1985,TV-14,85,
s8571,Theater of Life,Movie,2017-07-18,20170718,2016,TV-PG,94,
s8572,Theeram,Movie,2018-07-01,20180701,2017,TV-14,104,
s8573,"Thelonious Monk: Straight, No Chaser",Movie,2019-11-01,20191101,1988,PG-13,89,
s8574,Theo Who Lived,Movie,2016-12-16,20161216,2016,TV-14,86,
s8575,ThirTEEN Terrors,TV Show,2019-03-01,20190301,2014,TV-14,,1
s8576,This Is My Love,TV Show,2017-05-22,20170522,2015,TV-14,,1
s8577,This Is Not What I Expected,Movie,2017-10-14,20171014,2017,TV-PG,107,
s8578,This Was Tomorrow,Movie,2015-12-15,20151215,2015,NR,77,
s8579,Thithi,Movie,2017-03-09,20170309,2015,TV-MA,123,
s8580,Thong Dee Fun Khao,Movie,2018-01-15,20180115,2017,TV-MA,122,
s8581,Thor: Ragnarok,Movie,2018-06-05,20180605,2017,PG-13,131,
s8582,Thor: Tales of Asgard,Movie,2020-04-15,20200415,2011,TV-Y7,77,
s8583,Thorne: Scaredy Cat,Movie,2016-11-02,20161102,2010,NR,125,
s8584,Thorne: Sleepyhead,Movie,2016-11-02,20161102,2010,NR,125,
s8585,Three,Movie,2017-06-03,20170603,2016,TV-MA,88,
s8586,Three-Quarters Decent,Movie,2019-06-20,20190620,2010,TV-14,96,
s8587,Thumper,Movie,2018-02-05,20180205,2017,TV-MA,93,
s8588,Thunderbolt,Movie,2017-03-31,20170331,1947,TV-PG,42,
s8589,Tientsin Mystic,TV Show,2018-02-09,20180209,2017,TV-14,,1
s8590,Tik Tok,Movie,2017-07-01,20170701,2016,TV-14,108,
s8591,Tikli and Laxmi Bomb,Movie,2018-08-01,20180801,2017,TV-MA,151,
s8592,Time Please,Movie,2018-01-01,20180101,2013,TV-14,125,
s8593,Timeless Season,TV Show,2017-09-18,20170918,2009,TV-14,,1
s8594,Timeline,TV Show,2018-02-23,20180223,2014,TV-14,,1
s8595,Tinker Bell and the Legend of the NeverBeast,Movie,2015-05-17,20150517,2014,G,78,
s8596,Tinker',Movie,2019-03-19,20190319,2018,TV-14,97,
s8597,Tip the Mouse,TV Show,2017-09-01,20170901,2014,TV-Y,,1
s8598,To Be a Miss,Movie,2017-01-01,20170101,2016,TV-14,84,
s8599,"To Wong Foo, Thanks for Everything! Julie Newmar",Movie,2019-08-01,20190801,1995,PG-13,108,
s8600,Toast of London,TV Show,2017-09-01,20170901,2015,TV-MA,,3
s8601,Tobot,TV Show,2019-09-11,20190911,2018,TV-Y7,,2
s8602,Tokyo Idols,Movie,2017-10-01,20171001,2017,TV-14,89,
s8603,Tom and Jerry: The Magic Ring,Movie,2019-12-15,20191215,2001,TV-Y7,60,
s8604,Tomorrow Never Dies,Movie,2019-12-31,20191231,1997,PG-13,119,
s8605,Top 10 Secrets and Mysteries,TV Show,2019-03-15,20190315,2018,TV-14,,1
s8606,Top Grier,TV Show,2018-12-31,20181231,2018,TV-MA,,3
s8607,Tope: The Bait,Movie,2018-03-01,20180301,2016,TV-14,87,
s8608,Tortilla Soup,Movie,2020-09-15,20200915,2001,PG-13,104,
s8609,Total Frat Movie,Movie,2016-12-19,20161219,2016,NR,94,
s8610,Towies,TV Show,2017-12-27,20171227,2016,TV-MA,,1
s8611,Tracers,Movie,2019-10-22,20191022,2015,PG-13,94,
s8612,Traffic Signal,Movie,2019-12-31,20191231,2007,TV-MA,130,
s8613,Train of the Dead,Movie,2018-07-25,20180725,2007,TV-MA,88,
s8614,Train to Busan,Movie,2017-03-18,20170318,2016,TV-MA,118,
s8615,Trainspotting,Movie,2019-10-01,20191001,1996,R,94,
s8616,Traitor,Movie,2018-07-01,20180701,2008,PG-13,114,
s8617,Transcendence,Movie,2018-11-01,20181101,2014,PG-13,119,
s8618,Trash,Movie,2019-01-01,20190101,2014,R,114,
s8619,Trash Fire,Movie,2017-02-02,20170202,2016,R,94,
s8620,Treasures from the Wreck of the Unbelievable,Movie,2018-01-01,20180101,2017,TV-G,82,
s8621,Tree Man,Movie,2016-11-01,20161101,2015,TV-PG,82,
s8622,Tremors,Movie,2020-01-01,20200101,1990,PG-13,96,
s8623,Tremors 2: Aftershocks,Movie,2020-01-01,20200101,1995,PG-13,100,
s8624,Tremors 3: Back to Perfection,Movie,2020-01-01,20200101,2001,PG,104,
s8625,Tremors 4: The Legend Begins,Movie,2020-01-01,20200101,2004,PG-13,101,
s8626,Tremors 5:  Bloodline,Movie,2020-01-01,20200101,2015,PG-13,99,
s8627,Tremors 6: A Cold Day in Hell,Movie,2018-05-01,20180501,2018,PG-13,98,
s8628,Trespass Against Us,Movie,2019-02-22,20190222,2016,R,100,
s8629,"Trikal (Past, Present, Future)",Movie,2019-12-31,20191231,1985,TV-14,134,
s8630,Trimurti,Movie,2018-03-01,20180301,1995,TV-PG,173,
s8631,Trip to Bhangarh: Asia's Most Haunted Place,Movie,2017-11-01,20171101,2014,TV-MA,113,
s8632,Trixie Mattel: Moving Parts,Movie,2020-03-27,20200327,2019,TV-MA,91,
s8633,Trophy,Movie,2018-02-13,20180213,2017,TV-MA,110,
s8634,Trotsky,TV Show,2018-12-10,20181210,2017,TV-MA,,1
s8635,Troy: The Odyssey,Movie,2018-03-12,20180312,2017,TV-MA,90,
s8636,True Grit,Movie,2020-01-01,20200101,1969,G,128,
s8637,True to the Game,Movie,2018-03-01,20180301,2017,R,108,
s8638,Trumbo,Movie,2020-05-19,20200519,2015,R,124,
s8639,Tucker and Dale vs. Evil,Movie,2019-03-29,20190329,2010,R,89,
s8640,Tukaram,Movie,2018-02-15,20180215,2012,TV-PG,162,
s8641,Tunisian Victory,Movie,2017-03-31,20170331,1944,TV-14,76,
s8642,Turbo,Movie,2019-09-12,20190912,2013,PG,96,
s8643,Tusk,Movie,2018-07-24,20180724,2014,R,102,
s8644,Twice,Movie,2017-12-31,20171231,2010,TV-14,53,
s8645,Twin Peaks,TV Show,2017-07-01,20170701,1990,TV-14,,2
s8646,Twinsanity,Movie,2019-03-15,20190315,2018,TV-MA,86,
s8647,Twirlywoos,TV Show,2020-05-15,20200515,2018,TV-Y,,2
s8648,"Twisted Trunk, Big Fat Body",Movie,2017-01-15,20170115,2015,TV-14,89,
s8649,Two Graves,Movie,2019-05-01,20190501,2018,TV-MA,80,
s8650,Two Lovers and a Bear,Movie,2017-05-02,20170502,2016,R,95,
s8651,Tyke Elephant Outlaw,Movie,2015-12-01,20151201,2015,TV-14,78,
s8652,Tyson,Movie,2019-03-01,20190301,2008,R,90,
s8653,Ugly,Movie,2017-03-01,20170301,2013,NR,125,
s8654,Ugly Duckling,TV Show,2019-02-15,20190215,2015,TV-14,,4
s8655,Una,Movie,2018-04-01,20180401,2016,R,94,
s8656,Unaccompanied Minors,Movie,2019-10-01,20191001,2006,PG,90,
s8657,Unacknowledged,Movie,2017-08-21,20170821,2017,TV-MA,104,
s8658,Under an Arctic Sky,Movie,2017-12-15,20171215,2017,TV-14,40,
s8659,Under The Skin,Movie,2018-07-15,20180715,2013,R,108,
s8660,Undercover Grandpa,Movie,2017-11-01,20171101,2016,PG-13,94,
s8661,Undercover: How to Operate Behind Enemy Lines,Movie,2017-03-31,20170331,1943,TV-PG,61,
s8662,Unfinished Song,Movie,2019-07-22,20190722,2012,PG-13,94,
s8663,Union Leader,Movie,2019-12-31,20191231,2017,TV-14,105,
s8664,Unruly Friends,Movie,2019-06-20,20190620,2011,TV-14,83,
s8665,Up in the Air,Movie,2020-01-01,20200101,2009,R,110,
s8666,Urvi,Movie,2018-01-15,20180115,2017,TV-MA,121,
s8667,Used Goods,Movie,2019-09-01,20190901,2018,TV-14,95,
s8668,USS Indianapolis: Men of Courage,Movie,2019-09-25,20190925,2016,R,130,
s8669,V for Vendetta,Movie,2018-10-01,20181001,2005,R,132,
s8670,V.R. Troopers,TV Show,2016-01-01,20160101,1995,TV-G,,2
s8671,Vantage Point,Movie,2019-11-01,20191101,2008,PG-13,90,
s8672,Veerappan,Movie,2017-10-15,20171015,2016,TV-14,117,
s8673,Veerey Ki Wedding,Movie,2019-12-31,20191231,2018,TV-14,130,
s8674,Vegas Baby,Movie,2017-07-04,20170704,2016,TV-14,78,
s8675,Viceroy's House,Movie,2017-12-12,20171212,2017,NR,106,
s8676,Victor,Movie,2017-07-24,20170724,2015,PG-13,110,
s8677,Viking Destiny,Movie,2019-02-02,20190202,2018,R,91,
s8678,Vikings Unearthed,Movie,2017-03-01,20170301,2016,TV-PG,113,
s8679,Vincent N Roxxy,Movie,2017-09-02,20170902,2016,R,101,
s8680,ViR: The Robot Boy,TV Show,2018-03-31,20180331,2013,TV-Y7,,2
s8681,Viswasapoorvam Mansoor,Movie,2018-07-01,20180701,2017,TV-14,125,
s8682,Vitti Dandu,Movie,2017-07-15,20170715,2014,TV-14,116,
s8683,Vizontele Tuuba,Movie,2017-03-10,20170310,2004,NR,106,
s8684,Vodka Diaries,Movie,2019-12-31,20191231,2018,TV-14,113,
s8685,Vroomiz,TV Show,2017-08-01,20170801,2016,TV-Y,,3
s8686,VS.,Movie,2019-06-19,20190619,2018,TV-MA,99,
s8687,Waar,Movie,2017-07-01,20170701,2013,TV-MA,130,
s8688,Waarrior Savitri,Movie,2017-11-01,20171101,2016,TV-14,120,
s8689,Waiting,Movie,2018-05-01,20180501,2015,TV-MA,94,
s8690,Waiting...,Movie,2020-09-23,20200923,2005,R,94,
s8691,Wake Up,TV Show,2018-03-31,20180331,2017,TV-14,,2
s8692,Wakefield,Movie,2019-03-02,20190302,2016,R,109,
s8693,Walk with Me,Movie,2017-12-26,20171226,2017,TV-PG,94,
s8694,Walking Out,Movie,2019-10-01,20191001,2017,PG-13,96,
s8695,War,Movie,2019-04-01,20190401,2007,R,103,
s8696,War Chhod Na Yaar,Movie,2019-03-02,20190302,2013,TV-14,109,
s8697,War Horse,Movie,2019-05-06,20190506,2011,PG-13,147,
s8698,War on Everyone,Movie,2019-12-03,20191203,2016,R,98,
s8699,Warda,Movie,2019-04-18,20190418,2014,TV-14,73,
s8700,Warehoused,Movie,2017-11-01,20171101,2015,TV-14,92,
s8701,Wartime Portraits,TV Show,2016-09-15,20160915,2014,TV-MA,,1
s8702,Water & Power: A California Heist,Movie,2018-02-01,20180201,2017,PG,78,
s8703,Waterschool,Movie,2018-07-25,20180725,2018,TV-G,68,
s8704,We Are Your Friends,Movie,2020-01-27,20200127,2015,R,96,
s8705,We Belong Together,Movie,2019-07-16,20190716,2018,TV-14,83,
s8706,We Need to Talk,Movie,2016-09-01,20160901,2016,TV-MA,91,
s8707,We the Animals,Movie,2019-02-11,20190211,2018,R,93,
s8708,"We, the Marines",Movie,2018-07-01,20180701,2017,TV-PG,38,
s8709,We're No Animals,Movie,2017-08-15,20170815,2015,TV-MA,94,
s8710,Weather forecast,Movie,2019-10-01,20191001,1983,TV-MA,91,
s8711,Weeds,TV Show,2014-04-01,20140401,2012,TV-MA,,8
s8712,Weeds on Fire,Movie,2018-09-27,20180927,2016,TV-MA,95,
s8713,Weird Wonders of the World,TV Show,2017-03-31,20170331,2016,TV-PG,,2
s8714,Welcome 2 Karachi,Movie,2018-03-01,20180301,2015,TV-MA,124,
s8715,Welcome to Monster High: The Origin Story,Movie,2017-10-01,20171001,2016,TV-Y7,73,
s8716,Welcome to New York,Movie,2017-03-23,20170323,2014,R,108,
s8717,Welcome to Willits,Movie,2018-02-06,20180206,2017,TV-MA,84,
s8718,Westerplatte Resists,Movie,2019-10-01,20191001,1967,TV-MA,93,
s8719,Westside vs. the World,Movie,2019-08-09,20190809,2019,TV-MA,96,
s8720,What a Wonderful Family!,Movie,2018-07-01,20180701,2017,TV-14,102,
s8721,What Happens to My Family,TV Show,2017-05-05,20170505,2016,TV-14,,1
s8722,What Is Love?,TV Show,2017-01-01,20170101,2012,TV-14,,1
s8723,What Lies Beneath,Movie,2020-01-01,20200101,2000,PG-13,130,
s8724,What Makes a Psychopath?,Movie,2019-02-01,20190201,2017,TV-14,52,
s8725,What Still Remains,Movie,2018-12-21,20181221,2018,TV-14,91,
s8726,What's Up With Love?,Movie,2018-12-08,20181208,2002,R,110,
s8727,When Calls the Heart,TV Show,2018-12-29,20181229,2017,TV-PG,,5
s8728,When Hari Got Married,Movie,2016-12-25,20161225,2013,NR,75,
s8729,When Two Worlds Collide,Movie,2016-11-30,20161130,2016,TV-14,103,
s8730,Where the Money Is,Movie,2020-01-15,20200115,2000,PG-13,89,
s8731,Where's the Money,Movie,2018-01-22,20180122,2017,R,86,
s8732,While We're Young,Movie,2017-10-23,20171023,2015,R,97,
s8733,White Chamber,Movie,2019-08-01,20190801,2018,TV-MA,89,
s8734,White Island,Movie,2017-09-25,20170925,2016,TV-MA,91,
s8735,Who the F**k Is That Guy?,Movie,2017-09-01,20170901,2017,TV-MA,78,
s8736,Who's That Knocking at My Door?,Movie,2019-07-01,20190701,1967,R,90,
s8737,Who's the One,TV Show,2017-01-01,20170101,2011,TV-14,,1
s8738,Why Are We Getting So Fat?,Movie,2019-02-01,20190201,2016,TV-14,50,
s8739,Why Knot,Movie,2017-10-15,20171015,2016,TV-MA,84,
s8740,Why We Fight: The Battle of Russia,Movie,2017-03-31,20170331,1943,TV-PG,82,
s8741,Wild Alaska,TV Show,2017-03-31,20170331,2015,TV-PG,,1
s8742,Wild Arabia,TV Show,2017-03-31,20170331,2013,TV-PG,,1
s8743,Wild Wild West,Movie,2020-01-01,20200101,1999,PG-13,106,
s8744,Wildlife,Movie,2020-09-01,20200901,2018,PG-13,105,
s8745,Williams,Movie,2017-11-04,20171104,2017,TV-MA,105,
s8746,Willy Wonka & the Chocolate Factory,Movie,2020-01-01,20200101,1971,G,100,
s8747,Winnie,Movie,2018-02-26,20180226,2017,TV-14,85,
s8748,Winsanity,TV Show,2018-12-15,20181215,2016,TV-G,,1
s8749,Winter of Our Dreams,Movie,2016-11-01,20161101,1981,NR,86,
s8750,Winter Sun,TV Show,2017-08-01,20170801,2014,TV-MA,,1
s8751,Winter's Bone,Movie,2019-03-01,20190301,2010,R,100,
s8752,Wish I Was Here,Movie,2018-08-16,20180816,2014,R,106,
s8753,Wish Man,Movie,2019-12-03,20191203,2019,TV-14,108,
s8754,Withdrawn,Movie,2018-05-01,20180501,2017,TV-MA,74,
s8755,Wolves,Movie,2019-03-29,20190329,2016,R,109,
s8756,Women Behind Bars,TV Show,2016-11-01,20161101,2010,TV-14,,3
s8757,Woodstock,Movie,2019-08-13,20190813,2019,TV-MA,97,
s8758,World Trade Center,Movie,2019-11-20,20191120,2006,PG-13,129,
s8759,World's Busiest Cities,TV Show,2019-02-01,20190201,2017,TV-PG,,1
s8760,World's Weirdest Homes,Movie,2019-02-01,20190201,2015,TV-PG,49,
s8761,Would You Rather,Movie,2019-06-05,20190605,2013,TV-MA,93,
s8762,Wrong No.,Movie,2017-07-01,20170701,2015,TV-14,133,
s8763,Wrong Side Raju,Movie,2017-10-01,20171001,2016,TV-MA,140,
s8764,WWII: Report from the Aleutians,Movie,2017-03-31,20170331,1943,TV-PG,45,
s8765,Wyatt Earp,Movie,2020-01-01,20200101,1994,PG-13,191,
s8766,XX,Movie,2017-06-22,20170622,2017,R,81,
s8767,XXx,Movie,2019-01-01,20190101,2002,PG-13,124,
s8768,XXX: State of the Union,Movie,2019-01-01,20190101,2005,PG-13,101,
s8769,Y Tu Mamá También,Movie,2017-06-01,20170601,2001,R,106,
s8770,Y.M.I.: Yeh Mera India,Movie,2018-03-01,20180301,2008,TV-MA,137,
s8771,Yaadein,Movie,2018-03-01,20180301,2001,TV-14,171,
s8772,Yaara O Dildaara,Movie,2017-11-01,20171101,2011,TV-14,132,
s8773,Yamla Pagla Deewana 2,Movie,2017-05-01,20170501,2013,TV-14,147,
s8774,Yanda Kartavya Aahe,Movie,2018-01-01,20180101,2006,TV-PG,151,
s8775,يوم الدين,Movie,2019-10-22,20191022,2018,TV-14,97,
s8776,Yeh Meri Family,TV Show,2018-08-31,20180831,2018,TV-PG,,1
s8777,Yellowbird,Movie,2015-08-05,20150805,2014,PG,90,
s8778,Yes or No,Movie,2018-12-06,20181206,2010,TV-PG,111,
s8779,Yes or No 2,Movie,2018-11-08,20181108,2012,TV-PG,112,
s8780,Yes or No 2.5,Movie,2018-11-08,20181108,2015,TV-PG,107,
s8781,Yo-Kai Watch,TV Show,2016-04-01,20160401,2015,TV-Y7,,1
s8782,Yo-Kai Watch: The Movie,Movie,2016-12-01,20161201,2016,TV-Y7,96,
s8783,Yoga Hosers,Movie,2016-12-02,20161202,2016,PG-13,88,
s8784,Yoko,TV Show,2018-06-23,20180623,2016,TV-Y,,1
s8785,Yoko and His Friends,Movie,2018-06-23,20180623,2015,TV-Y,78,
s8786,YOM,TV Show,2018-06-07,20180607,2016,TV-Y7,,1
s8787,You Can Tutu,Movie,2017-12-31,20171231,2017,TV-G,87,
s8788,You Can’t Fight Christmas,Movie,2017-12-19,20171219,2017,TV-PG,85,
s8789,You Carry Me,Movie,2016-07-01,20160701,2015,TV-MA,157,
s8790,You Changed My Life,Movie,2019-02-27,20190227,2009,TV-PG,116,
s8791,You Don't Mess with the Zohan,Movie,2019-09-01,20190901,2008,UR,113,
s8792,Young Adult,Movie,2019-11-20,20191120,2011,R,94,
s8793,Young Tiger,Movie,2016-11-01,20161101,1973,NR,81,
s8794,"Yours, Mine and Ours",Movie,2019-11-20,20191120,2005,PG,88,
s8795,اشتباك,Movie,2018-10-11,20181011,2016,TV-14,98,
s8796,Yu-Gi-Oh! Arc-V,TV Show,2018-05-01,20180501,2015,TV-Y7,,2
s8797,Yunus Emre,TV Show,2017-01-17,20170117,2016,TV-PG,,2
s8798,Zak Storm,TV Show,2018-09-13,20180913,2016,TV-Y7,,3
s8799,Zed Plus,Movie,2019-12-31,20191231,2014,TV-MA,131,
s8800,Zenda,Movie,2018-02-15,20180215,2009,TV-14,120,
s8801,Zindagi Gulzar Hai,TV Show,2016-12-15,20161215,2012,TV-PG,,1
s8802,Zinzana,Movie,2016-03-09,20160309,2015,TV-MA,96,
s8803,Zodiac,Movie,2019-11-20,20191120,2007,R,158,
s8804,Zombie Dumb,TV Show,2019-07-01,20190701,2018,TV-Y7,,2
s8805,Zombieland,Movie,2019-11-01,20191101,2009,R,88,
s8806,Zoom,Movie,2020-01-11,20200111,2006,PG,88,
s8807,Zubaan,Movie,2019-03-02,20190302,2015,TV-14,111,
